# Blender 5.1.0
# www.blender.org
mtllib subaru.mtl
o RR22B_Body_Plane.021
v 0.640234 0.269196 1.963334
v 0.618261 0.220655 1.963334
v 0.556270 0.402303 1.963334
v 0.502993 0.403130 1.963334
v 0.628151 0.285744 1.963334
v 0.593358 0.368821 1.963334
v 0.565699 0.384790 1.963334
v 0.493021 0.386395 1.963334
v 0.462582 0.368821 1.963334
v 0.616067 0.341757 1.963334
v 0.628151 0.308558 1.963334
v 0.438487 0.218857 1.963334
v 0.415467 0.266869 1.963334
v 0.489770 0.196173 1.963334
v 0.527970 0.189168 1.963334
v 0.598363 0.218932 1.963334
v 0.458770 0.217511 1.963334
v 0.427790 0.308558 1.963334
v 0.439873 0.341757 1.963334
v 0.566171 0.196173 1.963334
v 0.427790 0.284674 1.963334
v 0.000000 1.255105 -1.069061
v 0.000000 0.941766 -1.625102
v 0.367298 1.226904 0.149720
v 0.505001 1.212683 0.121311
v 0.190978 1.236259 0.169099
v 0.000000 1.237938 0.174095
v 0.341756 1.291703 -0.305805
v 0.467923 1.276843 -0.307760
v 0.171233 1.298907 -0.300485
v 0.000000 1.301577 -0.296731
v 0.333995 1.290980 -0.857962
v 0.466114 1.275557 -0.834759
v 0.167140 1.297005 -0.876228
v 0.164646 1.305910 -0.601697
v 0.000000 1.308270 -0.601884
v 0.332430 1.298206 -0.599012
v 0.461377 1.282434 -0.587695
v 0.180718 1.279096 -0.028984
v 0.000000 1.281430 -0.021970
v 0.354327 1.270351 -0.040959
v 0.479350 1.256090 -0.053916
v 0.344990 1.244836 -1.036883
v 0.170318 1.253355 -1.059153
v 0.478568 1.230005 -1.000504
v 0.402107 0.864254 0.842643
v 0.685202 0.857541 0.720106
v 0.216049 0.867835 0.873245
v 0.000000 0.871680 0.878241
v 0.567273 0.861034 0.789985
v 0.368599 0.592285 1.974857
v 0.678794 0.619543 1.865399
v 0.216046 0.602519 1.990793
v 0.000000 0.605066 1.995789
v 0.567271 0.614968 1.910992
v 0.678793 0.479987 1.903739
v 0.567269 0.479987 1.941314
v 0.746218 0.613449 1.804740
v 0.753194 0.479968 1.846309
v 0.784735 0.605593 1.753853
v 0.798304 0.485365 1.757233
v 0.806679 0.563267 1.727936
v 0.418907 0.686767 1.802971
v 0.447842 0.683278 1.793863
v 0.216048 0.694464 1.821235
v 0.694567 0.694549 1.673133
v 0.601959 0.829511 0.918154
v 0.722049 0.828412 0.826999
v 0.411019 0.832511 0.970997
v 0.216047 0.836652 0.999760
v 0.703438 0.453356 2.006891
v 0.567269 0.453362 2.059166
v 0.802904 0.453823 1.906481
v 0.376640 0.453362 2.100266
v 0.207604 0.453362 2.116194
v 0.299046 0.468576 2.019605
v 0.347686 0.479988 1.981264
v 0.211564 0.465983 2.041058
v 0.216047 0.762433 1.534865
v 0.709071 0.754733 1.378167
v 0.703437 0.172170 2.006891
v 0.567268 0.172170 2.059166
v 0.802904 0.172179 1.906481
v 0.376640 0.172170 2.100266
v 0.207603 0.172170 2.116194
v 0.859054 0.172536 1.586645
v 0.697150 0.113347 2.006891
v 0.567268 0.113347 2.059166
v 0.794140 0.113356 1.906481
v 0.376639 0.113347 2.100266
v 0.207603 0.113347 2.116195
v 0.845908 0.113713 1.587824
v 0.581594 0.800813 1.150949
v 0.715560 0.797533 1.102584
v 0.560295 0.800430 1.156143
v 0.736282 0.662021 1.673135
v 0.736327 0.743998 1.378168
v 0.753331 0.768614 1.102585
v 0.794512 0.635287 1.673136
v 0.883943 0.703838 1.378170
v 0.889116 0.722407 1.102587
v 0.905905 0.656876 1.322531
v 0.906138 0.656876 1.087979
v 0.906022 0.675139 1.205255
v 0.905905 0.603874 1.428327
v 0.879555 0.301993 1.579810
v 0.391978 0.588423 1.953357
v 0.596885 0.766109 1.429229
v 0.489738 0.740196 1.575921
v 0.517667 0.773074 1.410196
v 0.547705 0.738166 1.561017
v 0.576217 0.741410 1.535862
v 0.316392 0.743729 1.593524
v 0.336645 0.737907 1.614369
v 0.602442 0.772013 1.390174
v 0.341136 0.772308 1.451982
v 0.319437 0.800599 1.220432
v 0.276286 0.813403 1.141876
v 0.296202 0.776360 1.366479
v 0.280422 0.774939 1.378472
v 0.306160 0.808072 1.170643
v 0.268541 0.841389 1.298988
v 0.376640 0.431853 2.100266
v 0.207603 0.431853 2.116194
v 0.000000 0.431853 2.121606
v 0.432272 0.431853 2.088271
v 0.301155 0.819761 1.239368
v 0.288563 0.826823 1.315333
v 0.273002 0.840636 1.208491
v 0.000000 0.847187 1.199212
v 0.825609 0.700952 0.728603
v 0.722048 0.854536 0.716358
v 0.714167 0.894824 0.501787
v 0.814220 0.202266 0.729020
v 0.833196 0.302640 0.748137
v 0.847275 0.599781 0.749899
v 0.825607 0.735366 -0.549232
v 0.833195 0.302640 -0.518532
v 0.814219 0.200385 -0.449084
v 0.823706 0.233585 -0.492771
v 0.847273 0.619041 -0.556614
v 0.744151 0.839818 0.503384
v 0.750225 0.866250 -0.466470
v 0.591242 1.154749 0.076845
v 0.562988 1.208036 -0.310122
v 0.568602 1.203226 -0.806843
v 0.560874 1.217066 -0.578755
v 0.572864 1.190683 -0.075592
v 0.594104 1.157252 -0.910971
v 0.896379 0.521322 0.898222
v 0.876748 0.301993 0.825741
v 0.870859 0.151441 0.815970
v 0.884660 0.417301 0.844316
v 0.906137 0.603874 0.982182
v 0.477375 0.924191 -1.548339
v 0.184356 0.939265 -1.617147
v 0.725849 0.888943 -1.191275
v 0.348063 0.930575 -1.592294
v 0.624209 0.911383 -1.423200
v 0.596730 0.916666 -1.479006
v 0.499958 1.260255 -0.826935
v 0.511853 1.209366 -0.986229
v 0.516531 1.241680 -0.061170
v 0.505778 1.260911 -0.307759
v 0.539279 1.200845 0.107843
v 0.500468 1.267351 -0.583708
v 0.633502 0.901988 -1.490913
v 0.000000 0.905790 -2.053763
v 0.477372 0.895608 -2.042474
v 0.333404 0.902716 -2.050162
v 0.585711 0.887081 -2.022628
v 0.692947 0.889060 -1.735607
v 0.762784 0.822807 -1.235062
v 0.773046 0.814170 -1.540858
v 0.794195 0.787053 -0.892146
v 0.884896 0.784569 -1.235060
v 0.873696 0.758852 -0.892144
v 0.585711 0.774889 -2.083478
v 0.842731 0.150635 0.722644
v 0.842729 0.151313 -0.449083
v 0.000000 0.774405 -2.114245
v 0.477369 0.774363 -2.098750
v 0.333401 0.774394 -2.110379
v 0.726449 0.890511 -1.191740
v 0.735162 0.877664 -0.884261
v 0.901408 0.688960 -1.273562
v 0.901393 0.618796 -1.489506
v 0.901401 0.618796 -1.057617
v 0.901400 0.537518 -0.976340
v 0.894288 0.622346 -0.848325
v 0.861393 0.308832 -0.758023
v 0.877209 0.321574 -0.899078
v 0.865651 0.106085 -0.895333
v 0.901391 0.537518 -1.570783
v 0.774884 0.546091 -1.862115
v 0.779851 0.587688 -1.862115
v 0.771959 0.711239 -1.874632
v 0.585751 0.754763 -2.083477
v 0.752913 0.739799 -1.933799
v 0.725586 0.752707 -1.994110
v 0.791920 0.646085 -1.819412
v 0.786863 0.595935 -1.836140
v 0.786863 0.666746 -1.832126
v 0.585690 0.546091 -2.072434
v 0.724479 0.546090 -1.994098
v 0.726963 0.587688 -1.994098
v 0.355971 0.546090 -2.102779
v 0.381492 0.721497 -2.106542
v 0.431829 0.754763 -2.102436
v 0.403881 0.745520 -2.104714
v 0.602460 0.514949 -2.163751
v 0.754922 0.514949 -2.029433
v 0.357306 0.514949 -2.190987
v 0.000000 0.546090 -2.102778
v 0.000000 0.514949 -2.198521
v 0.660193 0.587688 -2.052917
v 0.663374 0.753702 -2.056124
v 0.659644 0.546090 -2.052542
v 0.691924 0.514949 -2.113958
v 0.901389 0.515588 -1.617277
v 0.602460 0.477268 -2.163750
v 0.754922 0.477268 -2.029432
v 0.357306 0.477268 -2.190986
v 0.000000 0.477268 -2.198520
v 0.691924 0.477268 -2.113957
v 0.296767 0.431039 -2.146355
v 0.895680 0.435103 -1.622966
v 0.866569 0.477537 -1.770723
v 0.871306 0.468205 -1.755072
v 0.847934 0.266384 -1.763163
v 0.901388 0.476732 -1.608796
v 0.819656 0.291409 -1.874931
v 0.602457 0.296643 -2.135483
v 0.754919 0.293939 -2.014353
v 0.000000 0.453967 -2.144305
v 0.691921 0.296642 -2.092598
v 0.853029 0.209461 -1.653695
v 0.725748 0.733279 -1.994108
v 0.661597 0.660969 -2.054333
v 0.713587 0.752899 -2.006071
v 0.753676 0.587688 -1.927433
v 0.751287 0.613872 -1.935423
v 0.743989 0.636965 -1.953090
v 0.868641 0.515225 -1.767962
v 0.819653 0.236167 -1.892373
v 0.847933 0.218410 -1.769703
v 0.777902 0.153060 -1.653064
v 0.733416 0.182669 -1.892371
v 0.759565 0.164912 -1.769700
v 0.602456 0.211162 -2.073078
v 0.664940 0.201179 -2.043127
v 0.462895 0.211162 -2.073077
v 0.454438 0.276874 -2.153941
v 0.435028 0.294401 -2.159425
v 0.296768 0.431039 -2.189535
v 0.281215 0.454635 -2.191255
v 0.276542 0.296643 -2.164421
v 0.281214 0.454635 -2.144373
v 0.700364 0.194054 -1.992066
v 0.561582 1.211446 -0.439682
v 0.280422 0.788144 1.270183
v 0.819937 0.232506 0.636106
v 0.820768 0.196595 -0.674251
v 0.725586 0.774889 -1.994108
v 0.663374 0.774889 -2.056123
v 0.683989 0.885462 -1.939262
v 0.639332 0.885462 -2.001280
v 0.870859 0.105664 0.814858
v 0.854823 0.105663 0.722645
v 0.854822 0.105664 -0.449082
v 0.493385 0.737064 1.590154
v 0.554846 0.734765 1.574317
v 0.590006 0.739022 1.543367
v 0.611682 0.764775 1.431461
v 0.314335 0.761741 1.518404
v 0.300370 0.743678 1.598472
v 0.331719 0.734691 1.630743
v 0.467782 0.735415 1.596582
v 0.536991 0.776656 1.390447
v 0.514210 0.775806 1.395836
v 0.620310 0.773829 1.370734
v 0.328031 0.774883 1.439885
v 0.323684 0.753336 1.551835
v 0.327451 0.758299 1.530298
v 0.589342 0.757095 1.468143
v 0.585154 0.752090 1.489755
v 0.828885 0.154164 -0.757901
v 0.565473 1.160236 -2.128152
v 0.565473 1.160236 -1.931095
v 0.676653 0.958460 -2.018350
v 0.676653 0.969277 -1.716367
v 0.598528 0.896003 -1.733134
v 0.657872 0.928561 -1.709604
v 0.657872 0.914589 -2.012870
v 0.585402 0.908759 -2.026966
v 0.587016 0.897029 -1.746412
v 0.333497 0.912232 -1.858398
v 0.585403 0.886434 -2.016565
v 0.642048 0.931585 -2.021948
v 0.638468 0.933392 -1.719882
v 0.549048 1.151770 -1.921865
v 0.551550 1.150668 -2.123066
v 0.562738 1.129089 -1.980629
v 0.560141 1.134962 -2.081786
v 0.493281 0.901838 -1.844542
v 0.655612 0.958460 -2.020912
v 0.546370 1.160236 -2.128151
v 0.656540 0.969277 -1.722933
v 0.544062 1.160236 -1.931093
v 0.698709 0.219295 1.991026
v 0.320231 0.214371 2.081180
v 0.207601 0.214371 2.088141
v 0.703434 0.406932 2.006859
v 0.446040 0.407141 2.058723
v 0.351795 0.233282 2.078001
v 0.809903 0.405535 1.861652
v 0.796430 0.405393 1.906480
v 0.818997 0.203490 1.742489
v 0.000000 0.431853 1.966927
v 0.432271 0.431853 1.966927
v 0.446039 0.407141 1.966863
v 0.000000 0.214371 1.966864
v 0.320230 0.214371 1.966863
v 0.351794 0.233282 1.966863
v 0.447379 0.406923 2.085015
v 0.810018 0.368476 1.836494
v 0.697823 0.227799 1.989954
v 0.812358 0.394424 1.844120
v 0.640235 0.269196 2.020225
v 0.628150 0.285744 2.025201
v 0.618262 0.220655 2.027126
v 0.598363 0.218932 2.035851
v 0.616067 0.341757 2.032404
v 0.628150 0.308558 2.026489
v 0.593358 0.368821 2.041527
v 0.570786 0.406931 2.056468
v 0.570083 0.406931 2.051464
v 0.633021 0.227143 2.020912
v 0.565699 0.384789 2.051450
v 0.601753 0.388999 2.039858
v 0.566171 0.196173 2.053700
v 0.621707 0.368007 2.031999
v 0.527970 0.189168 2.063601
v 0.556271 0.402303 2.052215
v 0.502994 0.403130 2.055342
v 0.493021 0.386395 2.055722
v 0.489770 0.196173 2.070173
v 0.439872 0.341757 2.061973
v 0.462581 0.368821 2.057873
v 0.458769 0.217511 2.063450
v 0.649201 0.303681 2.020112
v 0.438487 0.218857 2.066131
v 0.427789 0.284673 2.065725
v 0.415468 0.266869 2.068064
v 0.427789 0.308558 2.064846
v 0.318783 0.431853 1.966927
v 0.900058 0.479748 1.530394
v 0.528343 0.385303 1.954777
v 0.528343 0.385303 2.021353
v 0.496310 0.379655 2.027392
v 0.468141 0.363392 2.032703
v 0.447233 0.338475 2.036645
v 0.436108 0.307909 2.038742
v 0.436108 0.275382 2.038742
v 0.447233 0.244817 2.036645
v 0.468141 0.219900 2.032703
v 0.496310 0.203637 2.027392
v 0.528343 0.197988 2.021353
v 0.560376 0.203637 2.015314
v 0.588544 0.219900 2.010003
v 0.609452 0.244817 2.006061
v 0.620577 0.275382 2.003964
v 0.620577 0.307909 2.003964
v 0.609452 0.338474 2.006061
v 0.588544 0.363392 2.010003
v 0.560376 0.379655 2.015314
v 0.528343 0.376984 2.021353
v 0.499156 0.371837 2.026856
v 0.473489 0.357018 2.031695
v 0.454438 0.334315 2.035287
v 0.444301 0.306465 2.037198
v 0.444301 0.276827 2.037198
v 0.454438 0.248977 2.035287
v 0.473489 0.226273 2.031695
v 0.499156 0.211454 2.026856
v 0.528343 0.206308 2.021353
v 0.557530 0.211454 2.015850
v 0.583197 0.226273 2.011011
v 0.602248 0.248977 2.007419
v 0.612384 0.276827 2.005508
v 0.612384 0.306465 2.005508
v 0.602248 0.334315 2.007419
v 0.583197 0.357018 2.011011
v 0.557530 0.371837 2.015850
v 0.528342 0.344269 2.029086
v 0.494517 0.331957 2.035463
v 0.476518 0.300784 2.038856
v 0.482768 0.265334 2.037678
v 0.510344 0.242196 2.032479
v 0.546340 0.242196 2.025692
v 0.573915 0.265334 2.020494
v 0.580165 0.300784 2.019315
v 0.562167 0.331957 2.022708
v 0.528341 0.291646 2.031843
v 0.209022 0.480899 2.032297
v 0.287485 0.483694 2.019024
v 0.804869 0.344570 1.843340
v 0.701856 0.344282 2.001573
v 0.701416 0.326792 2.000097
v 0.786416 0.327094 1.901095
v 0.788294 0.344490 1.902292
v 0.799638 0.327134 1.852675
v 0.643668 0.326562 2.022314
v 0.637291 0.344084 2.025436
v 0.760497 0.453598 1.965901
v 0.749512 0.326925 1.967566
v 0.758638 0.172175 1.968278
v 0.738779 0.219024 1.965724
v 0.753039 0.113351 1.965750
v 0.751364 0.344376 1.967868
v 0.758006 0.406183 1.969068
v 0.687033 0.226636 1.969952
v 0.633020 0.227143 1.992010
v 0.649200 0.303681 1.991210
v 0.649424 0.273997 1.990401
v 0.692144 0.326791 1.974451
v 0.770648 0.327023 1.891590
v 0.793758 0.327077 1.847428
v 0.643667 0.326562 1.993412
v 0.739256 0.326585 1.942083
v 0.349814 0.581959 1.945152
v 0.212470 0.590135 1.945156
v 0.206147 0.492975 1.945166
v 0.000000 0.493213 1.945167
v 0.276787 0.495208 1.945163
v 0.715162 0.618404 1.836967
v 0.717507 0.479981 1.882880
v 0.798436 0.588776 1.734727
v 0.477374 0.754763 -2.098747
v 0.781447 0.273870 1.898268
v 0.738480 0.236378 1.966819
v 0.782702 0.218301 1.893614
v 0.730903 0.234790 1.940673
v 0.773989 0.274283 1.885834
v 0.643393 0.246166 1.990715
v 0.643509 0.246480 2.019598
v 0.649425 0.273997 2.018163
v 0.703435 0.406932 1.976712
v 0.797081 0.405540 1.847330
v 0.782275 0.405555 1.888429
v 0.800273 0.368476 1.826817
v 0.801136 0.394424 1.834059
v 0.570084 0.406932 2.021317
v 0.601755 0.388999 2.009711
v 0.621709 0.368007 2.001852
v 0.793065 0.344570 1.835033
v 0.701858 0.344282 1.971426
v 0.774911 0.344458 1.889618
v 0.637292 0.344084 1.995289
v 0.742261 0.344359 1.943920
v 0.748200 0.406318 1.945713
v 0.475094 0.113713 1.587902
v 0.475097 0.336823 0.872022
v 0.475097 0.344871 1.547092
v 0.475100 0.526703 0.951114
v 0.475100 0.534751 1.460921
v 0.475102 0.654657 1.206017
v 0.753885 0.825284 -1.763824
v 0.586650 0.830737 -2.061242
v 0.477722 0.835025 -2.080059
v 0.332287 0.838850 -2.090411
v 0.657682 0.829870 -2.035144
v 0.714944 0.829870 -1.968685
v 0.443736 0.235227 -2.000693
v 0.475098 0.147659 -1.631913
v 0.475102 0.620866 -0.914034
v 0.475104 0.646334 -1.614835
v 0.851628 0.674098 0.811448
v 0.849878 0.690918 0.820058
v 0.853450 0.696396 0.840715
v 0.866555 0.695151 0.895999
v 0.872577 0.688763 0.915814
v 0.877839 0.671609 0.922018
v 0.879588 0.654789 0.913408
v 0.876015 0.649314 0.892752
v 0.862910 0.650559 0.837468
v 0.856889 0.656944 0.817652
v 0.755907 0.794928 0.693420
v 0.744175 0.831669 0.679664
v 0.741092 0.870439 -0.547501
v 0.543633 1.244978 -0.307758
v 0.553712 1.227270 -0.068425
v 0.560474 1.215515 -0.520957
v 0.573558 1.189008 0.094374
v 0.504005 1.242894 -0.901858
v 0.576578 1.185651 -0.856743
v 0.469532 1.258895 -0.915135
v 0.215327 0.810502 0.964827
v 0.408465 0.806201 0.939467
v 0.592580 0.804228 0.884791
v 0.694670 0.803995 0.808277
v 0.497266 0.910589 -1.585548
v 0.188376 0.925596 -1.666759
v 0.361853 0.917418 -1.635194
v 0.550673 1.237984 -0.815547
v 0.542633 1.252268 -0.579722
v 0.560653 1.217567 -0.874367
v 0.718155 0.893574 -1.235063
v 0.579828 1.185670 -0.934914
v 0.741450 0.855872 -1.221195
v 0.762451 0.827430 -0.511074
v 0.755795 0.837183 -0.885745
v 0.541826 1.249500 -0.478612
v 0.567270 0.575696 1.930563
v 0.567271 0.596517 1.923882
v 0.749009 0.576244 1.841830
v 0.747791 0.596310 1.831290
v 0.777708 0.590222 1.783563
v 0.777866 0.569247 1.791226
v 0.380089 0.560314 1.964249
v 0.678794 0.580993 1.898926
v 0.678794 0.601700 1.889027
v 0.716239 0.599740 1.863420
v 0.716810 0.579644 1.874311
v 0.901084 0.670979 -1.160033
v 0.900766 0.670979 -1.387090
v 0.751017 0.247512 1.916002
v 0.760756 0.250335 1.926652
v 0.307860 0.784200 1.323990
v 0.779797 0.757416 0.932605
v 0.865527 0.720516 0.920969
v 0.781900 0.775806 -1.804646
v 0.868942 0.470385 0.757499
v 0.865942 0.502064 0.756543
v 0.873689 0.486362 0.772872
v 0.868940 0.486713 -0.548069
v 0.866013 0.518430 -0.550987
v 0.897681 0.520909 -0.826023
v 0.898183 0.489155 -0.819839
v 0.898583 0.504569 -0.838481
v 0.475098 0.110164 -0.924130
v 0.475094 0.105664 0.814703
v 0.868518 0.444124 -1.756037
v 0.602459 0.431039 -2.156515
v 0.691923 0.431039 -2.108491
v 0.862539 0.431039 -1.768531
v 0.754921 0.431039 -2.025630
v 0.376954 0.431039 -2.183007
v 0.735987 0.652328 -1.972920
v 0.726351 0.661083 -1.994103
v 0.333495 0.920237 -2.047280
v 0.168389 0.930940 -2.047279
v 0.162749 0.936693 -2.047279
v 0.162748 0.915081 -2.047278
v 0.168389 0.920693 -2.047278
v 0.333495 0.902571 -2.047278
v 0.475985 0.913108 -2.037114
v 0.477089 0.893818 -2.037434
v 0.585717 0.660835 -2.077268
v 0.359065 0.587688 -2.102780
v 0.585691 0.587688 -2.072434
v 0.512875 0.600392 -2.083421
v 0.521595 0.608835 -2.082745
v 0.375252 0.608759 -2.102436
v 0.382432 0.600400 -2.100805
v 0.389263 0.647761 -2.103646
v 0.379676 0.639384 -2.104313
v 0.371262 0.660458 -2.107340
v 0.522804 0.639600 -2.084354
v 0.514758 0.648026 -2.085975
v 0.210756 0.942981 -2.021176
v 0.178029 0.903382 -2.047278
v 0.196788 0.946761 -2.036243
v 0.256157 0.914483 -1.860405
v 0.196181 0.922371 -2.047278
v 0.165091 0.950434 -2.047280
v 0.225122 0.922542 -2.021176
v 0.212917 0.922761 -2.039587
v 0.290368 1.160236 -1.939213
v 0.300030 1.129089 -1.988748
v 0.291522 1.160236 -2.136270
v 0.292862 1.151770 -1.929985
v 0.298732 1.134962 -2.089905
v 0.294112 1.150668 -2.131185
v 0.535914 0.660748 -2.084252
v 0.531816 0.587688 -2.079648
v 0.857487 0.782623 -1.540857
v 0.280422 0.783442 1.308742
v 0.000000 0.784942 1.313476
v 0.496310 0.379655 1.954777
v 0.468141 0.363392 1.954777
v 0.447233 0.338475 1.954777
v 0.436108 0.307909 1.954777
v 0.436108 0.275382 1.954777
v 0.447233 0.244817 1.954777
v 0.468141 0.219900 1.954777
v 0.496310 0.203637 1.954777
v 0.528343 0.197988 1.954777
v 0.560376 0.203637 1.954777
v 0.588544 0.219900 1.954777
v 0.609452 0.244817 1.954777
v 0.620577 0.275382 1.954777
v 0.620577 0.307909 1.954777
v 0.609452 0.338474 1.954777
v 0.588544 0.363392 1.954777
v 0.560376 0.379655 1.954777
v 0.841885 0.661568 -0.418447
v 0.832319 0.709326 -0.284377
v 0.830196 0.720456 -0.292219
v 0.838522 0.676883 -0.295875
v 0.840721 0.665268 -0.311380
v 0.831565 0.713287 -0.460944
v 0.829501 0.724366 -0.450980
v 0.840112 0.667526 -0.437221
v 0.834555 0.697214 -0.458510
v 0.837733 0.680188 -0.451013
v 0.834629 0.698320 -0.419907
v 0.834574 0.697534 -0.288556
v 0.838463 0.678900 -0.419136
v 0.836334 0.688451 -0.306788
v 0.836467 0.688893 -0.405442
v 0.832165 0.710782 -0.412497
v 0.831205 0.715612 -0.403741
v 0.831479 0.713798 -0.301914
v 0.832486 0.708495 -0.293668
v 0.833670 0.704620 -0.451057
v 0.832164 0.712322 -0.448008
v 0.831540 0.715657 -0.440303
v 0.832164 0.712672 -0.432456
v 0.833670 0.705116 -0.429063
v 0.835176 0.697414 -0.432112
v 0.835800 0.694079 -0.439817
v 0.835176 0.697064 -0.447664
v 0.244330 0.822212 1.082911
v 0.238454 0.824572 1.059356
v 0.243015 0.833338 1.059356
v 0.252271 0.821995 1.082911
v 0.258390 0.824103 1.059356
v 0.253586 0.833338 1.059356
v 0.892280 0.415394 1.560222
v 0.902843 0.521322 1.512287
v 0.892502 0.435103 -0.924157
v 0.875647 0.319902 -1.648415
v 0.000000 0.744711 -2.112542
v 0.339902 0.761261 -2.109106
v 0.345548 0.756365 -2.108915
v 0.339925 0.744713 -2.108942
v 0.345556 0.749392 -2.108899
v 0.791920 0.615391 -1.817789
v 0.556621 1.176300 -2.136893
v 0.537519 1.176300 -2.136893
v 0.911305 0.971145 0.443768
v 0.937725 0.942952 0.433798
v 0.912861 0.846938 0.447285
v 0.938618 0.875130 0.435818
v 0.787687 0.976296 0.494555
v 0.761929 0.948104 0.506023
v 0.789243 0.836428 0.498073
v 0.762823 0.879130 0.508043
v 0.916446 0.962806 0.477124
v 0.939878 0.933865 0.469939
v 0.921330 0.855416 0.488778
v 0.941650 0.884356 0.474118
v 0.814344 0.967260 0.520748
v 0.790886 0.942885 0.531151
v 0.815759 0.844997 0.541771
v 0.801933 0.886692 0.557904
v 0.836277 0.936206 0.544511
v 0.846349 0.889729 0.542062
v 0.914056 0.931767 0.504349
v 0.915884 0.888930 0.505288
v 0.771632 0.841767 0.556076
v 0.758039 0.870134 0.569118
v 0.739952 0.877900 0.512094
v 0.868519 0.848758 0.518848
v 0.848610 0.840103 0.473683
v 0.751759 0.811239 0.670053
v 0.749977 0.820480 0.667653
v 0.705499 0.914402 0.505016
v 0.771632 0.834075 0.505691
v 0.756275 0.816529 0.507503
v 0.050735 0.452830 -2.158175
v 0.090735 0.452830 -2.158175
v 0.050735 0.454019 -2.180365
v 0.090735 0.454019 -2.180365
v -0.640234 0.269196 1.963334
v -0.618261 0.220655 1.963334
v -0.556270 0.402303 1.963334
v -0.502993 0.403130 1.963334
v -0.628151 0.285744 1.963334
v -0.593358 0.368821 1.963334
v -0.565699 0.384790 1.963334
v -0.493021 0.386395 1.963334
v -0.462582 0.368821 1.963334
v -0.616067 0.341757 1.963334
v -0.628151 0.308558 1.963334
v -0.438487 0.218857 1.963334
v -0.415467 0.266869 1.963334
v -0.489770 0.196173 1.963334
v -0.527970 0.189168 1.963334
v -0.598363 0.218932 1.963334
v -0.458770 0.217511 1.963334
v -0.427790 0.308558 1.963334
v -0.439873 0.341757 1.963334
v -0.566171 0.196173 1.963334
v -0.427790 0.284674 1.963334
v -0.367298 1.226904 0.149720
v -0.505001 1.212683 0.121311
v -0.190978 1.236259 0.169099
v -0.341756 1.291703 -0.305805
v -0.467923 1.276843 -0.307760
v -0.171233 1.298907 -0.300485
v -0.333995 1.290980 -0.857962
v -0.466114 1.275557 -0.834759
v -0.167140 1.297005 -0.876228
v 0.000000 1.299093 -0.884308
v -0.164646 1.305910 -0.601697
v -0.332430 1.298206 -0.599012
v -0.461377 1.282434 -0.587695
v -0.180718 1.279096 -0.028984
v -0.354327 1.270351 -0.040959
v -0.479350 1.256090 -0.053916
v -0.344990 1.244836 -1.036883
v -0.170318 1.253355 -1.059153
v -0.478568 1.230005 -1.000504
v -0.402107 0.864254 0.842643
v -0.685202 0.857541 0.720106
v -0.216049 0.867835 0.873245
v -0.567273 0.861034 0.789985
v -0.368599 0.592285 1.974857
v -0.678794 0.619543 1.865399
v -0.216046 0.602519 1.990793
v -0.567271 0.614968 1.910992
v -0.678793 0.479987 1.903739
v -0.567269 0.479987 1.941314
v -0.746218 0.613449 1.804740
v -0.753194 0.479968 1.846309
v -0.784735 0.605593 1.753853
v -0.798304 0.485365 1.757233
v -0.806679 0.563267 1.727936
v -0.418907 0.686767 1.802971
v -0.447842 0.683278 1.793863
v -0.216048 0.694464 1.821235
v 0.000000 0.696187 1.826231
v -0.694567 0.694549 1.673133
v -0.601959 0.829511 0.918154
v -0.722049 0.828412 0.826999
v -0.411019 0.832511 0.970997
v -0.216047 0.836652 0.999760
v 0.000000 0.840209 1.007038
v -0.703438 0.453356 2.006891
v -0.567269 0.453362 2.059166
v -0.802904 0.453823 1.906481
v -0.376640 0.453362 2.100266
v -0.207604 0.453362 2.116194
v 0.000000 0.453362 2.121606
v -0.299046 0.468576 2.019605
v -0.347686 0.479988 1.981264
v -0.211564 0.465983 2.041058
v 0.000000 0.465983 2.045002
v -0.216047 0.762433 1.534865
v 0.000000 0.764795 1.540656
v -0.709071 0.754733 1.378167
v -0.703437 0.172170 2.006891
v -0.567268 0.172170 2.059166
v -0.802904 0.172179 1.906481
v -0.376640 0.172170 2.100266
v -0.207603 0.172170 2.116194
v 0.000000 0.172170 2.121606
v -0.859054 0.172536 1.586645
v -0.697150 0.113347 2.006891
v -0.567268 0.113347 2.059166
v -0.794140 0.113356 1.906481
v -0.376639 0.113347 2.100266
v -0.207603 0.113347 2.116195
v 0.000000 0.113347 2.121606
v -0.845908 0.113713 1.587824
v -0.581594 0.800813 1.150949
v -0.715560 0.797533 1.102584
v -0.560295 0.800430 1.156143
v -0.736282 0.662021 1.673135
v -0.736327 0.743998 1.378168
v -0.753331 0.768614 1.102585
v -0.794512 0.635287 1.673136
v -0.883943 0.703838 1.378170
v -0.889116 0.722407 1.102587
v -0.905905 0.656876 1.322531
v -0.906138 0.656876 1.087979
v -0.906022 0.675139 1.205255
v -0.905905 0.603874 1.428327
v -0.879555 0.301993 1.579810
v -0.391978 0.588423 1.953357
v -0.596885 0.766109 1.429229
v -0.489738 0.740196 1.575921
v -0.517667 0.773074 1.410196
v -0.547705 0.738166 1.561017
v -0.576217 0.741410 1.535862
v -0.316392 0.743729 1.593524
v -0.336645 0.737907 1.614369
v -0.602442 0.772013 1.390174
v -0.341136 0.772308 1.451982
v -0.319437 0.800599 1.220432
v -0.276286 0.813403 1.141876
v 0.000000 0.779334 1.389714
v 0.000000 0.821545 1.133029
v -0.296202 0.776360 1.366479
v -0.280422 0.774939 1.378472
v -0.306160 0.808072 1.170643
v 0.000000 0.847482 1.300088
v -0.268541 0.841389 1.298988
v -0.376640 0.431853 2.100266
v -0.207603 0.431853 2.116194
v -0.432272 0.431853 2.088271
v -0.301155 0.819761 1.239368
v -0.288563 0.826823 1.315333
v -0.273002 0.840636 1.208491
v -0.825609 0.700952 0.728603
v -0.722048 0.854536 0.716358
v -0.714167 0.894824 0.501787
v -0.814220 0.202266 0.729020
v -0.833196 0.302640 0.748137
v -0.847275 0.599781 0.749899
v -0.825607 0.735366 -0.549232
v -0.833195 0.302640 -0.518532
v -0.814219 0.200385 -0.449084
v -0.823706 0.233585 -0.492771
v -0.847273 0.619041 -0.556614
v -0.744151 0.839818 0.503384
v -0.750225 0.866250 -0.466470
v -0.591242 1.154749 0.076845
v -0.562988 1.208036 -0.310122
v -0.568602 1.203226 -0.806843
v -0.560874 1.217066 -0.578755
v -0.572864 1.190683 -0.075592
v -0.594104 1.157252 -0.910971
v -0.896379 0.521322 0.898222
v -0.876748 0.301993 0.825741
v -0.870859 0.151441 0.815970
v -0.884660 0.417301 0.844316
v -0.906137 0.603874 0.982182
v -0.477375 0.924191 -1.548339
v -0.184356 0.939265 -1.617147
v -0.725849 0.888943 -1.191275
v -0.348063 0.930575 -1.592294
v -0.624209 0.911383 -1.423200
v -0.596730 0.916666 -1.479006
v -0.499958 1.260255 -0.826935
v -0.511853 1.209366 -0.986229
v -0.516531 1.241680 -0.061170
v -0.505778 1.260911 -0.307759
v -0.539279 1.200845 0.107843
v -0.500468 1.267351 -0.583708
v -0.633502 0.901988 -1.490913
v -0.477372 0.895608 -2.042474
v -0.333404 0.902716 -2.050162
v -0.585711 0.887081 -2.022628
v -0.692947 0.889060 -1.735607
v -0.762784 0.822807 -1.235062
v -0.773046 0.814170 -1.540858
v -0.794195 0.787053 -0.892146
v -0.884896 0.784569 -1.235060
v -0.873696 0.758852 -0.892144
v -0.585711 0.774889 -2.083478
v -0.842731 0.150635 0.722644
v -0.842729 0.151313 -0.449083
v -0.477369 0.774363 -2.098750
v -0.333401 0.774394 -2.110379
v -0.726449 0.890511 -1.191740
v -0.735162 0.877664 -0.884261
v -0.901408 0.688960 -1.273562
v -0.901393 0.618796 -1.489506
v -0.901401 0.618796 -1.057617
v -0.901400 0.537518 -0.976340
v -0.894288 0.622346 -0.848325
v -0.861393 0.308832 -0.758023
v -0.877209 0.321574 -0.899078
v -0.865651 0.106085 -0.895333
v -0.901391 0.537518 -1.570783
v -0.774884 0.546091 -1.862115
v -0.779851 0.587688 -1.862115
v -0.771959 0.711239 -1.874632
v -0.585751 0.754763 -2.083477
v -0.752913 0.739799 -1.933799
v -0.725586 0.752707 -1.994110
v -0.791920 0.646085 -1.819412
v -0.786863 0.595935 -1.836140
v -0.786863 0.666746 -1.832126
v -0.585690 0.546091 -2.072434
v -0.724479 0.546090 -1.994098
v -0.726963 0.587688 -1.994098
v -0.355971 0.546090 -2.102779
v -0.381492 0.721497 -2.106542
v -0.431829 0.754763 -2.102436
v -0.403881 0.745520 -2.104714
v -0.602460 0.514949 -2.163751
v -0.754922 0.514949 -2.029433
v -0.357306 0.514949 -2.190987
v -0.660193 0.587688 -2.052917
v -0.663374 0.753702 -2.056124
v -0.659644 0.546090 -2.052542
v -0.691924 0.514949 -2.113958
v -0.901389 0.515588 -1.617277
v -0.602460 0.477268 -2.163750
v -0.754922 0.477268 -2.029432
v -0.357306 0.477268 -2.190986
v -0.691924 0.477268 -2.113957
v -0.296767 0.431039 -2.146355
v -0.895680 0.435103 -1.622966
v -0.866569 0.477537 -1.770723
v -0.871306 0.468205 -1.755072
v -0.847934 0.266384 -1.763163
v -0.901388 0.476732 -1.608796
v -0.819656 0.291409 -1.874931
v -0.602457 0.296643 -2.135483
v -0.754919 0.293939 -2.014353
v -0.691921 0.296642 -2.092598
v -0.853029 0.209461 -1.653695
v -0.725748 0.733279 -1.994108
v -0.661597 0.660969 -2.054333
v -0.713587 0.752899 -2.006071
v -0.753676 0.587688 -1.927433
v -0.751287 0.613872 -1.935423
v -0.743989 0.636965 -1.953090
v -0.868641 0.515225 -1.767962
v -0.819653 0.236167 -1.892373
v -0.847933 0.218410 -1.769703
v -0.777902 0.153060 -1.653064
v -0.733416 0.182669 -1.892371
v -0.759565 0.164912 -1.769700
v -0.602456 0.211162 -2.073078
v -0.664940 0.201179 -2.043127
v -0.462895 0.211162 -2.073077
v -0.454438 0.276874 -2.153941
v -0.435028 0.294401 -2.159425
v 0.000000 0.453967 -2.197145
v -0.296768 0.431039 -2.189535
v -0.281215 0.454635 -2.191255
v -0.276542 0.296643 -2.164421
v -0.281214 0.454635 -2.144373
v 0.000000 0.431039 -2.146354
v 0.000000 0.296643 -2.164421
v -0.700364 0.194054 -1.992066
v -0.561582 1.211446 -0.439682
v 0.000000 0.788127 1.270185
v -0.280422 0.788144 1.270183
v -0.819937 0.232506 0.636106
v -0.820768 0.196595 -0.674251
v -0.725586 0.774889 -1.994108
v -0.663374 0.774889 -2.056123
v -0.683989 0.885462 -1.939262
v -0.639332 0.885462 -2.001280
v -0.870859 0.105664 0.814858
v -0.854823 0.105663 0.722645
v -0.854822 0.105664 -0.449082
v -0.493385 0.737064 1.590154
v -0.554846 0.734765 1.574317
v -0.590006 0.739022 1.543367
v -0.611682 0.764775 1.431461
v -0.314335 0.761741 1.518404
v -0.300370 0.743678 1.598472
v -0.331719 0.734691 1.630743
v -0.467782 0.735415 1.596582
v -0.536991 0.776656 1.390447
v -0.514210 0.775806 1.395836
v -0.620310 0.773829 1.370734
v -0.328031 0.774883 1.439885
v -0.323684 0.753336 1.551835
v -0.327451 0.758299 1.530298
v -0.589342 0.757095 1.468143
v -0.585154 0.752090 1.489755
v -0.828885 0.154164 -0.757901
v -0.565473 1.160236 -2.128152
v -0.565473 1.160236 -1.931095
v -0.676653 0.958460 -2.018350
v -0.676653 0.969277 -1.716367
v -0.598528 0.896003 -1.733134
v -0.657872 0.928561 -1.709604
v -0.657872 0.914589 -2.012870
v -0.585402 0.908759 -2.026966
v -0.587016 0.897029 -1.746412
v 0.000000 0.951981 -2.047280
v 0.000000 0.921937 -1.867051
v -0.333497 0.912232 -1.858398
v -0.585403 0.886434 -2.016565
v 0.000000 0.904312 -2.047278
v -0.642048 0.931585 -2.021948
v -0.638468 0.933392 -1.719882
v -0.549048 1.151770 -1.921865
v -0.551550 1.150668 -2.123066
v -0.562738 1.129089 -1.980629
v -0.560141 1.134962 -2.081786
v -0.493281 0.901838 -1.844542
v -0.655612 0.958460 -2.020912
v -0.546370 1.160236 -2.128151
v -0.656540 0.969277 -1.722933
v -0.544062 1.160236 -1.931093
v 0.000000 0.660458 -2.107712
v -0.698709 0.219295 1.991026
v -0.320231 0.214371 2.081180
v -0.207601 0.214371 2.088141
v 0.000000 0.214371 2.093552
v -0.703434 0.406932 2.006859
v -0.446040 0.407141 2.058723
v -0.351795 0.233282 2.078001
v -0.809903 0.405535 1.861652
v -0.796430 0.405393 1.906480
v -0.818997 0.203490 1.742489
v -0.432271 0.431853 1.966927
v -0.446039 0.407141 1.966863
v -0.320230 0.214371 1.966863
v -0.351794 0.233282 1.966863
v -0.447379 0.406923 2.085015
v -0.810018 0.368476 1.836494
v -0.697823 0.227799 1.989954
v -0.812358 0.394424 1.844120
v -0.640235 0.269196 2.020225
v -0.628150 0.285744 2.025201
v -0.618262 0.220655 2.027126
v -0.598363 0.218932 2.035851
v -0.616067 0.341757 2.032404
v -0.628150 0.308558 2.026489
v -0.593358 0.368821 2.041527
v -0.570786 0.406931 2.056468
v -0.570083 0.406931 2.051464
v -0.633021 0.227143 2.020912
v -0.565699 0.384789 2.051450
v -0.601753 0.388999 2.039858
v -0.566171 0.196173 2.053700
v -0.621707 0.368007 2.031999
v -0.527970 0.189168 2.063601
v -0.556271 0.402303 2.052215
v -0.502994 0.403130 2.055342
v -0.493021 0.386395 2.055722
v -0.489770 0.196173 2.070173
v -0.439872 0.341757 2.061973
v -0.462581 0.368821 2.057873
v -0.458769 0.217511 2.063450
v -0.649201 0.303681 2.020112
v -0.438487 0.218857 2.066131
v -0.427789 0.284673 2.065725
v -0.415468 0.266869 2.068064
v -0.427789 0.308558 2.064846
v -0.318783 0.431853 1.966927
v -0.900058 0.479748 1.530394
v -0.528343 0.385303 1.954777
v -0.528343 0.385303 2.021353
v -0.496310 0.379655 2.027392
v -0.468141 0.363392 2.032703
v -0.447233 0.338475 2.036645
v -0.436108 0.307909 2.038742
v -0.436108 0.275382 2.038742
v -0.447233 0.244817 2.036645
v -0.468141 0.219900 2.032703
v -0.496310 0.203637 2.027392
v -0.528343 0.197988 2.021353
v -0.560376 0.203637 2.015314
v -0.588544 0.219900 2.010003
v -0.609452 0.244817 2.006061
v -0.620577 0.275382 2.003964
v -0.620577 0.307909 2.003964
v -0.609452 0.338474 2.006061
v -0.588544 0.363392 2.010003
v -0.560376 0.379655 2.015314
v -0.528343 0.376984 2.021353
v -0.499156 0.371837 2.026856
v -0.473489 0.357018 2.031695
v -0.454438 0.334315 2.035287
v -0.444301 0.306465 2.037198
v -0.444301 0.276827 2.037198
v -0.454438 0.248977 2.035287
v -0.473489 0.226273 2.031695
v -0.499156 0.211454 2.026856
v -0.528343 0.206308 2.021353
v -0.557530 0.211454 2.015850
v -0.583197 0.226273 2.011011
v -0.602248 0.248977 2.007419
v -0.612384 0.276827 2.005508
v -0.612384 0.306465 2.005508
v -0.602248 0.334315 2.007419
v -0.583197 0.357018 2.011011
v -0.557530 0.371837 2.015850
v -0.528342 0.344269 2.029086
v -0.494517 0.331957 2.035463
v -0.476518 0.300784 2.038856
v -0.482768 0.265334 2.037678
v -0.510344 0.242196 2.032479
v -0.546340 0.242196 2.025692
v -0.573915 0.265334 2.020494
v -0.580165 0.300784 2.019315
v -0.562167 0.331957 2.022708
v -0.528341 0.291646 2.031843
v -0.209022 0.480899 2.032297
v 0.000000 0.481197 2.036257
v -0.287485 0.483694 2.019024
v -0.804869 0.344570 1.843340
v -0.701856 0.344282 2.001573
v -0.701416 0.326792 2.000097
v -0.786416 0.327094 1.901095
v -0.788294 0.344490 1.902292
v -0.799638 0.327134 1.852675
v -0.643668 0.326562 2.022314
v -0.637291 0.344084 2.025436
v -0.760497 0.453598 1.965901
v -0.749512 0.326925 1.967566
v -0.758638 0.172175 1.968278
v -0.738779 0.219024 1.965724
v -0.753039 0.113351 1.965750
v -0.751364 0.344376 1.967868
v -0.758006 0.406183 1.969068
v -0.687033 0.226636 1.969952
v -0.633020 0.227143 1.992010
v -0.649200 0.303681 1.991210
v -0.649424 0.273997 1.990401
v -0.692144 0.326791 1.974451
v -0.770648 0.327023 1.891590
v -0.793758 0.327077 1.847428
v -0.643667 0.326562 1.993412
v -0.739256 0.326585 1.942083
v -0.349814 0.581959 1.945152
v -0.212470 0.590135 1.945156
v 0.000000 0.592169 1.945157
v -0.206147 0.492975 1.945166
v -0.276787 0.495208 1.945163
v -0.715162 0.618404 1.836967
v -0.717507 0.479981 1.882880
v -0.798436 0.588776 1.734727
v -0.477374 0.754763 -2.098747
v -0.781447 0.273870 1.898268
v -0.738480 0.236378 1.966819
v -0.782702 0.218301 1.893614
v -0.730903 0.234790 1.940673
v -0.773989 0.274283 1.885834
v -0.643393 0.246166 1.990715
v -0.643509 0.246480 2.019598
v -0.649425 0.273997 2.018163
v -0.703435 0.406932 1.976712
v -0.797081 0.405540 1.847330
v -0.782275 0.405555 1.888429
v -0.800273 0.368476 1.826817
v -0.801136 0.394424 1.834059
v -0.570084 0.406932 2.021317
v -0.601755 0.388999 2.009711
v -0.621709 0.368007 2.001852
v -0.793065 0.344570 1.835033
v -0.701858 0.344282 1.971426
v -0.774911 0.344458 1.889618
v -0.637292 0.344084 1.995289
v -0.742261 0.344359 1.943920
v -0.748200 0.406318 1.945713
v -0.475094 0.113713 1.587902
v 0.000000 0.113713 1.587902
v -0.475097 0.336823 0.872022
v -0.475097 0.344871 1.547092
v -0.475100 0.526703 0.951114
v -0.475100 0.534751 1.460921
v -0.475102 0.654657 1.206017
v -0.753885 0.825284 -1.763824
v -0.586650 0.830737 -2.061242
v -0.477722 0.835025 -2.080059
v -0.332287 0.838850 -2.090411
v 0.000000 0.844464 -2.094410
v -0.657682 0.829870 -2.035144
v -0.714944 0.829870 -1.968685
v 0.000000 0.147659 -1.644240
v -0.443736 0.235227 -2.000693
v 0.000000 0.237469 -2.003108
v -0.475098 0.147659 -1.631913
v -0.475102 0.620866 -0.914034
v -0.475104 0.646334 -1.614835
v -0.851628 0.674098 0.811448
v -0.849878 0.690918 0.820058
v -0.853450 0.696396 0.840715
v -0.866555 0.695151 0.895999
v -0.872577 0.688763 0.915814
v -0.877839 0.671609 0.922018
v -0.879588 0.654789 0.913408
v -0.876015 0.649314 0.892752
v -0.862910 0.650559 0.837468
v -0.856889 0.656944 0.817652
v -0.755907 0.794928 0.693420
v -0.744175 0.831669 0.679664
v -0.741092 0.870439 -0.547501
v -0.543633 1.244978 -0.307758
v -0.553712 1.227270 -0.068425
v -0.560474 1.215515 -0.520957
v -0.573558 1.189008 0.094374
v -0.504005 1.242894 -0.901858
v -0.576578 1.185651 -0.856743
v -0.469532 1.258895 -0.915135
v -0.215327 0.810502 0.964827
v -0.408465 0.806201 0.939467
v -0.592580 0.804228 0.884791
v 0.000000 0.813192 0.972401
v -0.694670 0.803995 0.808277
v -0.497266 0.910589 -1.585548
v -0.188376 0.925596 -1.666759
v -0.361853 0.917418 -1.635194
v 0.000000 0.927843 -1.679587
v -0.550673 1.237984 -0.815547
v -0.542633 1.252268 -0.579722
v -0.560653 1.217567 -0.874367
v -0.718155 0.893574 -1.235063
v -0.579828 1.185670 -0.934914
v -0.741450 0.855872 -1.221195
v -0.762451 0.827430 -0.511074
v -0.755795 0.837183 -0.885745
v -0.541826 1.249500 -0.478612
v -0.567270 0.575696 1.930563
v -0.567271 0.596517 1.923882
v -0.749009 0.576244 1.841830
v -0.747791 0.596310 1.831290
v -0.777708 0.590222 1.783563
v -0.777866 0.569247 1.791226
v -0.380089 0.560314 1.964249
v -0.678794 0.580993 1.898926
v -0.678794 0.601700 1.889027
v -0.716239 0.599740 1.863420
v -0.716810 0.579644 1.874311
v -0.901084 0.670979 -1.160033
v -0.900766 0.670979 -1.387090
v -0.751017 0.247512 1.916002
v -0.760756 0.250335 1.926652
v -0.307860 0.784200 1.323990
v -0.779797 0.757416 0.932605
v -0.865527 0.720516 0.920969
v -0.781900 0.775806 -1.804646
v -0.868942 0.470385 0.757499
v -0.865942 0.502064 0.756543
v -0.873689 0.486362 0.772872
v -0.868940 0.486713 -0.548069
v -0.866013 0.518430 -0.550987
v -0.897681 0.520909 -0.826023
v -0.898183 0.489155 -0.819839
v -0.898583 0.504569 -0.838481
v -0.475098 0.110164 -0.924130
v -0.475094 0.105664 0.814703
v -0.868518 0.444124 -1.756037
v -0.602459 0.431039 -2.156515
v -0.691923 0.431039 -2.108491
v -0.862539 0.431039 -1.768531
v -0.754921 0.431039 -2.025630
v -0.376954 0.431039 -2.183007
v -0.735987 0.652328 -1.972920
v -0.726351 0.661083 -1.994103
v -0.333495 0.920237 -2.047280
v 0.000000 0.936664 -2.047279
v 0.000000 0.914374 -2.047278
v -0.168389 0.930940 -2.047279
v -0.162749 0.936693 -2.047279
v -0.162748 0.915081 -2.047278
v -0.168389 0.920693 -2.047278
v -0.333495 0.902571 -2.047278
v -0.475985 0.913108 -2.037114
v -0.477089 0.893818 -2.037434
v -0.585717 0.660835 -2.077268
v -0.359065 0.587688 -2.102780
v -0.585691 0.587688 -2.072434
v -0.512875 0.600392 -2.083421
v -0.521595 0.608835 -2.082745
v -0.375252 0.608759 -2.102436
v -0.382432 0.600400 -2.100805
v -0.389263 0.647761 -2.103646
v -0.379676 0.639384 -2.104313
v -0.371262 0.660458 -2.107340
v -0.522804 0.639600 -2.084354
v -0.514758 0.648026 -2.085975
v -0.210756 0.942981 -2.021176
v -0.178029 0.903382 -2.047278
v -0.196788 0.946761 -2.036243
v -0.256157 0.914483 -1.860405
v -0.196181 0.922371 -2.047278
v -0.165091 0.950434 -2.047280
v -0.225122 0.922542 -2.021176
v -0.212917 0.922761 -2.039587
v 0.000000 1.151770 -1.931890
v 0.000000 1.150668 -2.133091
v 0.000000 1.129089 -1.990654
v 0.000000 1.134962 -2.091811
v 0.000000 1.160236 -2.138176
v 0.000000 1.160236 -1.941118
v -0.290368 1.160236 -1.939213
v -0.300030 1.129089 -1.988748
v -0.291522 1.160236 -2.136270
v -0.292862 1.151770 -1.929985
v -0.298732 1.134962 -2.089905
v -0.294112 1.150668 -2.131185
v -0.535914 0.660748 -2.084252
v -0.531816 0.587688 -2.079648
v 0.000000 0.110163 -0.924131
v -0.857487 0.782623 -1.540857
v -0.280422 0.783442 1.308742
v -0.496310 0.379655 1.954777
v -0.468141 0.363392 1.954777
v -0.447233 0.338475 1.954777
v -0.436108 0.307909 1.954777
v -0.436108 0.275382 1.954777
v -0.447233 0.244817 1.954777
v -0.468141 0.219900 1.954777
v -0.496310 0.203637 1.954777
v -0.528343 0.197988 1.954777
v -0.560376 0.203637 1.954777
v -0.588544 0.219900 1.954777
v -0.609452 0.244817 1.954777
v -0.620577 0.275382 1.954777
v -0.620577 0.307909 1.954777
v -0.609452 0.338474 1.954777
v -0.588544 0.363392 1.954777
v -0.560376 0.379655 1.954777
v -0.841885 0.661568 -0.418447
v -0.832319 0.709326 -0.284377
v -0.830196 0.720456 -0.292219
v -0.838522 0.676883 -0.295875
v -0.840721 0.665268 -0.311380
v -0.831565 0.713287 -0.460944
v -0.829501 0.724366 -0.450980
v -0.840112 0.667526 -0.437221
v -0.834555 0.697214 -0.458510
v -0.837733 0.680188 -0.451013
v -0.834629 0.698320 -0.419907
v -0.834574 0.697534 -0.288556
v -0.838463 0.678900 -0.419136
v -0.836334 0.688451 -0.306788
v -0.836467 0.688893 -0.405442
v -0.832165 0.710782 -0.412497
v -0.831205 0.715612 -0.403741
v -0.831479 0.713798 -0.301914
v -0.832486 0.708495 -0.293668
v -0.833670 0.704620 -0.451057
v -0.832164 0.712322 -0.448008
v -0.831540 0.715657 -0.440303
v -0.832164 0.712672 -0.432456
v -0.833670 0.705116 -0.429063
v -0.835176 0.697414 -0.432112
v -0.835800 0.694079 -0.439817
v -0.835176 0.697064 -0.447664
v -0.244330 0.822212 1.082911
v -0.238454 0.824572 1.059356
v -0.243015 0.833338 1.059356
v -0.252271 0.821995 1.082911
v -0.258390 0.824103 1.059356
v -0.253586 0.833338 1.059356
v -0.892280 0.415394 1.560222
v -0.902843 0.521322 1.512287
v -0.892502 0.435103 -0.924157
v -0.875647 0.319902 -1.648415
v 0.000000 0.763483 -2.113619
v -0.339902 0.761261 -2.109106
v -0.345548 0.756365 -2.108915
v -0.339925 0.744713 -2.108942
v -0.345556 0.749392 -2.108899
v -0.791920 0.615391 -1.817789
v -0.556621 1.176300 -2.136893
v -0.537519 1.176300 -2.136893
v -0.911305 0.971145 0.443768
v -0.937725 0.942952 0.433798
v -0.912861 0.846938 0.447285
v -0.938618 0.875130 0.435818
v -0.787687 0.976296 0.494555
v -0.761929 0.948104 0.506023
v -0.789243 0.836428 0.498073
v -0.762823 0.879130 0.508043
v -0.916446 0.962806 0.477124
v -0.939878 0.933865 0.469939
v -0.921330 0.855416 0.488778
v -0.941650 0.884356 0.474118
v -0.814344 0.967260 0.520748
v -0.790886 0.942885 0.531151
v -0.815759 0.844997 0.541771
v -0.801933 0.886692 0.557904
v -0.836277 0.936206 0.544511
v -0.846349 0.889729 0.542062
v -0.914056 0.931767 0.504349
v -0.915884 0.888930 0.505288
v -0.771632 0.841767 0.556076
v -0.758039 0.870134 0.569118
v -0.739952 0.877900 0.512094
v -0.868519 0.848758 0.518848
v -0.848610 0.840103 0.473683
v -0.751759 0.811239 0.670053
v -0.749977 0.820480 0.667653
v -0.705499 0.914402 0.505016
v -0.771632 0.834075 0.505691
v -0.756275 0.816529 0.507503
v -0.050735 0.452830 -2.158175
v -0.090735 0.452830 -2.158175
v -0.050735 0.454019 -2.180365
v -0.090735 0.454019 -2.180365
v 0.351612 0.193204 -2.173609
v 0.371439 0.198504 -2.173974
v 0.385953 0.252545 -2.177692
v 0.351612 0.272325 -2.179053
v 0.311958 0.232765 -2.176331
v 0.331785 0.198504 -2.173974
v 0.351612 0.193204 -2.083186
v 0.371439 0.198504 -2.083551
v 0.391266 0.232765 -2.085908
v 0.371439 0.267025 -2.088266
v 0.351612 0.272325 -2.088631
v 0.331785 0.267025 -2.088266
v 0.331785 0.198504 -2.083551
v 0.404555 0.175169 -2.046942
v 0.443312 0.199512 -2.048617
v 0.443312 0.266018 -2.053193
v 0.404555 0.290360 -2.054868
v 0.298668 0.290360 -2.054868
v 0.259911 0.266018 -2.053193
v 0.259910 0.199512 -2.048617
v 0.298668 0.175169 -2.046942
v 0.404555 0.175169 -1.715212
v 0.443312 0.199512 -1.716887
v 0.443312 0.266018 -1.721464
v 0.404555 0.290360 -1.723139
v 0.298668 0.290360 -1.723139
v 0.259910 0.266018 -1.721464
v 0.259910 0.199512 -1.716887
v 0.298668 0.175169 -1.715212
v 0.351612 0.232765 -2.118654
v 0.351612 0.209810 -2.106478
v 0.363116 0.212885 -2.106690
v 0.371538 0.221287 -2.107268
v 0.374621 0.232765 -2.108057
v 0.371538 0.244242 -2.108847
v 0.363116 0.252644 -2.109425
v 0.351612 0.255720 -2.109637
v 0.340107 0.252644 -2.109425
v 0.331685 0.244242 -2.108847
v 0.328602 0.232765 -2.108057
v 0.331685 0.221287 -2.107268
v 0.340107 0.212885 -2.106690
v 0.351612 0.209950 -2.038752
v 0.363046 0.213007 -2.038962
v 0.371417 0.221357 -2.039537
v 0.374480 0.232765 -2.040322
v 0.371417 0.244172 -2.041107
v 0.363046 0.252523 -2.041681
v 0.351612 0.255580 -2.041891
v 0.340177 0.252523 -2.041681
v 0.331807 0.244172 -2.041107
v 0.328743 0.232765 -2.040322
v 0.331807 0.221357 -2.039537
v 0.340177 0.213007 -2.038962
v 0.351612 0.232765 -2.085577
v 0.385953 0.212984 -2.174970
v 0.391266 0.232765 -2.176331
v 0.371439 0.267025 -2.178689
v 0.331785 0.267025 -2.178689
v 0.317270 0.252545 -2.177692
v 0.317270 0.212984 -2.174970
v 0.385953 0.212984 -2.084547
v 0.385953 0.252545 -2.087269
v 0.317270 0.252545 -2.087269
v 0.311958 0.232765 -2.085908
v 0.317270 0.212984 -2.084547
v -0.260219 0.659695 -2.108357
v -0.270119 0.655595 -2.108357
v -0.274219 0.645695 -2.108357
v -0.270119 0.635796 -2.108357
v -0.260219 0.631695 -2.108357
v -0.250320 0.635796 -2.108357
v -0.246219 0.645695 -2.108357
v -0.250320 0.655595 -2.108357
v -0.875227 0.646434 -1.556670
v -0.873307 0.637647 -1.566670
v -0.853165 0.761261 -1.566670
v -0.857948 0.752474 -1.556670
v -0.828077 0.646434 -1.697350
v -0.832860 0.637647 -1.687350
v -0.816370 0.752474 -1.697350
v -0.818295 0.761261 -1.687350
v -0.832837 0.642376 -1.685120
v -0.871789 0.642376 -1.568900
v -0.873104 0.648393 -1.562052
v -0.856464 0.750515 -1.562052
v -0.853188 0.756532 -1.568900
v -0.819462 0.756532 -1.685120
v -0.818143 0.750515 -1.691967
v -0.829561 0.648393 -1.691967
v -0.831620 0.712991 -0.460899
v -0.840098 0.667604 -0.437306
vt 0.513445 0.086457
vt 0.336200 0.115623
vt 0.983536 0.115629
vt 0.231869 0.075614
vt 0.428012 0.115623
vt 0.440924 0.115623
vt 0.419744 0.115623
vt 0.714577 0.119790
vt 0.372970 0.876728
vt 0.374024 0.876794
vt 0.287584 0.877062
vt 0.622056 0.885062
vt 0.707489 0.885062
vt 0.122116 0.873712
vt 0.871235 0.301500
vt 0.041940 0.242108
vt 0.044074 0.662827
vt 0.120966 0.266015
vt 0.122519 0.119651
vt 0.377236 0.126441
vt 0.288759 0.137468
vt 0.353175 0.152689
s 1
g RR22B_Body_Plane.021_RR22B_Body
usemtl RR22B_Body
f 662/1 663/1 671/1
f 676/2 666/2 658/2
f 667/1 672/1 666/1
f 656/3 665/3 664/3
f 653/3 660/3 661/3
f 654/2 663/2 662/2
f 659/1 665/1 657/1
f 652/3 664/3 660/3
f 655/1 661/1 663/1
f 665/3 668/3 664/3
f 667/1 668/1 665/1
f 664/3 670/3 660/3
f 666/2 680/2 658/2
f 669/1 670/1 668/1
f 660/3 670/3 661/3
f 671/1 675/1 662/1
f 671/1 661/1 670/1
f 659/3 673/3 667/3
f 678/1 672/1 673/1
f 676/2 662/2 675/2
f 680/1 659/1 658/1
f 678/3 673/3 679/3
f 674/3 679/3 673/3
f 669/1 666/1 675/1
f 672/2 681/2 680/2
f 674/1 681/1 679/1
f 1364/1 1373/1 1365/1
f 1368/2 1378/2 1360/2
f 1374/1 1369/1 1368/1
f 1358/3 1367/3 1359/3
f 1355/3 1362/3 1354/3
f 1356/2 1365/2 1357/2
f 1367/1 1361/1 1359/1
f 1354/3 1366/3 1358/3
f 1357/1 1363/1 1355/1
f 1367/3 1366/3 1370/3
f 1369/1 1370/1 1371/1
f 1366/3 1372/3 1370/3
f 1382/2 1368/2 1360/2
f 1372/1 1371/1 1370/1
f 1362/3 1363/3 1372/3
f 1373/1 1377/1 1371/1
f 1363/1 1373/1 1372/1
f 1361/3 1375/3 1376/3
f 1380/1 1374/1 1379/1
f 1364/2 1378/2 1377/2
f 1361/1 1382/1 1360/1
f 1380/3 1381/3 1375/3
f 1376/3 1375/3 1381/3
f 1368/1 1371/1 1377/1
f 1383/2 1374/2 1382/2
f 1383/1 1376/1 1381/1
f 1471/2 1467/2 1463/2
f 1472/2 1463/2 1462/2
f 1472/2 1465/2 1473/2
f 1473/2 1464/2 1474/2
f 1475/2 1464/2 1469/2
f 1476/2 1469/2 1468/2
f 1476/2 1466/2 1477/2
f 1477/2 1467/2 1470/2
f 676/2 675/2 666/2
f 667/1 673/1 672/1
f 656/3 657/3 665/3
f 653/3 652/3 660/3
f 654/2 655/2 663/2
f 659/1 667/1 665/1
f 652/3 656/3 664/3
f 655/1 653/1 661/1
f 667/1 669/1 668/1
f 664/3 668/3 670/3
f 666/2 672/2 680/2
f 669/1 671/1 670/1
f 671/1 669/1 675/1
f 671/1 663/1 661/1
f 659/3 674/3 673/3
f 678/1 677/1 672/1
f 676/2 654/2 662/2
f 680/1 674/1 659/1
f 669/1 667/1 666/1
f 672/2 677/2 681/2
f 674/1 680/1 681/1
f 1368/2 1377/2 1378/2
f 1374/1 1375/1 1369/1
f 1358/3 1366/3 1367/3
f 1355/3 1363/3 1362/3
f 1356/2 1364/2 1365/2
f 1367/1 1369/1 1361/1
f 1354/3 1362/3 1366/3
f 1357/1 1365/1 1363/1
f 1369/1 1367/1 1370/1
f 1366/3 1362/3 1372/3
f 1382/2 1374/2 1368/2
f 1372/1 1373/1 1371/1
f 1373/1 1364/1 1377/1
f 1363/1 1365/1 1373/1
f 1361/3 1369/3 1375/3
f 1380/1 1375/1 1374/1
f 1364/2 1356/2 1378/2
f 1361/1 1376/1 1382/1
f 1368/1 1369/1 1371/1
f 1383/2 1379/2 1374/2
f 1383/1 1382/1 1376/1
f 1471/2 1470/2 1467/2
f 1472/2 1471/2 1463/2
f 1472/2 1462/2 1465/2
f 1473/2 1465/2 1464/2
f 1475/2 1474/2 1464/2
f 1476/2 1475/2 1469/2
f 1476/2 1468/2 1466/2
f 1477/2 1466/2 1467/2
f 344/4 4/4 3/4
f 13/2 352/2 12/2
f 355/2 21/2 18/2
f 335/4 7/4 6/4
f 2/2 329/2 1/2
f 34/3 43/3 44/3
f 32/3 497/3 43/3
f 716/3 44/3 22/3
f 39/3 31/3 40/3
f 42/3 28/3 41/3
f 41/3 30/3 39/3
f 36/3 34/3 716/3
f 37/3 33/3 32/3
f 35/3 32/3 34/3
f 30/3 37/3 35/3
f 28/3 38/3 37/3
f 31/3 35/3 36/3
f 24/3 39/3 26/3
f 25/3 41/3 24/3
f 26/3 40/3 27/3
f 63/1 107/1 64/1
f 65/3 51/3 63/3
f 744/3 53/3 65/3
f 80/3 273/3 66/3
f 762/3 65/3 79/3
f 57/3 71/3 56/3
f 59/3 415/3 73/3
f 75/3 74/3 76/3
f 76/3 74/3 77/3
f 77/3 72/3 57/3
f 76/3 78/3 75/3
f 75/3 760/3 756/3
f 95/1 279/1 93/1
f 117/3 280/3 95/3
f 93/3 281/3 94/3
f 417/1 89/1 83/1
f 769/1 91/1 85/1
f 84/1 88/1 82/1
f 82/1 87/1 81/1
f 83/1 92/1 86/1
f 85/1 90/1 84/1
f 67/3 94/3 68/3
f 70/3 805/3 118/3
f 69/3 121/3 117/3
f 80/3 98/3 94/3
f 66/3 97/3 80/3
f 98/3 100/3 101/3
f 97/3 99/3 100/3
f 96/3 58/3 99/3
f 61/3 73/3 357/3
f 101/1 104/1 103/1
f 438/1 641/1 105/1
f 62/1 357/1 641/1
f 60/1 438/1 99/1
f 58/1 60/1 99/1
f 58/3 96/3 436/3
f 52/3 66/3 64/3
f 95/1 93/1 67/1
f 278/1 64/1 271/1
f 122/3 130/3 809/3
f 804/3 79/3 120/3
f 119/1 128/1 120/1
f 121/1 127/1 117/1
f 756/1 124/1 75/1
f 72/1 126/1 336/1
f 75/1 123/1 74/1
f 336/1 71/1 72/1
f 310/1 418/1 327/1
f 126/1 74/1 123/1
f 129/3 121/3 118/3
f 127/1 529/1 117/1
f 129/3 805/3 130/3
f 131/3 530/3 531/3
f 488/3 68/3 131/3
f 68/3 530/3 131/3
f 262/1 138/1 135/1
f 135/1 533/1 153/1
f 537/1 136/1 534/1
f 137/3 488/3 131/3
f 132/3 488/3 489/3
f 495/3 509/3 162/3
f 164/3 492/3 491/3
f 163/3 494/3 492/3
f 166/3 505/3 161/3
f 166/3 164/3 513/3
f 538/1 141/1 537/1
f 134/1 151/1 152/1
f 135/1 153/1 151/1
f 138/1 533/1 135/1
f 136/1 131/1 154/1
f 101/1 103/1 154/1
f 101/1 154/1 531/1
f 162/3 508/3 159/3
f 513/3 164/3 491/3
f 489/3 165/3 132/3
f 159/3 508/3 167/3
f 172/3 167/3 508/3
f 171/3 172/3 266/3
f 508/3 173/3 174/3
f 173/3 587/3 174/3
f 175/3 176/3 173/3
f 175/3 137/3 177/3
f 174/3 587/3 532/3
f 264/1 199/1 200/1
f 139/3 179/3 180/3
f 134/3 152/3 179/3
f 471/1 182/1 183/1
f 470/1 178/1 182/1
f 209/1 183/1 182/1
f 173/3 508/3 510/3
f 137/3 512/3 511/3
f 175/3 510/3 512/3
f 188/1 525/1 177/1
f 587/1 526/1 187/1
f 188/1 177/1 190/1
f 190/1 137/1 141/1
f 198/1 265/1 217/1
f 197/1 199/1 532/1
f 200/1 240/1 264/1
f 197/1 532/1 203/1
f 201/1 203/1 532/1
f 201/1 587/1 649/1
f 196/1 202/1 195/1
f 532/1 587/1 201/1
f 202/1 194/1 195/1
f 205/1 216/1 206/1
f 196/1 195/1 241/1
f 561/1 204/1 586/1
f 207/3 211/3 213/3
f 195/3 212/3 205/3
f 204/3 219/3 211/3
f 187/1 649/1 587/1
f 213/3 214/3 207/3
f 218/3 212/3 219/3
f 218/1 561/1 216/1
f 220/3 244/3 194/3
f 212/1 228/1 222/1
f 215/1 223/1 224/1
f 213/1 221/1 223/1
f 212/1 225/1 219/1
f 219/1 221/1 211/1
f 222/2 545/2 225/2
f 221/2 548/2 223/2
f 225/2 544/2 221/2
f 228/2 543/2 546/2
f 224/2 256/2 935/2
f 228/2 547/2 222/2
f 220/1 194/1 231/1
f 231/1 229/1 228/1
f 227/1 546/1 543/1
f 256/4 235/4 935/4
f 209/1 182/1 439/1
f 471/3 168/3 170/3
f 241/1 205/1 206/1
f 205/1 241/1 195/1
f 646/1 210/1 648/1
f 560/1 997/1 568/1
f 207/1 214/1 560/1
f 228/1 220/1 231/1
f 232/3 246/3 245/3
f 237/3 246/3 230/3
f 232/3 245/3 234/3
f 246/2 247/2 249/2
f 245/2 249/2 248/2
f 236/2 250/2 233/2
f 253/2 254/2 233/2
f 233/2 252/2 253/2
f 257/5 940/5 226/5
f 255/2 257/2 226/2
f 256/4 226/4 258/4
f 258/5 940/5 235/5
f 251/2 234/2 259/2
f 234/2 248/2 259/2
f 513/3 506/3 166/3
f 120/3 589/3 804/3
f 120/2 128/2 588/2
f 128/2 122/2 261/2
f 189/1 190/1 538/1
f 192/1 539/1 191/1
f 263/1 138/1 140/1
f 262/2 139/2 140/2
f 473/3 267/3 266/3
f 469/1 265/1 178/1
f 468/3 266/3 172/3
f 266/3 267/3 171/3
f 152/1 269/1 179/1
f 179/1 270/1 180/1
f 273/1 274/1 286/1
f 111/1 271/1 272/1
f 112/1 272/1 273/1
f 114/1 276/1 277/1
f 114/1 278/1 109/1
f 110/1 279/1 280/1
f 115/1 274/1 281/1
f 115/1 279/1 110/1
f 109/1 278/1 271/1
f 116/1 275/1 284/1
f 116/1 280/1 282/1
f 277/3 63/3 278/3
f 286/1 284/1 283/1
f 283/1 275/1 276/1
f 79/3 276/3 275/3
f 282/3 79/3 275/3
f 282/3 119/3 120/3
f 80/3 281/3 274/3
f 281/3 80/3 94/3
f 272/3 64/3 66/3
f 272/3 66/3 273/3
f 65/3 276/3 79/3
f 193/1 192/1 287/1
f 191/1 287/1 192/1
f 270/1 287/1 180/1
f 180/3 263/3 139/3
f 139/2 263/2 140/2
f 289/3 290/3 288/3
f 294/2 292/2 298/2
f 291/2 294/2 290/2
f 552/1 575/1 555/1
f 556/1 575/1 551/1
f 557/1 556/1 551/1
f 296/3 299/3 295/3
f 303/2 306/2 308/2
f 584/4 1278/4 1276/4
f 306/2 304/2 302/2
f 298/1 299/1 294/1
f 294/1 306/1 290/1
f 288/1 302/1 307/1
f 308/1 293/1 291/1
f 309/1 301/1 289/1
f 289/3 288/3 650/3
f 308/1 299/1 300/1
f 85/3 311/3 312/3
f 85/3 1001/3 769/3
f 123/4 124/4 356/4
f 124/4 319/4 356/4
f 442/3 417/3 83/3
f 318/3 83/3 86/3
f 86/1 106/1 318/1
f 316/1 328/1 357/1
f 314/4 336/4 325/4
f 123/4 320/4 126/4
f 312/1 311/1 323/1
f 312/1 322/1 1001/1
f 315/6 323/6 311/6
f 314/6 324/6 315/6
f 325/4 126/4 314/4
f 320/4 314/4 126/4
f 324/2 356/2 323/2
f 317/1 316/1 73/1
f 415/1 317/1 73/1
f 316/1 357/1 73/1
f 81/3 310/3 331/3
f 126/1 325/1 336/1
f 345/1 337/1 314/1
f 311/1 352/1 315/1
f 409/4 429/4 426/4
f 11/2 330/2 334/2
f 6/4 333/4 335/4
f 14/1 350/1 347/1
f 5/2 329/2 330/2
f 8/4 345/4 346/4
f 332/1 20/1 341/1
f 19/4 349/4 348/4
f 310/1 338/1 331/1
f 3/4 339/4 344/4
f 343/1 14/1 347/1
f 336/2 337/2 313/2
f 9/4 346/4 349/4
f 331/1 16/1 332/1
f 350/1 12/1 352/1
f 10/4 334/4 333/4
f 350/3 84/3 347/3
f 18/4 348/4 355/4
f 339/1 340/1 337/1
f 341/1 15/1 343/1
f 13/2 353/2 354/2
f 407/1 318/1 106/1
f 328/1 640/1 357/1
f 343/3 82/3 341/3
f 347/3 82/3 343/3
f 84/3 352/3 311/3
f 354/1 315/1 352/1
f 345/1 314/1 346/1
f 349/1 314/1 348/1
f 346/1 314/1 349/1
f 337/1 344/1 339/1
f 412/4 427/4 428/4
f 342/1 335/1 333/1
f 333/1 413/1 414/1
f 447/1 330/1 329/1
f 330/1 351/1 334/1
f 329/1 446/1 447/1
f 410/4 430/4 427/4
f 412/1 442/1 318/1
f 760/1 405/1 1093/1
f 53/4 431/4 51/4
f 406/7 431/7 435/7
f 76/1 51/1 406/1
f 327/3 423/3 338/3
f 342/1 333/1 414/1
f 416/1 408/1 409/1
f 413/1 408/1 414/1
f 412/1 411/1 410/1
f 106/1 326/1 407/1
f 413/1 334/1 351/1
f 415/3 59/3 437/3
f 56/3 71/3 415/3
f 419/1 81/1 87/1
f 351/2 429/2 413/2
f 421/1 71/1 313/1
f 420/1 410/1 411/1
f 412/2 444/2 440/2
f 418/3 81/3 417/3
f 447/2 424/2 351/2
f 441/3 422/3 327/3
f 416/4 426/4 430/4
f 447/2 445/2 425/2
f 406/1 78/1 76/1
f 54/4 432/4 53/4
f 406/3 433/3 405/3
f 1093/3 433/3 434/3
f 437/3 56/3 415/3
f 436/3 66/3 52/3
f 436/3 96/3 66/3
f 107/1 51/1 520/1
f 182/1 198/1 439/1
f 440/1 528/1 442/1
f 440/2 527/2 528/2
f 418/1 441/1 327/1
f 446/2 423/2 445/2
f 446/1 331/1 338/1
f 95/3 69/3 117/3
f 121/3 69/3 118/3
f 118/3 69/3 70/3
f 326/2 456/2 407/2
f 420/3 457/3 408/3
f 407/3 458/3 411/3
f 421/4 448/4 461/4
f 326/2 452/2 451/2
f 313/4 453/4 448/4
f 328/2 449/2 452/2
f 408/3 459/3 414/3
f 340/3 453/3 337/3
f 414/3 455/3 342/3
f 342/3 454/3 340/3
f 316/4 450/4 449/4
f 411/3 460/3 420/3
f 317/4 461/4 450/4
f 532/1 473/1 468/1
f 171/3 472/3 469/3
f 264/1 472/1 473/1
f 181/1 471/1 183/1
f 169/3 469/3 470/3
f 170/3 470/3 471/3
f 300/1 292/1 293/1
f 507/3 161/3 505/3
f 497/3 32/3 33/3
f 43/3 497/3 45/3
f 503/3 168/3 1198/3
f 503/3 504/3 170/3
f 504/3 169/3 170/3
f 502/3 171/3 169/3
f 526/1 587/1 176/1
f 176/1 186/1 526/1
f 177/1 525/1 176/1
f 176/1 525/1 186/1
f 104/1 101/1 100/1
f 100/1 102/1 104/1
f 442/1 528/1 441/1
f 528/3 443/3 441/3
f 256/2 223/2 255/2
f 255/2 223/2 548/2
f 529/3 282/3 280/3
f 529/1 128/1 119/1
f 530/3 94/3 98/3
f 531/1 154/1 131/1
f 530/3 101/3 531/3
f 141/1 131/1 136/1
f 533/2 534/2 535/2
f 538/2 539/2 540/2
f 536/2 534/2 533/2
f 539/2 537/2 536/2
f 136/1 150/1 534/1
f 355/1 315/1 353/1
f 353/1 315/1 354/1
f 348/1 315/1 355/1
f 356/2 321/2 320/2
f 262/1 135/1 134/1
f 229/1 227/1 543/1
f 547/1 236/1 545/1
f 546/1 230/1 232/1
f 548/1 257/1 255/1
f 547/1 546/1 232/1
f 545/1 233/1 544/1
f 544/1 254/1 548/1
f 240/1 265/1 264/1
f 554/1 985/1 1247/1
f 554/1 575/1 572/1
f 557/3 297/3 305/3
f 558/1 295/1 298/1
f 305/3 295/3 557/3
f 573/1 575/1 576/1
f 574/3 573/3 576/3
f 574/1 577/1 571/1
f 576/1 552/1 553/1
f 553/1 981/1 576/1
f 576/1 575/1 552/1
f 575/3 578/3 551/3
f 573/3 574/3 571/3
f 576/3 982/3 574/3
f 571/1 578/1 573/1
f 551/3 578/3 577/3
f 575/1 554/1 555/1
f 577/3 297/3 551/3
f 288/1 306/1 302/1
f 289/1 308/1 291/1
f 301/2 303/2 308/2
f 579/1 1275/1 582/1
f 583/4 1277/4 1278/4
f 581/3 1280/3 579/3
f 582/4 1277/4 580/4
f 581/1 1276/1 1279/1
f 307/1 584/1 581/1
f 301/4 580/4 303/4
f 307/3 579/3 309/3
f 304/4 580/4 583/4
f 309/1 582/1 301/1
f 302/4 583/4 584/4
f 586/1 207/1 560/1
f 194/1 202/1 649/1
f 468/1 174/1 532/1
f 127/3 122/3 128/3
f 534/1 150/1 535/1
f 150/1 533/1 535/1
f 539/1 642/1 540/1
f 538/1 540/1 189/1
f 194/3 244/3 195/3
f 248/2 234/2 245/2
f 536/1 191/1 539/1
f 153/1 533/1 150/1
f 546/1 227/1 643/1
f 232/1 234/1 547/1
f 588/2 128/2 261/2
f 588/1 944/1 589/1
f 617/1 621/1 619/1
f 610/1 620/1 618/1
f 619/3 621/3 607/3
f 620/2 617/2 618/2
f 618/8 625/8 608/8
f 622/3 618/3 617/3
f 640/1 326/1 106/1
f 100/1 105/1 102/1
f 99/1 105/1 100/1
f 230/1 546/1 643/1
f 643/1 237/1 230/1
f 540/1 642/1 189/1
f 647/2 646/2 648/2
f 997/1 647/1 568/1
f 645/2 644/2 1346/2
f 183/1 1346/1 181/1
f 183/1 646/1 645/1
f 648/1 208/1 647/1
f 208/1 648/1 210/1
f 649/1 187/1 194/1
f 307/1 650/1 288/1
f 307/1 309/1 651/1
f 309/3 650/3 651/3
f 51/1 77/1 520/1
f 689/4 1031/4 688/4
f 698/2 1039/2 1041/2
f 706/2 1042/2 703/2
f 692/4 1022/4 691/4
f 687/2 1016/2 1018/2
f 715/3 723/3 713/3
f 713/3 723/3 1189/3
f 716/3 724/3 715/3
f 31/3 720/3 40/3
f 710/3 722/3 721/3
f 712/3 721/3 720/3
f 36/3 715/3 717/3
f 718/3 714/3 719/3
f 717/3 713/3 718/3
f 712/3 718/3 710/3
f 710/3 719/3 711/3
f 31/3 717/3 712/3
f 720/3 707/3 709/3
f 721/3 708/3 707/3
f 40/3 709/3 27/3
f 792/1 741/1 742/1
f 730/3 743/3 741/3
f 732/3 744/3 743/3
f 763/3 957/3 958/3
f 743/3 762/3 761/3
f 751/3 735/3 734/3
f 737/3 753/3 1103/3
f 755/3 757/3 754/3
f 757/3 758/3 754/3
f 752/3 758/3 735/3
f 757/3 755/3 759/3
f 760/3 755/3 756/3
f 963/1 780/1 778/1
f 964/3 802/3 780/3
f 965/3 778/3 779/3
f 773/1 1105/1 766/1
f 775/1 769/1 768/1
f 772/1 767/1 765/1
f 771/1 765/1 764/1
f 766/1 777/1 773/1
f 774/1 768/1 767/1
f 779/3 746/3 747/3
f 749/3 805/3 750/3
f 748/3 802/3 808/3
f 783/3 763/3 779/3
f 782/3 745/3 763/3
f 783/3 785/3 782/3
f 782/3 784/3 781/3
f 781/3 784/3 736/3
f 739/3 753/3 737/3
f 786/1 788/1 789/1
f 1343/1 1126/1 790/1
f 740/1 1044/1 739/1
f 738/1 784/1 1126/1
f 736/1 784/1 738/1
f 736/3 1124/3 781/3
f 742/3 731/3 733/3
f 780/1 746/1 778/1
f 742/1 962/1 955/1
f 130/3 810/3 809/3
f 761/3 804/3 807/3
f 806/1 807/1 815/1
f 808/1 802/1 814/1
f 812/1 756/1 755/1
f 752/1 1023/1 813/1
f 811/1 755/1 754/1
f 751/1 1023/1 752/1
f 998/1 1014/1 1106/1
f 813/1 754/1 752/1
f 808/3 816/3 803/3
f 1223/1 814/1 802/1
f 805/3 816/3 130/3
f 817/3 1225/3 1224/3
f 747/3 1180/3 817/3
f 747/3 817/3 1224/3
f 824/1 946/1 821/1
f 821/1 839/1 1227/1
f 822/1 1231/1 1228/1
f 823/3 1180/3 1205/3
f 818/3 1181/3 1180/3
f 1203/3 1187/3 848/3
f 850/3 1184/3 849/3
f 849/3 1186/3 851/3
f 1199/3 852/3 847/3
f 852/3 1207/3 850/3
f 827/1 1232/1 1231/1
f 820/1 837/1 821/1
f 821/1 837/1 839/1
f 1227/1 824/1 821/1
f 822/1 840/1 817/1
f 786/1 840/1 788/1
f 786/1 1225/1 840/1
f 848/3 1202/3 1203/3
f 1207/3 1183/3 850/3
f 1181/3 851/3 1186/3
f 845/3 853/3 1202/3
f 857/3 1202/3 853/3
f 856/3 857/3 853/3
f 859/3 858/3 1202/3
f 1290/3 858/3 859/3
f 860/3 861/3 862/3
f 860/3 862/3 823/3
f 859/3 1226/3 1290/3
f 883/1 948/1 884/1
f 825/3 864/3 820/3
f 820/3 864/3 838/3
f 1160/1 866/1 1159/1
f 1159/1 863/1 1158/1
f 867/1 893/1 866/1
f 858/3 1204/3 1202/3
f 1206/3 823/3 1205/3
f 860/3 1204/3 858/3
f 872/1 862/1 1219/1
f 1290/1 871/1 1220/1
f 872/1 874/1 862/1
f 823/1 874/1 827/1
f 949/1 882/1 899/1
f 881/1 1226/1 883/1
f 884/1 948/1 920/1
f 881/1 887/1 1226/1
f 885/1 1226/1 887/1
f 885/1 1351/1 1290/1
f 880/1 879/1 886/1
f 1226/1 885/1 1290/1
f 886/1 879/1 878/1
f 898/1 889/1 890/1
f 880/1 921/1 879/1
f 1257/1 1288/1 888/1
f 891/3 895/3 888/3
f 896/3 879/3 889/3
f 888/3 901/3 900/3
f 871/1 1290/1 1351/1
f 214/3 897/3 891/3
f 896/3 900/3 901/3
f 1257/1 900/1 898/1
f 902/3 878/3 924/3
f 896/1 909/1 924/1
f 215/1 905/1 897/1
f 897/1 903/1 895/1
f 906/1 896/1 901/1
f 903/1 901/1 895/1
f 1239/2 904/2 906/2
f 1242/2 903/2 905/2
f 1238/2 906/2 903/2
f 909/2 1237/2 910/2
f 224/2 937/2 905/2
f 1241/2 909/2 904/2
f 902/1 912/1 878/1
f 912/1 909/1 910/1
f 908/1 1237/1 1240/1
f 235/4 937/4 935/4
f 893/1 1127/1 866/1
f 1160/3 168/3 1161/3
f 921/1 890/1 889/1
f 889/1 879/1 921/1
f 1348/1 1350/1 894/1
f 997/1 1256/1 1264/1
f 891/1 1256/1 214/1
f 909/1 902/1 924/1
f 913/3 926/3 911/3
f 917/3 911/3 926/3
f 913/3 915/3 925/3
f 926/2 927/2 917/2
f 925/2 929/2 926/2
f 930/2 916/2 914/2
f 933/2 914/2 934/2
f 932/2 914/2 933/2
f 940/5 938/5 907/5
f 936/2 907/2 938/2
f 937/4 907/4 936/4
f 939/5 940/5 907/5
f 915/2 931/2 942/2
f 915/2 942/2 928/2
f 1207/3 852/3 1200/3
f 589/3 807/3 804/3
f 807/2 1291/2 815/2
f 815/2 945/2 810/2
f 873/1 874/1 872/1
f 1233/1 876/1 875/1
f 824/1 947/1 826/1
f 825/2 946/2 826/2
f 1163/3 951/3 1162/3
f 1158/1 949/1 1162/1
f 1157/3 950/3 1163/3
f 950/3 856/3 951/3
f 953/1 838/1 864/1
f 954/1 864/1 865/1
f 958/1 970/1 969/1
f 796/1 955/1 794/1
f 797/1 956/1 796/1
f 799/1 960/1 798/1
f 962/1 799/1 794/1
f 795/1 964/1 963/1
f 800/1 958/1 793/1
f 963/1 800/1 795/1
f 794/1 955/1 962/1
f 959/1 801/1 968/1
f 801/1 964/1 795/1
f 961/3 741/3 743/3
f 968/1 970/1 967/1
f 959/1 968/1 967/1
f 761/3 959/3 960/3
f 966/3 761/3 807/3
f 966/3 807/3 806/3
f 763/3 958/3 965/3
f 965/3 779/3 763/3
f 742/3 956/3 745/3
f 956/3 957/3 745/3
f 743/3 960/3 961/3
f 877/1 971/1 876/1
f 971/1 875/1 876/1
f 971/1 954/1 865/1
f 865/3 947/3 971/3
f 825/2 826/2 947/2
f 974/3 973/3 972/3
f 978/2 976/2 977/2
f 978/2 975/2 974/2
f 1248/1 1251/1 1271/1
f 1252/1 1271/1 1268/1
f 1252/1 1253/1 1245/1
f 986/3 980/3 979/3
f 993/2 990/2 995/2
f 1286/4 1278/4 1285/4
f 993/2 989/2 991/2
f 984/1 986/1 979/1
f 993/1 978/1 974/1
f 972/1 994/1 989/1
f 995/1 977/1 987/1
f 996/1 973/1 988/1
f 973/3 1352/3 972/3
f 986/1 995/1 987/1
f 768/3 999/3 767/3
f 1001/3 768/3 769/3
f 811/4 1043/4 812/4
f 812/4 319/4 125/4
f 1105/3 1130/3 766/3
f 766/3 1007/3 770/3
f 770/1 1007/1 791/1
f 1005/1 1044/1 1015/1
f 1003/4 1023/4 1024/4
f 1008/4 811/4 813/4
f 1000/1 1010/1 999/1
f 322/1 1000/1 1001/1
f 1010/6 1004/6 999/6
f 1011/6 1003/6 1004/6
f 1012/4 1003/4 813/4
f 1008/4 1003/4 1009/4
f 1011/2 1010/2 1043/2
f 1006/1 753/1 1005/1
f 1006/1 1103/1 753/1
f 1005/1 753/1 1044/1
f 764/3 765/3 1018/3
f 813/1 1023/1 1012/1
f 1024/1 1032/1 1003/1
f 999/1 1004/1 1039/1
f 1097/4 1117/4 1101/4
f 1017/2 696/2 1021/2
f 1020/4 691/4 1022/4
f 1037/1 699/1 1034/1
f 1016/2 690/2 1017/2
f 1032/4 693/4 1033/4
f 1019/1 705/1 701/1
f 1036/4 704/4 1035/4
f 1025/1 998/1 1018/1
f 1026/4 688/4 1031/4
f 1030/1 699/1 700/1
f 1023/2 1002/2 1024/2
f 1033/4 694/4 1036/4
f 1018/1 701/1 687/1
f 1037/1 697/1 702/1
f 1021/4 695/4 1020/4
f 1037/3 1034/3 767/3
f 1035/4 703/4 1042/4
f 1026/1 1027/1 1022/1
f 1028/1 700/1 705/1
f 1040/2 698/2 1041/2
f 1095/1 1007/1 1100/1
f 1342/1 1015/1 1044/1
f 1030/3 1028/3 765/3
f 1034/3 765/3 767/3
f 767/3 1039/3 1037/3
f 1041/1 1039/1 1004/1
f 1032/1 1033/1 1003/1
f 1036/1 1035/1 1003/1
f 1033/1 1036/1 1003/1
f 1024/1 1026/1 1031/1
f 1100/4 1115/4 1098/4
f 1022/1 1029/1 1020/1
f 1101/1 1020/1 1102/1
f 1135/1 1016/1 1017/1
f 1038/1 1017/1 1021/1
f 1016/1 1135/1 1134/1
f 1098/4 1118/4 1104/4
f 1130/1 1100/1 1007/1
f 760/1 1092/1 759/1
f 1119/4 732/4 730/4
f 1094/7 1119/7 730/7
f 757/1 1094/1 730/1
f 1111/3 1014/3 1025/3
f 1029/1 1102/1 1020/1
f 1096/1 1104/1 1097/1
f 1101/1 1096/1 1097/1
f 1099/1 1100/1 1098/1
f 791/1 1095/1 1013/1
f 1101/1 1038/1 1021/1
f 1103/3 1125/3 737/3
f 734/3 1103/3 751/3
f 1107/1 764/1 1105/1
f 1117/2 1038/2 1101/2
f 1109/1 751/1 1103/1
f 1108/1 1098/1 1104/1
f 1132/2 1100/2 1128/2
f 764/3 1106/3 1105/3
f 1112/2 1135/2 1038/2
f 1110/3 1129/3 1014/3
f 1104/4 1114/4 1097/4
f 1135/2 1133/2 1134/2
f 759/1 1094/1 757/1
f 1120/4 54/4 732/4
f 1122/3 1094/3 1092/3
f 1093/3 1122/3 1092/3
f 1125/3 1103/3 734/3
f 1124/3 731/3 745/3
f 1124/3 745/3 781/3
f 792/1 1214/1 730/1
f 882/1 866/1 1127/1
f 1128/1 1130/1 1222/1
f 1128/2 1221/2 1132/2
f 1129/1 1106/1 1014/1
f 1111/2 1134/2 1133/2
f 1134/1 1018/1 1016/1
f 748/3 780/3 802/3
f 808/3 803/3 748/3
f 803/3 749/3 748/3
f 1144/2 1013/2 1095/2
f 1145/3 1108/3 1096/3
f 1146/3 1095/3 1099/3
f 1109/4 1136/4 1002/4
f 1013/2 1140/2 1015/2
f 1002/4 1141/4 1024/4
f 1015/2 1137/2 1005/2
f 1147/3 1096/3 1102/3
f 1141/3 1027/3 1024/3
f 1143/3 1102/3 1029/3
f 1142/3 1029/3 1027/3
f 1005/4 1138/4 1006/4
f 1148/3 1099/3 1108/3
f 1006/4 1149/4 1109/4
f 1226/1 1163/1 948/1
f 856/3 1162/3 951/3
f 948/1 1162/1 949/1
f 1160/1 181/1 867/1
f 854/3 1158/3 856/3
f 855/3 1159/3 854/3
f 976/1 987/1 977/1
f 1201/3 847/3 1187/3
f 1189/3 714/3 713/3
f 723/3 725/3 1189/3
f 168/3 1196/3 1198/3
f 1196/3 855/3 1197/3
f 1197/3 854/3 1195/3
f 1195/3 856/3 853/3
f 1220/1 861/1 1290/1
f 861/1 1220/1 870/1
f 862/1 861/1 1219/1
f 861/1 870/1 1219/1
f 789/1 785/1 786/1
f 785/1 789/1 787/1
f 1130/1 1129/1 1222/1
f 1222/3 1131/3 1221/3
f 937/2 936/2 905/2
f 936/2 1242/2 905/2
f 966/3 1223/3 964/3
f 1223/1 806/1 815/1
f 1224/3 779/3 747/3
f 1225/1 817/1 840/1
f 786/3 1224/3 1225/3
f 817/1 827/1 822/1
f 1227/2 1229/2 1228/2
f 1232/2 1234/2 1233/2
f 1228/2 1230/2 1227/2
f 1231/2 1233/2 1230/2
f 822/1 836/1 840/1
f 1042/1 1040/1 1004/1
f 1040/1 1041/1 1004/1
f 1035/1 1004/1 1003/1
f 1043/2 1009/2 1011/2
f 946/1 820/1 821/1
f 908/1 910/1 1237/1
f 916/1 1241/1 1239/1
f 1240/1 913/1 911/1
f 1242/1 938/1 934/1
f 1241/1 913/1 1240/1
f 914/1 1239/1 1238/1
f 934/1 1238/1 1242/1
f 949/1 920/1 948/1
f 985/1 1250/1 1247/1
f 1246/3 985/3 1247/3
f 1250/1 1268/1 1271/1
f 983/3 1253/3 992/3
f 1254/1 979/1 1253/1
f 992/3 979/3 980/3
f 1269/1 1271/1 1274/1
f 1270/3 1272/3 1269/3
f 1270/1 1267/1 1273/1
f 1272/1 1249/1 1248/1
f 1249/1 981/1 1246/1
f 1272/1 1248/1 1271/1
f 1271/3 1245/3 1274/3
f 1269/3 1267/3 1270/3
f 1272/3 982/3 981/3
f 1267/1 1274/1 1273/1
f 1245/3 1273/3 1274/3
f 1271/1 1251/1 1250/1
f 983/3 1273/3 1245/3
f 993/1 972/1 989/1
f 973/1 995/1 988/1
f 988/2 995/2 990/2
f 1275/1 1281/1 1284/1
f 1285/4 1277/4 1282/4
f 1280/3 1283/3 1281/3
f 1277/4 1284/4 1282/4
f 1283/1 1276/1 1286/1
f 994/1 1286/1 989/1
f 1282/4 988/4 990/4
f 1281/3 994/3 996/3
f 991/4 1282/4 990/4
f 1284/1 996/1 988/1
f 989/4 1285/4 991/4
f 1288/1 891/1 888/1
f 878/1 1351/1 886/1
f 1157/1 1226/1 859/1
f 810/3 814/3 815/3
f 1228/1 1229/1 836/1
f 836/1 1229/1 1227/1
f 1233/1 1234/1 1344/1
f 1232/1 873/1 1234/1
f 878/3 879/3 924/3
f 928/2 925/2 915/2
f 1230/1 875/1 824/1
f 839/1 836/1 1227/1
f 1240/1 1345/1 908/1
f 913/1 1241/1 915/1
f 1291/2 945/2 815/2
f 944/1 1291/1 589/1
f 1319/1 1321/1 1323/1
f 1312/1 1320/1 1322/1
f 1321/3 1309/3 1323/3
f 1322/2 1319/2 1323/2
f 1320/8 1310/8 1327/8
f 1320/3 1324/3 1319/3
f 1342/1 791/1 1013/1
f 785/1 787/1 790/1
f 784/1 790/1 1126/1
f 911/1 1345/1 1240/1
f 1345/1 911/1 917/1
f 1234/1 873/1 1344/1
f 1348/2 1349/2 1350/2
f 1349/1 997/1 1264/1
f 1347/2 644/2 1349/2
f 867/1 1346/1 1347/1
f 867/1 1348/1 894/1
f 1350/1 1349/1 892/1
f 892/1 894/1 1350/1
f 1351/1 878/1 871/1
f 994/1 1352/1 1353/1
f 994/1 1353/1 996/1
f 996/3 1352/3 973/3
f 758/1 730/1 1214/1
f 608/8 625/8 609/8
f 609/8 625/8 624/8
f 623/8 609/8 624/8
f 611/3 620/3 610/3
f 621/3 611/3 607/3
f 625/3 623/3 624/3
f 613/8 622/8 612/8
f 612/8 617/8 615/8
f 617/8 616/8 615/8
f 614/8 619/8 607/8
f 616/8 619/8 614/8
f 1323/3 1313/3 1322/3
f 1322/3 1313/3 1312/3
f 1327/3 1325/3 1324/3
f 1327/8 1311/8 1326/8
f 1311/8 1325/8 1326/8
f 1311/8 1327/8 1310/8
f 1478/8 1319/8 1324/8
f 1315/8 1478/8 1324/8
f 1319/8 1318/8 1321/8
f 1321/8 1479/8 1316/8
f 1316/8 1309/8 1321/8
f 1349/1 1264/1 892/1
f 647/1 208/1 568/1
f 344/4 345/4 4/4
f 13/2 354/2 352/2
f 355/2 353/2 21/2
f 335/4 339/4 7/4
f 2/2 331/2 329/2
f 34/3 32/3 43/3
f 716/3 34/3 44/3
f 39/3 30/3 31/3
f 42/3 29/3 28/3
f 41/3 28/3 30/3
f 36/3 35/3 34/3
f 37/3 38/3 33/3
f 35/3 37/3 32/3
f 30/3 28/3 37/3
f 28/3 29/3 38/3
f 31/3 30/3 35/3
f 24/3 41/3 39/3
f 25/3 42/3 41/3
f 26/3 39/3 40/3
f 63/1 51/1 107/1
f 65/3 53/3 51/3
f 744/3 54/3 53/3
f 80/3 274/3 273/3
f 762/3 744/3 65/3
f 57/3 72/3 71/3
f 77/3 74/3 72/3
f 75/3 78/3 760/3
f 95/1 280/1 279/1
f 117/3 529/3 280/3
f 93/3 279/3 281/3
f 417/1 419/1 89/1
f 769/1 776/1 91/1
f 84/1 90/1 88/1
f 82/1 88/1 87/1
f 83/1 89/1 92/1
f 85/1 91/1 90/1
f 67/3 93/3 94/3
f 70/3 750/3 805/3
f 80/3 97/3 98/3
f 66/3 96/3 97/3
f 98/3 97/3 100/3
f 97/3 96/3 99/3
f 61/3 59/3 73/3
f 438/1 62/1 641/1
f 62/1 61/1 357/1
f 64/3 107/3 55/3
f 55/3 52/3 64/3
f 278/1 63/1 64/1
f 122/3 129/3 130/3
f 804/3 762/3 79/3
f 756/1 125/1 124/1
f 75/1 124/1 123/1
f 336/1 313/1 71/1
f 126/1 72/1 74/1
f 129/3 127/3 121/3
f 127/1 128/1 529/1
f 129/3 118/3 805/3
f 488/3 132/3 68/3
f 262/1 140/1 138/1
f 537/1 141/1 136/1
f 137/3 511/3 488/3
f 495/3 507/3 509/3
f 164/3 163/3 492/3
f 163/3 165/3 494/3
f 166/3 506/3 505/3
f 538/1 190/1 141/1
f 134/1 135/1 151/1
f 138/1 536/1 533/1
f 162/3 509/3 508/3
f 489/3 494/3 165/3
f 171/3 167/3 172/3
f 468/3 172/3 174/3
f 172/3 508/3 174/3
f 173/3 176/3 587/3
f 175/3 177/3 176/3
f 264/1 532/1 199/1
f 139/3 134/3 179/3
f 471/1 470/1 182/1
f 470/1 469/1 178/1
f 209/1 210/1 183/1
f 137/3 175/3 512/3
f 175/3 173/3 510/3
f 190/1 177/1 137/1
f 198/1 178/1 265/1
f 205/1 218/1 216/1
f 207/3 204/3 211/3
f 195/3 244/3 212/3
f 204/3 218/3 219/3
f 213/3 215/3 214/3
f 218/3 205/3 212/3
f 218/1 204/1 561/1
f 212/1 244/1 228/1
f 215/1 213/1 223/1
f 213/1 211/1 221/1
f 212/1 222/1 225/1
f 219/1 225/1 221/1
f 222/2 547/2 545/2
f 221/2 544/2 548/2
f 225/2 545/2 544/2
f 228/2 229/2 543/2
f 224/2 223/2 256/2
f 228/2 546/2 547/2
f 256/4 258/4 235/4
f 471/3 1161/3 168/3
f 560/1 214/1 997/1
f 228/1 244/1 220/1
f 232/3 230/3 246/3
f 246/2 237/2 247/2
f 245/2 246/2 249/2
f 236/2 251/2 250/2
f 233/2 250/2 252/2
f 257/5 941/5 940/5
f 256/4 255/4 226/4
f 258/5 226/5 940/5
f 251/2 236/2 234/2
f 120/3 588/3 589/3
f 189/1 188/1 190/1
f 192/1 642/1 539/1
f 263/1 191/1 138/1
f 262/2 134/2 139/2
f 473/3 472/3 267/3
f 469/1 472/1 265/1
f 468/3 473/3 266/3
f 152/1 268/1 269/1
f 179/1 269/1 270/1
f 274/1 108/1 285/1
f 285/1 286/1 274/1
f 286/1 112/1 273/1
f 111/1 109/1 271/1
f 112/1 111/1 272/1
f 114/1 113/1 276/1
f 114/1 277/1 278/1
f 115/1 108/1 274/1
f 115/1 281/1 279/1
f 116/1 282/1 275/1
f 116/1 110/1 280/1
f 277/3 65/3 63/3
f 286/1 285/1 284/1
f 276/1 113/1 283/1
f 283/1 284/1 275/1
f 282/3 120/3 79/3
f 272/3 271/3 64/3
f 65/3 277/3 276/3
f 191/1 263/1 287/1
f 270/1 193/1 287/1
f 180/3 287/3 263/3
f 289/3 291/3 290/3
f 294/2 293/2 292/2
f 291/2 293/2 294/2
f 556/1 572/1 575/1
f 557/1 558/1 556/1
f 296/3 300/3 299/3
f 303/2 304/2 306/2
f 584/4 583/4 1278/4
f 298/1 295/1 299/1
f 294/1 299/1 306/1
f 308/1 300/1 293/1
f 308/1 306/1 299/1
f 85/3 84/3 311/3
f 85/3 312/3 1001/3
f 124/4 125/4 319/4
f 442/3 418/3 417/3
f 318/3 442/3 83/3
f 314/4 337/4 336/4
f 123/4 356/4 320/4
f 312/1 323/1 322/1
f 315/6 324/6 323/6
f 314/6 321/6 324/6
f 320/4 321/4 314/4
f 415/1 421/1 317/1
f 331/3 332/3 82/3
f 332/3 341/3 82/3
f 82/3 81/3 331/3
f 345/1 344/1 337/1
f 409/4 413/4 429/4
f 11/2 5/2 330/2
f 6/4 10/4 333/4
f 14/1 17/1 350/1
f 5/2 1/2 329/2
f 8/4 4/4 345/4
f 332/1 16/1 20/1
f 19/4 9/4 349/4
f 310/1 327/1 338/1
f 3/4 7/4 339/4
f 343/1 15/1 14/1
f 9/4 8/4 346/4
f 331/1 2/1 16/1
f 350/1 17/1 12/1
f 10/4 11/4 334/4
f 18/4 19/4 348/4
f 339/1 335/1 340/1
f 341/1 20/1 15/1
f 13/2 21/2 353/2
f 407/1 412/1 318/1
f 328/1 326/1 640/1
f 347/3 84/3 82/3
f 84/3 350/3 352/3
f 412/4 410/4 427/4
f 342/1 340/1 335/1
f 333/1 334/1 413/1
f 330/1 447/1 351/1
f 410/4 416/4 430/4
f 412/1 440/1 442/1
f 760/1 78/1 405/1
f 53/4 432/4 431/4
f 406/7 51/7 431/7
f 327/3 422/3 423/3
f 416/1 420/1 408/1
f 413/1 409/1 408/1
f 412/1 407/1 411/1
f 419/1 417/1 81/1
f 351/2 424/2 429/2
f 421/1 415/1 71/1
f 420/1 416/1 410/1
f 412/2 428/2 444/2
f 418/3 310/3 81/3
f 447/2 425/2 424/2
f 441/3 443/3 422/3
f 416/4 409/4 426/4
f 447/2 446/2 445/2
f 406/1 405/1 78/1
f 54/4 1121/4 432/4
f 406/3 435/3 433/3
f 1093/3 405/3 433/3
f 182/1 178/1 198/1
f 440/2 444/2 527/2
f 418/1 442/1 441/1
f 446/2 338/2 423/2
f 446/1 329/1 331/1
f 95/3 67/3 69/3
f 326/2 451/2 456/2
f 420/3 460/3 457/3
f 407/3 456/3 458/3
f 421/4 313/4 448/4
f 326/2 328/2 452/2
f 313/4 337/4 453/4
f 328/2 316/2 449/2
f 408/3 457/3 459/3
f 340/3 454/3 453/3
f 414/3 459/3 455/3
f 342/3 455/3 454/3
f 316/4 317/4 450/4
f 411/3 458/3 460/3
f 317/4 421/4 461/4
f 532/1 264/1 473/1
f 171/3 267/3 472/3
f 264/1 265/1 472/1
f 181/1 1161/1 471/1
f 169/3 171/3 469/3
f 170/3 169/3 470/3
f 300/1 296/1 292/1
f 507/3 495/3 161/3
f 503/3 170/3 168/3
f 504/3 502/3 169/3
f 502/3 167/3 171/3
f 528/3 527/3 443/3
f 529/3 119/3 282/3
f 530/3 68/3 94/3
f 530/3 98/3 101/3
f 141/1 137/1 131/1
f 536/2 537/2 534/2
f 539/2 538/2 537/2
f 136/1 154/1 150/1
f 348/1 314/1 315/1
f 356/2 324/2 321/2
f 229/1 231/1 227/1
f 547/1 234/1 236/1
f 548/1 254/1 257/1
f 545/1 236/1 233/1
f 544/1 233/1 254/1
f 240/1 217/1 265/1
f 554/1 572/1 985/1
f 557/3 551/3 297/3
f 558/1 557/1 295/1
f 305/3 296/3 295/3
f 573/1 578/1 575/1
f 553/1 1246/1 981/1
f 576/3 981/3 982/3
f 571/1 577/1 578/1
f 577/3 574/3 297/3
f 288/1 290/1 306/1
f 289/1 301/1 308/1
f 579/1 1280/1 1275/1
f 583/4 580/4 1277/4
f 581/3 1279/3 1280/3
f 582/4 1275/4 1277/4
f 581/1 584/1 1276/1
f 307/1 302/1 584/1
f 301/4 582/4 580/4
f 307/3 581/3 579/3
f 304/4 303/4 580/4
f 309/1 579/1 582/1
f 302/4 304/4 583/4
f 586/1 204/1 207/1
f 127/3 129/3 122/3
f 536/1 138/1 191/1
f 588/1 261/1 944/1
f 620/2 621/2 617/2
f 622/3 625/3 618/3
f 99/1 438/1 105/1
f 647/2 645/2 646/2
f 997/1 644/1 647/1
f 645/2 647/2 644/2
f 183/1 645/1 1346/1
f 183/1 210/1 646/1
f 307/1 651/1 650/1
f 309/3 289/3 650/3
f 51/1 76/1 77/1
f 689/4 1032/4 1031/4
f 698/2 697/2 1039/2
f 706/2 1040/2 1042/2
f 692/4 1026/4 1022/4
f 687/2 686/2 1016/2
f 715/3 724/3 723/3
f 716/3 22/3 724/3
f 31/3 712/3 720/3
f 710/3 711/3 722/3
f 712/3 710/3 721/3
f 36/3 716/3 715/3
f 718/3 713/3 714/3
f 717/3 715/3 713/3
f 712/3 717/3 718/3
f 710/3 718/3 719/3
f 31/3 36/3 717/3
f 720/3 721/3 707/3
f 721/3 722/3 708/3
f 40/3 720/3 709/3
f 792/1 730/1 741/1
f 730/3 732/3 743/3
f 732/3 54/3 744/3
f 763/3 745/3 957/3
f 743/3 744/3 762/3
f 751/3 752/3 735/3
f 752/3 754/3 758/3
f 760/3 759/3 755/3
f 963/1 964/1 780/1
f 964/3 1223/3 802/3
f 965/3 963/3 778/3
f 773/1 1107/1 1105/1
f 775/1 776/1 769/1
f 772/1 774/1 767/1
f 771/1 772/1 765/1
f 766/1 770/1 777/1
f 774/1 775/1 768/1
f 779/3 778/3 746/3
f 749/3 803/3 805/3
f 783/3 782/3 763/3
f 782/3 781/3 745/3
f 783/3 786/3 785/3
f 782/3 785/3 784/3
f 739/3 1044/3 753/3
f 1343/1 740/1 1126/1
f 740/1 1343/1 1044/1
f 733/3 792/3 742/3
f 742/3 745/3 731/3
f 742/1 741/1 962/1
f 130/3 816/3 810/3
f 761/3 762/3 804/3
f 812/1 125/1 756/1
f 811/1 812/1 755/1
f 751/1 1002/1 1023/1
f 813/1 811/1 754/1
f 808/3 814/3 816/3
f 1223/1 815/1 814/1
f 805/3 803/3 816/3
f 747/3 818/3 1180/3
f 824/1 826/1 946/1
f 822/1 827/1 1231/1
f 823/3 817/3 1180/3
f 1203/3 1201/3 1187/3
f 850/3 1183/3 1184/3
f 849/3 1184/3 1186/3
f 1199/3 1200/3 852/3
f 827/1 874/1 1232/1
f 820/1 838/1 837/1
f 1227/1 1230/1 824/1
f 848/3 845/3 1202/3
f 1181/3 818/3 851/3
f 856/3 950/3 857/3
f 1202/3 857/3 859/3
f 857/3 1157/3 859/3
f 1290/3 861/3 858/3
f 860/3 858/3 861/3
f 883/1 1226/1 948/1
f 825/3 865/3 864/3
f 1160/1 867/1 866/1
f 1159/1 866/1 863/1
f 867/1 894/1 893/1
f 1206/3 860/3 823/3
f 860/3 1206/3 1204/3
f 823/1 862/1 874/1
f 949/1 863/1 882/1
f 898/1 900/1 889/1
f 891/3 897/3 895/3
f 896/3 924/3 879/3
f 888/3 895/3 901/3
f 214/3 215/3 897/3
f 896/3 889/3 900/3
f 1257/1 888/1 900/1
f 896/1 904/1 909/1
f 215/1 224/1 905/1
f 897/1 905/1 903/1
f 906/1 904/1 896/1
f 903/1 906/1 901/1
f 1239/2 1241/2 904/2
f 1242/2 1238/2 903/2
f 1238/2 1239/2 906/2
f 909/2 1240/2 1237/2
f 224/2 935/2 937/2
f 1241/2 1240/2 909/2
f 235/4 939/4 937/4
f 1160/3 855/3 168/3
f 997/1 214/1 1256/1
f 909/1 912/1 902/1
f 913/3 925/3 926/3
f 926/2 929/2 927/2
f 925/2 928/2 929/2
f 930/2 931/2 916/2
f 932/2 930/2 914/2
f 940/5 941/5 938/5
f 937/4 939/4 907/4
f 939/5 235/5 940/5
f 915/2 916/2 931/2
f 589/3 1291/3 807/3
f 873/1 1232/1 874/1
f 1233/1 1344/1 876/1
f 824/1 875/1 947/1
f 825/2 820/2 946/2
f 1163/3 950/3 951/3
f 1158/1 863/1 949/1
f 1157/3 857/3 950/3
f 953/1 952/1 838/1
f 954/1 953/1 864/1
f 969/1 793/1 958/1
f 958/1 957/1 970/1
f 957/1 797/1 970/1
f 796/1 956/1 955/1
f 797/1 957/1 956/1
f 799/1 961/1 960/1
f 962/1 961/1 799/1
f 800/1 965/1 958/1
f 963/1 965/1 800/1
f 959/1 966/1 801/1
f 801/1 966/1 964/1
f 961/3 962/3 741/3
f 968/1 969/1 970/1
f 967/1 798/1 960/1
f 960/1 959/1 967/1
f 966/3 959/3 761/3
f 742/3 955/3 956/3
f 743/3 761/3 960/3
f 971/1 947/1 875/1
f 971/1 877/1 954/1
f 865/3 825/3 947/3
f 974/3 975/3 973/3
f 978/2 984/2 976/2
f 978/2 977/2 975/2
f 1252/1 1245/1 1271/1
f 1252/1 1254/1 1253/1
f 986/3 987/3 980/3
f 993/2 991/2 990/2
f 1286/4 1276/4 1278/4
f 984/1 978/1 986/1
f 993/1 986/1 978/1
f 995/1 975/1 977/1
f 986/1 993/1 995/1
f 768/3 1000/3 999/3
f 1001/3 1000/3 768/3
f 812/4 1043/4 319/4
f 1105/3 1106/3 1130/3
f 766/3 1130/3 1007/3
f 1003/4 1012/4 1023/4
f 1008/4 1043/4 811/4
f 322/1 1010/1 1000/1
f 1010/6 1011/6 1004/6
f 1011/6 1009/6 1003/6
f 1008/4 813/4 1003/4
f 1006/1 1109/1 1103/1
f 1028/3 1019/3 765/3
f 1019/3 1018/3 765/3
f 1018/3 998/3 764/3
f 1024/1 1031/1 1032/1
f 1097/4 1114/4 1117/4
f 1017/2 690/2 696/2
f 1020/4 695/4 691/4
f 1037/1 702/1 699/1
f 1016/2 686/2 690/2
f 1032/4 689/4 693/4
f 1019/1 1028/1 705/1
f 1036/4 694/4 704/4
f 1025/1 1014/1 998/1
f 1026/4 692/4 688/4
f 1030/1 1034/1 699/1
f 1033/4 693/4 694/4
f 1018/1 1019/1 701/1
f 1037/1 1039/1 697/1
f 1021/4 696/4 695/4
f 1035/4 704/4 703/4
f 1026/1 1024/1 1027/1
f 1028/1 1030/1 700/1
f 1040/2 706/2 698/2
f 1095/1 791/1 1007/1
f 1342/1 1013/1 1015/1
f 1034/3 1030/3 765/3
f 767/3 999/3 1039/3
f 1100/4 1116/4 1115/4
f 1022/1 1027/1 1029/1
f 1101/1 1021/1 1020/1
f 1038/1 1135/1 1017/1
f 1098/4 1115/4 1118/4
f 1130/1 1128/1 1100/1
f 760/1 1093/1 1092/1
f 1119/4 1120/4 732/4
f 1094/7 1123/7 1119/7
f 1111/3 1110/3 1014/3
f 1096/1 1108/1 1104/1
f 1101/1 1102/1 1096/1
f 1099/1 1095/1 1100/1
f 1107/1 771/1 764/1
f 1117/2 1112/2 1038/2
f 1109/1 1002/1 751/1
f 1108/1 1099/1 1098/1
f 1132/2 1116/2 1100/2
f 764/3 998/3 1106/3
f 1112/2 1113/2 1135/2
f 1110/3 1131/3 1129/3
f 1104/4 1118/4 1114/4
f 1135/2 1113/2 1133/2
f 759/1 1092/1 1094/1
f 1120/4 1121/4 54/4
f 1122/3 1123/3 1094/3
f 1093/3 434/3 1122/3
f 882/1 863/1 866/1
f 1128/2 1222/2 1221/2
f 1129/1 1130/1 1106/1
f 1111/2 1025/2 1134/2
f 1134/1 1025/1 1018/1
f 748/3 746/3 780/3
f 1144/2 1139/2 1013/2
f 1145/3 1148/3 1108/3
f 1146/3 1144/3 1095/3
f 1109/4 1149/4 1136/4
f 1013/2 1139/2 1140/2
f 1002/4 1136/4 1141/4
f 1015/2 1140/2 1137/2
f 1147/3 1145/3 1096/3
f 1141/3 1142/3 1027/3
f 1143/3 1147/3 1102/3
f 1142/3 1143/3 1029/3
f 1005/4 1137/4 1138/4
f 1148/3 1146/3 1099/3
f 1006/4 1138/4 1149/4
f 1226/1 1157/1 1163/1
f 856/3 1158/3 1162/3
f 948/1 1163/1 1162/1
f 1160/1 1161/1 181/1
f 854/3 1159/3 1158/3
f 855/3 1160/3 1159/3
f 976/1 980/1 987/1
f 1201/3 1199/3 847/3
f 168/3 855/3 1196/3
f 1197/3 855/3 854/3
f 1195/3 854/3 856/3
f 1222/3 1129/3 1131/3
f 966/3 806/3 1223/3
f 1224/3 783/3 779/3
f 786/3 783/3 1224/3
f 817/1 823/1 827/1
f 1228/2 1231/2 1230/2
f 1231/2 1232/2 1233/2
f 822/1 1228/1 836/1
f 1035/1 1042/1 1004/1
f 1043/2 1008/2 1009/2
f 908/1 912/1 910/1
f 916/1 915/1 1241/1
f 1242/1 936/1 938/1
f 914/1 916/1 1239/1
f 934/1 914/1 1238/1
f 949/1 899/1 920/1
f 985/1 1268/1 1250/1
f 1246/3 981/3 985/3
f 983/3 1245/3 1253/3
f 1254/1 984/1 979/1
f 992/3 1253/3 979/3
f 1269/1 1272/1 1271/1
f 1249/1 1272/1 981/1
f 1272/3 1270/3 982/3
f 1267/1 1269/1 1274/1
f 983/3 1270/3 1273/3
f 993/1 974/1 972/1
f 973/1 975/1 995/1
f 1275/1 1280/1 1281/1
f 1285/4 1278/4 1277/4
f 1280/3 1279/3 1283/3
f 1277/4 1275/4 1284/4
f 1283/1 1279/1 1276/1
f 994/1 1283/1 1286/1
f 1282/4 1284/4 988/4
f 1281/3 1283/3 994/3
f 991/4 1285/4 1282/4
f 1284/1 1281/1 996/1
f 989/4 1286/4 1285/4
f 1288/1 1256/1 891/1
f 810/3 816/3 814/3
f 1230/1 1233/1 875/1
f 944/1 945/1 1291/1
f 1322/2 1320/2 1319/2
f 1320/3 1327/3 1324/3
f 784/1 785/1 790/1
f 1348/2 1347/2 1349/2
f 1349/1 644/1 997/1
f 1347/2 1346/2 644/2
f 867/1 181/1 1346/1
f 867/1 1347/1 1348/1
f 994/1 972/1 1352/1
f 996/3 1353/3 1352/3
f 758/1 757/1 730/1
f 623/8 613/8 609/8
f 621/3 620/3 611/3
f 625/3 622/3 623/3
f 613/8 623/8 622/8
f 612/8 622/8 617/8
f 617/8 619/8 616/8
f 1323/3 1309/3 1313/3
f 1327/3 1326/3 1325/3
f 1311/8 1315/8 1325/8
f 1478/8 1317/8 1319/8
f 1324/8 1325/8 1315/8
f 1315/8 1314/8 1478/8
f 1319/8 1317/8 1318/8
f 1321/8 1318/8 1479/8
g RR22B_Body_Plane.021_RR22B_Blinker_L
usemtl RR22B_Blinker_L
f 481/9 486/9 480/9
f 480/9 487/9 479/9
f 478/9 479/9 487/9
f 482/9 485/9 481/9
f 483/9 484/9 482/9
f 481/9 485/9 486/9
f 480/9 486/9 487/9
f 482/9 484/9 485/9
f 436/10 517/10 58/10
f 437/10 521/10 56/10
f 60/10 518/10 438/10
f 62/10 519/10 61/10
f 206/11 550/11 549/11
f 565/11 586/11 560/11
f 550/11 216/11 239/11
f 239/11 561/11 559/11
f 549/11 243/11 206/11
f 52/10 523/10 436/10
f 206/11 243/11 242/11
f 242/11 241/11 206/11
f 58/10 518/10 60/10
f 516/10 437/10 59/10
f 519/10 59/10 61/10
f 519/10 438/10 518/10
f 516/10 523/10 524/10
f 519/10 517/10 516/10
f 524/10 522/10 521/10
f 568/11 564/11 560/11
f 560/11 564/11 565/11
f 566/11 567/11 568/11
f 569/11 570/11 585/11
f 561/11 585/11 559/11
f 570/11 568/11 585/11
f 586/11 562/11 563/11
f 585/11 563/11 569/11
f 436/10 523/10 517/10
f 437/10 524/10 521/10
f 565/11 562/11 586/11
f 550/11 206/11 216/11
f 239/11 216/11 561/11
f 52/10 522/10 523/10
f 58/10 517/10 518/10
f 516/10 524/10 437/10
f 519/10 516/10 59/10
f 519/10 62/10 438/10
f 516/10 517/10 523/10
f 519/10 518/10 517/10
f 524/10 523/10 522/10
f 568/11 567/11 564/11
f 561/11 586/11 585/11
f 570/11 566/11 568/11
f 585/11 586/11 563/11
g RR22B_Body_Plane.021_RR22B_Blinker_R
usemtl RR22B_Blinker_R
f 1173/9 1178/9 1177/9
f 1172/9 1179/9 1178/9
f 1170/9 1179/9 1171/9
f 1174/9 1177/9 1176/9
f 1175/9 1174/9 1176/9
f 1173/9 1172/9 1178/9
f 1172/9 1171/9 1179/9
f 1174/9 1173/9 1177/9
f 1124/10 1211/10 1217/10
f 1125/10 1215/10 1218/10
f 738/10 1126/10 1212/10
f 740/10 739/10 1213/10
f 890/11 1243/11 1244/11
f 1288/11 1261/11 1256/11
f 898/11 1244/11 919/11
f 1257/11 919/11 1255/11
f 1243/11 890/11 923/11
f 731/10 1217/10 1216/10
f 890/11 922/11 923/11
f 922/11 890/11 921/11
f 736/10 1212/10 1211/10
f 1210/10 1125/10 1218/10
f 1213/10 737/10 1210/10
f 1126/10 1213/10 1212/10
f 1217/10 1210/10 1218/10
f 1211/10 1213/10 1210/10
f 1216/10 1218/10 1215/10
f 1264/11 1260/11 1263/11
f 1256/11 1261/11 1260/11
f 1262/11 1264/11 1263/11
f 1265/11 1287/11 1266/11
f 1257/11 1287/11 1288/11
f 1264/11 1266/11 1287/11
f 1288/11 1259/11 1258/11
f 1287/11 1259/11 1288/11
f 1124/10 736/10 1211/10
f 1125/10 734/10 1215/10
f 1288/11 1258/11 1261/11
f 898/11 890/11 1244/11
f 1257/11 898/11 919/11
f 731/10 1124/10 1217/10
f 736/10 738/10 1212/10
f 1210/10 737/10 1125/10
f 1213/10 739/10 737/10
f 1126/10 740/10 1213/10
f 1217/10 1211/10 1210/10
f 1211/10 1212/10 1213/10
f 1216/10 1217/10 1218/10
f 1264/11 1256/11 1260/11
f 1257/11 1255/11 1287/11
f 1264/11 1262/11 1266/11
f 1287/11 1265/11 1259/11
g RR22B_Body_Plane.021_RR22B_HeadLights
usemtl RR22B_HeadLights
f 684/12 683/12 682/12
f 1385/12 1386/12 1384/12
f 684/12 685/12 683/12
f 1385/12 1387/12 1386/12
f 520/13 57/13 514/13
f 55/13 522/13 52/13
f 55/13 107/13 515/13
f 514/13 107/13 520/13
f 521/13 515/13 514/13
f 514/13 56/13 521/13
f 735/13 1214/13 1208/13
f 1216/13 733/13 731/13
f 733/13 1209/13 792/13
f 792/13 1208/13 1214/13
f 1209/13 1215/13 1208/13
f 734/13 1208/13 1215/13
f 520/13 77/13 57/13
f 55/13 515/13 522/13
f 514/13 515/13 107/13
f 521/13 522/13 515/13
f 514/13 57/13 56/13
f 735/13 758/13 1214/13
f 1216/13 1209/13 733/13
f 792/13 1209/13 1208/13
f 1209/13 1216/13 1215/13
f 734/13 735/13 1208/13
g RR22B_Body_Plane.021_RR22B_FogLights
usemtl RR22B_FogLights
f 390/13 401/13 389/13
f 384/13 398/13 383/13
f 392/12 402/12 391/12
f 385/13 399/13 384/13
f 393/12 403/12 392/12
f 386/13 399/13 385/13
f 394/12 403/12 393/12
f 387/13 400/13 386/13
f 380/12 396/12 379/12
f 377/12 395/12 394/12
f 388/13 400/13 387/13
f 381/12 397/12 380/12
f 402/13 404/13 401/13
f 389/13 401/13 388/13
f 382/13 397/13 381/13
f 397/12 404/12 396/12
f 391/13 402/13 390/13
f 383/13 398/13 382/13
f 378/12 395/12 377/12
f 379/12 396/12 378/12
f 395/12 378/12 396/12
f 396/12 380/12 397/12
f 397/13 382/13 398/13
f 398/13 384/13 399/13
f 399/13 386/13 400/13
f 388/13 401/13 400/13
f 401/13 390/13 402/13
f 402/12 392/12 403/12
f 403/12 394/12 395/12
f 395/12 404/12 403/12
f 399/13 404/13 398/13
f 401/13 404/13 400/13
f 396/12 404/12 395/12
f 403/12 404/12 402/12
f 398/13 404/13 397/13
f 400/13 404/13 399/13
f 1077/13 1076/13 1088/13
f 1071/13 1070/13 1085/13
f 1079/12 1078/12 1089/12
f 1072/13 1071/13 1086/13
f 1080/12 1079/12 1090/12
f 1073/13 1072/13 1086/13
f 1081/12 1080/12 1090/12
f 1074/13 1073/13 1087/13
f 1067/12 1066/12 1083/12
f 1064/12 1081/12 1082/12
f 1075/13 1074/13 1087/13
f 1068/12 1067/12 1084/12
f 1089/13 1088/13 1091/13
f 1076/13 1075/13 1088/13
f 1069/13 1068/13 1084/13
f 1084/12 1083/12 1091/12
f 1078/13 1077/13 1089/13
f 1070/13 1069/13 1085/13
f 1065/12 1064/12 1082/12
f 1066/12 1065/12 1083/12
f 1082/12 1083/12 1065/12
f 1083/12 1084/12 1067/12
f 1084/13 1085/13 1069/13
f 1085/13 1086/13 1071/13
f 1086/13 1087/13 1073/13
f 1075/13 1087/13 1088/13
f 1088/13 1089/13 1077/13
f 1089/12 1090/12 1079/12
f 1090/12 1082/12 1081/12
f 1082/12 1090/12 1091/12
f 1086/13 1085/13 1091/13
f 1088/13 1087/13 1091/13
f 1083/12 1082/12 1091/12
f 1090/12 1089/12 1091/12
f 1085/13 1084/13 1091/13
f 1087/13 1086/13 1091/13
g RR22B_Body_Plane.021_RR22B_BrakeLight
usemtl RR22B_BrakeLight
f 203/14 196/14 197/14
f 196/14 241/14 242/14
f 200/14 238/14 240/14
f 243/14 199/14 197/14
f 242/14 243/14 197/14
f 549/14 550/14 199/14
f 202/14 201/14 649/14
f 197/14 196/14 242/14
f 199/14 550/14 238/14
f 238/14 200/14 199/14
f 887/14 880/14 886/14
f 880/14 922/14 921/14
f 884/14 920/14 918/14
f 883/14 923/14 881/14
f 922/14 881/14 923/14
f 1243/14 883/14 1244/14
f 886/14 885/14 887/14
f 881/14 922/14 880/14
f 883/14 918/14 1244/14
f 918/14 883/14 884/14
f 203/14 202/14 196/14
f 243/14 549/14 199/14
f 202/14 203/14 201/14
f 887/14 881/14 880/14
f 883/14 1243/14 923/14
f 886/14 1351/14 885/14
g RR22B_Body_Plane.021_RR22B_BrakeLight2
usemtl RR22B_BrakeLight2
f 208/14 210/14 568/14
f 210/14 209/14 568/14
f 217/14 559/14 198/14
f 559/14 585/14 198/14
f 238/14 550/14 239/14
f 439/14 568/14 209/14
f 1246/14 554/14 1247/14
f 585/14 439/14 198/14
f 892/14 1264/14 894/14
f 894/14 1264/14 893/14
f 899/14 1255/14 919/14
f 1255/14 882/14 1287/14
f 919/14 1244/14 918/14
f 1127/14 893/14 1264/14
f 1246/14 1250/14 1249/14
f 1127/14 1287/14 882/14
f 554/14 552/14 555/14
f 1250/14 1248/14 1249/14
f 217/14 239/14 559/14
f 217/14 240/14 239/14
f 240/14 238/14 239/14
f 1246/14 553/14 554/14
f 585/14 568/14 439/14
f 899/14 882/14 1255/14
f 918/14 920/14 919/14
f 920/14 899/14 919/14
f 1246/14 1247/14 1250/14
f 1127/14 1264/14 1287/14
f 554/14 553/14 552/14
f 1250/14 1251/14 1248/14
g RR22B_Body_Plane.021_RR22B_ReverseLights
usemtl RR22B_ReverseLights
f 563/15 570/15 569/15
f 1259/15 1266/15 1258/15
f 562/15 566/15 570/15
f 565/15 567/15 566/15
f 1261/15 1263/15 1260/15
f 1258/15 1262/15 1261/15
f 563/15 562/15 570/15
f 1259/15 1265/15 1266/15
f 562/15 565/15 566/15
f 565/15 564/15 567/15
f 1261/15 1262/15 1263/15
f 1258/15 1266/15 1262/15
g RR22B_Body_Plane.021_RRBaseMatGeneral
usemtl RRBaseMatGeneral
f 376/16 358/16 359/16
f 361/16 592/16 362/16
f 369/16 598/16 599/16
f 375/16 606/16 376/16
f 360/16 591/16 361/16
f 368/16 597/16 598/16
f 374/16 605/16 375/16
f 359/16 590/16 360/16
f 367/16 596/16 597/16
f 373/16 604/16 374/16
f 366/16 595/16 596/16
f 372/16 603/16 373/16
f 365/16 594/16 595/16
f 372/16 601/16 602/16
f 363/16 594/16 364/16
f 371/16 600/16 601/16
f 362/16 593/16 363/16
f 370/16 599/16 600/16
f 374/16 391/16 373/16
f 367/16 384/16 366/16
f 378/16 359/16 360/16
f 375/16 392/16 374/16
f 368/16 385/16 367/16
f 379/16 360/16 361/16
f 376/16 393/16 375/16
f 387/16 368/16 369/16
f 380/16 361/16 362/16
f 359/16 394/16 376/16
f 388/16 369/16 370/16
f 381/16 362/16 363/16
f 389/16 370/16 371/16
f 364/16 381/16 363/16
f 390/16 371/16 372/16
f 365/16 382/16 364/16
f 391/16 372/16 373/16
f 366/16 383/16 365/16
f 474/16 1164/16 1166/16
f 474/16 252/16 475/16
f 627/17 632/17 628/17
f 634/16 636/16 635/16
f 635/16 639/16 638/16
f 638/16 639/16 637/16
f 639/16 634/16 637/16
f 1045/16 1063/16 1046/16
f 1294/16 1048/16 1049/16
f 1056/16 1300/16 1055/16
f 1308/16 1062/16 1063/16
f 1293/16 1047/16 1048/16
f 1055/16 1299/16 1054/16
f 1307/16 1061/16 1062/16
f 1292/16 1046/16 1047/16
f 1054/16 1298/16 1053/16
f 1306/16 1060/16 1061/16
f 1053/16 1297/16 1052/16
f 1305/16 1059/16 1060/16
f 1052/16 1296/16 1051/16
f 1059/16 1303/16 1058/16
f 1296/16 1050/16 1051/16
f 1058/16 1302/16 1057/16
f 1295/16 1049/16 1050/16
f 1057/16 1301/16 1056/16
f 1061/16 1078/16 1079/16
f 1054/16 1071/16 1072/16
f 1046/16 1065/16 1047/16
f 1062/16 1079/16 1080/16
f 1055/16 1072/16 1073/16
f 1047/16 1066/16 1048/16
f 1063/16 1080/16 1081/16
f 1055/16 1074/16 1056/16
f 1048/16 1067/16 1049/16
f 1046/16 1081/16 1064/16
f 1056/16 1075/16 1057/16
f 1049/16 1068/16 1050/16
f 1057/16 1076/16 1058/16
f 1051/16 1068/16 1069/16
f 1058/16 1077/16 1059/16
f 1052/16 1069/16 1070/16
f 1059/16 1078/16 1060/16
f 1053/16 1070/16 1071/16
f 1164/16 1165/16 1166/16
f 1165/16 1167/16 932/16
f 1329/17 1330/17 1334/17
f 1336/16 1337/16 1338/16
f 1337/16 1341/16 1338/16
f 1340/16 1339/16 1341/16
f 1341/16 1336/16 1338/16
f 1455/16 1457/16 1456/16
f 1457/16 1455/16 1458/16
f 1458/16 1455/16 1454/16
f 1454/16 1461/16 1459/16
f 1461/16 1460/16 1459/16
f 1459/16 1458/16 1454/16
f 628/17 632/17 631/17
f 631/17 630/17 629/17
f 629/17 628/17 631/17
f 632/17 627/17 633/17
f 633/17 627/17 626/17
f 1334/17 1335/17 1329/17
f 1335/17 1328/17 1329/17
f 1334/17 1330/17 1333/17
f 1333/17 1331/17 1332/17
f 1331/17 1333/17 1330/17
f 376/16 606/16 358/16
f 361/16 591/16 592/16
f 369/16 368/16 598/16
f 375/16 605/16 606/16
f 360/16 590/16 591/16
f 368/16 367/16 597/16
f 374/16 604/16 605/16
f 359/16 358/16 590/16
f 367/16 366/16 596/16
f 373/16 603/16 604/16
f 366/16 365/16 595/16
f 372/16 602/16 603/16
f 365/16 364/16 594/16
f 372/16 371/16 601/16
f 363/16 593/16 594/16
f 371/16 370/16 600/16
f 362/16 592/16 593/16
f 370/16 369/16 599/16
f 374/16 392/16 391/16
f 367/16 385/16 384/16
f 378/16 377/16 359/16
f 375/16 393/16 392/16
f 368/16 386/16 385/16
f 379/16 378/16 360/16
f 376/16 394/16 393/16
f 387/16 386/16 368/16
f 380/16 379/16 361/16
f 359/16 377/16 394/16
f 388/16 387/16 369/16
f 381/16 380/16 362/16
f 389/16 388/16 370/16
f 364/16 382/16 381/16
f 390/16 389/16 371/16
f 365/16 383/16 382/16
f 391/16 390/16 372/16
f 366/16 384/16 383/16
f 474/16 475/16 1164/16
f 635/16 636/16 639/16
f 639/16 636/16 634/16
f 1045/16 1308/16 1063/16
f 1294/16 1293/16 1048/16
f 1056/16 1301/16 1300/16
f 1308/16 1307/16 1062/16
f 1293/16 1292/16 1047/16
f 1055/16 1300/16 1299/16
f 1307/16 1306/16 1061/16
f 1292/16 1045/16 1046/16
f 1054/16 1299/16 1298/16
f 1306/16 1305/16 1060/16
f 1053/16 1298/16 1297/16
f 1305/16 1304/16 1059/16
f 1052/16 1297/16 1296/16
f 1059/16 1304/16 1303/16
f 1296/16 1295/16 1050/16
f 1058/16 1303/16 1302/16
f 1295/16 1294/16 1049/16
f 1057/16 1302/16 1301/16
f 1061/16 1060/16 1078/16
f 1054/16 1053/16 1071/16
f 1046/16 1064/16 1065/16
f 1062/16 1061/16 1079/16
f 1055/16 1054/16 1072/16
f 1047/16 1065/16 1066/16
f 1063/16 1062/16 1080/16
f 1055/16 1073/16 1074/16
f 1048/16 1066/16 1067/16
f 1046/16 1063/16 1081/16
f 1056/16 1074/16 1075/16
f 1049/16 1067/16 1068/16
f 1057/16 1075/16 1076/16
f 1051/16 1050/16 1068/16
f 1058/16 1076/16 1077/16
f 1052/16 1051/16 1069/16
f 1059/16 1077/16 1078/16
f 1053/16 1052/16 1070/16
f 1164/16 1167/16 1165/16
f 1337/16 1340/16 1341/16
f 1341/16 1339/16 1336/16
f 46/16 500/16 50/16
f 48/16 499/16 46/16
f 49/16 498/16 48/16
f 50/16 501/16 47/16
f 47/16 501/16 132/16
f 45/16 159/16 160/16
f 29/16 166/16 38/16
f 38/16 161/16 33/16
f 42/16 165/16 163/16
f 29/16 163/16 164/16
f 497/16 162/16 45/16
f 47/16 165/16 25/16
f 160/16 159/16 167/16
f 160/16 167/16 155/16
f 23/16 503/16 1198/16
f 158/16 503/16 156/16
f 155/16 504/16 158/16
f 155/16 167/16 502/16
f 944/16 122/16 809/16
f 115/16 110/16 108/16
f 116/16 284/16 110/16
f 285/16 108/16 110/16
f 111/16 286/16 109/16
f 109/16 286/16 114/16
f 284/16 285/16 110/16
f 114/16 283/16 113/16
f 112/16 286/16 111/16
f 322/16 356/16 319/16
f 427/16 444/16 428/16
f 426/16 429/16 424/16
f 527/16 430/16 443/16
f 425/16 445/16 422/16
f 425/16 426/16 424/16
f 432/16 435/16 431/16
f 1121/16 433/16 432/16
f 422/16 445/16 423/16
f 453/16 454/16 448/16
f 454/16 455/16 448/16
f 448/16 459/16 457/16
f 448/16 460/16 461/16
f 458/16 461/16 460/16
f 451/16 449/16 456/16
f 458/16 449/16 450/16
f 270/16 542/16 541/16
f 91/16 462/16 90/16
f 776/16 1151/16 91/16
f 92/16 89/16 462/16
f 419/16 462/16 89/16
f 87/16 462/16 419/16
f 88/16 462/16 87/16
f 90/16 462/16 88/16
f 462/16 1151/16 542/16
f 462/16 463/16 464/16
f 463/16 466/16 464/16
f 466/16 465/16 467/16
f 467/16 103/16 104/16
f 104/16 102/16 467/16
f 466/16 102/16 105/16
f 467/16 102/16 466/16
f 105/16 641/16 466/16
f 466/16 357/16 464/16
f 357/16 640/16 464/16
f 92/16 462/16 86/16
f 86/16 464/16 106/16
f 268/16 152/16 542/16
f 542/16 151/16 153/16
f 542/16 153/16 463/16
f 153/16 150/16 463/16
f 463/16 150/16 465/16
f 150/16 154/16 465/16
f 154/16 103/16 467/16
f 465/16 154/16 467/16
f 254/16 253/16 474/16
f 257/16 254/16 474/16
f 253/16 252/16 474/16
f 257/16 1166/16 941/16
f 475/16 476/16 541/16
f 475/16 249/16 247/16
f 252/16 250/16 475/16
f 250/16 251/16 475/16
f 249/16 475/16 248/16
f 259/16 248/16 475/16
f 259/16 475/16 251/16
f 237/16 477/16 475/16
f 237/16 643/16 477/16
f 227/16 231/16 477/16
f 194/16 477/16 231/16
f 194/16 187/16 477/16
f 187/16 526/16 477/16
f 477/16 186/16 476/16
f 186/16 525/16 476/16
f 189/16 476/16 188/16
f 476/16 642/16 192/16
f 541/16 192/16 193/16
f 142/16 489/16 488/16
f 142/16 511/16 143/16
f 148/16 491/16 492/16
f 260/16 491/16 145/16
f 144/16 492/16 494/16
f 133/16 494/16 489/16
f 143/16 513/16 260/16
f 495/16 33/16 161/16
f 500/16 68/16 501/16
f 499/16 67/16 500/16
f 498/16 69/16 499/16
f 1193/16 70/16 498/16
f 132/16 501/16 68/16
f 146/16 506/16 147/16
f 146/16 507/16 505/16
f 157/16 509/16 149/16
f 157/16 510/16 508/16
f 490/16 512/16 185/16
f 184/16 512/16 510/16
f 493/16 506/16 513/16
f 490/16 513/16 511/16
f 149/16 507/16 496/16
f 542/16 269/16 268/16
f 541/16 193/16 270/16
f 542/16 1289/16 541/16
f 157/18 185/18 184/18
f 1289/16 475/16 541/16
f 443/16 426/16 422/16
f 7/16 8/16 21/16
f 464/16 640/16 106/16
f 466/16 641/16 357/16
f 477/16 643/16 227/16
f 475/16 247/16 237/16
f 477/16 526/16 186/16
f 476/16 525/16 188/16
f 1192/16 726/16 729/16
f 1191/16 728/16 726/16
f 1190/16 49/16 728/16
f 1194/16 729/16 727/16
f 727/16 818/16 1194/16
f 725/16 845/16 848/16
f 852/16 711/16 719/16
f 847/16 719/16 714/16
f 722/16 851/16 708/16
f 711/16 849/16 722/16
f 848/16 1189/16 725/16
f 851/16 727/16 708/16
f 846/16 853/16 845/16
f 846/16 841/16 853/16
f 23/16 1196/16 842/16
f 1196/16 844/16 842/16
f 1197/16 841/16 844/16
f 841/16 1195/16 853/16
f 810/16 944/16 809/16
f 800/16 793/16 795/16
f 801/16 795/16 968/16
f 969/16 795/16 793/16
f 796/16 794/16 970/16
f 794/16 799/16 970/16
f 968/16 795/16 969/16
f 967/16 799/16 798/16
f 797/16 796/16 970/16
f 1043/16 322/16 319/16
f 1115/16 1132/16 1221/16
f 1114/16 1112/16 1117/16
f 1221/16 1118/16 1115/16
f 1113/16 1110/16 1133/16
f 1114/16 1113/16 1112/16
f 1123/16 1120/16 1119/16
f 1121/16 1122/16 434/16
f 1110/16 1111/16 1133/16
f 1141/16 1136/16 1142/16
f 1142/16 1136/16 1143/16
f 1147/16 1136/16 1145/16
f 1136/16 1148/16 1145/16
f 1149/16 1146/16 1148/16
f 1139/16 1137/16 1140/16
f 1137/16 1146/16 1138/16
f 954/16 1236/16 953/16
f 775/16 1150/16 1151/16
f 776/16 775/16 1151/16
f 777/16 1150/16 773/16
f 1107/16 773/16 1150/16
f 771/16 1107/16 1150/16
f 772/16 771/16 1150/16
f 774/16 772/16 1150/16
f 1150/16 1236/16 1151/16
f 1150/16 1152/16 1236/16
f 1155/16 1152/16 1153/16
f 1155/16 1156/16 1154/16
f 1156/16 789/16 788/16
f 789/16 1156/16 787/16
f 1155/16 790/16 787/16
f 1156/16 1155/16 787/16
f 790/16 1155/16 1343/16
f 1155/16 1153/16 1044/16
f 1044/16 1153/16 1342/16
f 777/16 770/16 1150/16
f 770/16 1153/16 1150/16
f 952/16 1236/16 838/16
f 837/16 1236/16 839/16
f 1236/16 1152/16 839/16
f 839/16 1152/16 836/16
f 1152/16 1154/16 836/16
f 836/16 1154/16 840/16
f 840/16 1156/16 788/16
f 1154/16 1156/16 840/16
f 934/16 1165/16 933/16
f 938/16 1165/16 934/16
f 933/16 1165/16 932/16
f 1166/16 938/16 941/16
f 1168/16 1167/16 1235/16
f 1167/16 927/16 929/16
f 932/16 1167/16 930/16
f 930/16 1167/16 931/16
f 929/16 928/16 1167/16
f 942/16 1167/16 928/16
f 942/16 931/16 1167/16
f 917/16 1167/16 1169/16
f 917/16 1169/16 1345/16
f 908/16 1169/16 912/16
f 878/16 912/16 1169/16
f 878/16 1169/16 871/16
f 871/16 1169/16 1220/16
f 1169/16 1168/16 870/16
f 870/16 1168/16 1219/16
f 873/16 872/16 1168/16
f 1344/16 1168/16 876/16
f 876/16 1235/16 877/16
f 828/16 1181/16 819/16
f 1205/16 828/16 829/16
f 834/16 1183/16 831/16
f 1183/16 943/16 831/16
f 830/16 1184/16 834/16
f 819/16 1186/16 830/16
f 1207/16 829/16 943/16
f 1187/16 714/16 1189/16
f 747/16 1192/16 1194/16
f 746/16 1191/16 1192/16
f 748/16 1190/16 1191/16
f 749/16 1193/16 1190/16
f 818/16 747/16 1194/16
f 1200/16 832/16 833/16
f 832/16 1201/16 1188/16
f 1203/16 843/16 835/16
f 843/16 1204/16 868/16
f 1206/16 1182/16 869/16
f 868/16 1206/16 869/16
f 1185/16 1200/16 833/16
f 1182/16 1207/16 1185/16
f 1201/16 835/16 1188/16
f 1236/16 952/16 953/16
f 1235/16 954/16 877/16
f 1289/16 1236/16 1235/16
f 843/18 868/18 869/18
f 1289/16 1167/16 1164/16
f 1114/16 1131/16 1110/16
f 692/16 690/16 706/16
f 1153/16 791/16 1342/16
f 1155/16 1044/16 1343/16
f 1169/16 908/16 1345/16
f 1167/16 917/16 927/16
f 1169/16 870/16 1220/16
f 1168/16 872/16 1219/16
f 1408/19 1415/19 1407/19
f 1406/20 1413/20 1405/20
f 1412/20 1403/20 1404/20
f 1410/19 1401/19 1402/19
f 1408/19 1409/19 1416/19
f 1411/21 1402/21 1403/21
f 1407/21 1414/21 1406/21
f 1405/20 1412/20 1404/20
f 1408/20 1406/20 1405/20
f 1404/20 1402/20 1401/20
f 1408/20 1404/20 1401/20
f 1444/16 1417/16 1390/16
f 1448/16 1417/16 1393/16
f 1388/16 1417/16 1389/16
f 1446/16 1417/16 1447/16
f 1390/16 1417/16 1445/16
f 1393/16 1417/16 1388/16
f 1389/16 1417/16 1443/16
f 1447/16 1417/16 1392/16
f 1445/16 1417/16 1391/16
f 1443/16 1417/16 1444/16
f 1392/16 1417/16 1448/16
f 1391/16 1417/16 1446/16
f 1399/22 1442/22 1398/22
f 1453/22 1442/22 1452/22
f 1396/22 1442/22 1449/22
f 1398/22 1442/22 1397/22
f 1452/22 1442/22 1451/22
f 1449/22 1442/22 1395/22
f 1394/22 1442/22 1400/22
f 1397/22 1442/22 1450/22
f 1451/22 1442/22 1399/22
f 1395/22 1442/22 1394/22
f 1400/22 1442/22 1453/22
f 1450/22 1442/22 1396/22
f 1436/22 1423/22 1424/22
f 1433/21 1420/21 1421/21
f 1428/21 1439/21 1427/21
f 1425/22 1436/22 1424/22
f 1434/21 1421/21 1422/21
f 1429/19 1440/19 1428/19
f 1431/19 1418/19 1419/19
f 1426/22 1437/22 1425/22
f 1435/22 1422/22 1423/22
f 1418/19 1441/19 1429/19
f 1432/19 1419/19 1420/19
f 1427/21 1438/21 1426/21
f 1450/21 1444/21 1390/21
f 1393/19 1453/19 1448/19
f 1395/19 1388/19 1389/19
f 1447/20 1399/20 1446/20
f 1397/20 1390/20 1445/20
f 1388/19 1400/19 1393/19
f 1449/19 1389/19 1443/19
f 1392/21 1451/21 1447/21
f 1398/20 1445/20 1391/20
f 1396/21 1443/21 1444/21
f 1448/21 1452/21 1392/21
f 1446/20 1398/20 1391/20
f 1410/21 1416/21 1409/21
f 1414/21 1410/21 1411/21
f 1412/21 1414/21 1411/21
f 46/16 499/16 500/16
f 48/16 498/16 499/16
f 49/16 1193/16 498/16
f 50/16 500/16 501/16
f 45/16 162/16 159/16
f 29/16 164/16 166/16
f 38/16 166/16 161/16
f 42/16 25/16 165/16
f 29/16 42/16 163/16
f 497/16 495/16 162/16
f 47/16 132/16 165/16
f 23/16 156/16 503/16
f 158/16 504/16 503/16
f 155/16 502/16 504/16
f 944/16 261/16 122/16
f 114/16 286/16 283/16
f 322/16 323/16 356/16
f 427/16 527/16 444/16
f 527/16 427/16 430/16
f 425/16 422/16 426/16
f 432/16 433/16 435/16
f 1121/16 434/16 433/16
f 448/16 455/16 459/16
f 448/16 457/16 460/16
f 458/16 450/16 461/16
f 451/16 452/16 449/16
f 458/16 456/16 449/16
f 270/16 269/16 542/16
f 91/16 1151/16 462/16
f 462/16 542/16 463/16
f 463/16 465/16 466/16
f 86/16 462/16 464/16
f 542/16 152/16 151/16
f 257/16 474/16 1166/16
f 475/16 477/16 476/16
f 476/16 189/16 642/16
f 541/16 476/16 192/16
f 142/16 133/16 489/16
f 142/16 488/16 511/16
f 148/16 145/16 491/16
f 260/16 513/16 491/16
f 144/16 148/16 492/16
f 133/16 144/16 494/16
f 143/16 511/16 513/16
f 495/16 497/16 33/16
f 500/16 67/16 68/16
f 499/16 69/16 67/16
f 498/16 70/16 69/16
f 1193/16 750/16 70/16
f 146/16 505/16 506/16
f 146/16 496/16 507/16
f 157/16 508/16 509/16
f 157/16 184/16 510/16
f 490/16 511/16 512/16
f 184/16 185/16 512/16
f 493/16 147/16 506/16
f 490/16 493/16 513/16
f 149/16 509/16 507/16
f 542/16 1151/16 1289/16
f 1289/16 1164/16 475/16
f 443/16 430/16 426/16
f 16/16 2/16 1/16
f 5/16 11/16 10/16
f 16/16 1/16 5/16
f 15/16 20/16 16/16
f 17/16 14/16 15/16
f 13/16 12/16 17/16
f 19/16 18/16 21/16
f 21/16 13/16 17/16
f 17/16 15/16 16/16
f 16/16 5/16 21/16
f 5/16 10/16 6/16
f 7/16 5/16 6/16
f 7/16 3/16 4/16
f 8/16 9/16 21/16
f 9/16 19/16 21/16
f 7/16 4/16 8/16
f 5/16 7/16 21/16
f 21/16 17/16 16/16
f 1192/16 1191/16 726/16
f 1191/16 1190/16 728/16
f 1190/16 1193/16 49/16
f 1194/16 1192/16 729/16
f 725/16 846/16 845/16
f 852/16 850/16 711/16
f 847/16 852/16 719/16
f 722/16 849/16 851/16
f 711/16 850/16 849/16
f 848/16 1187/16 1189/16
f 851/16 818/16 727/16
f 23/16 1198/16 1196/16
f 1196/16 1197/16 844/16
f 1197/16 1195/16 841/16
f 810/16 945/16 944/16
f 967/16 970/16 799/16
f 1043/16 1010/16 322/16
f 1115/16 1116/16 1132/16
f 1221/16 1131/16 1118/16
f 1114/16 1110/16 1113/16
f 1123/16 1122/16 1120/16
f 1121/16 1120/16 1122/16
f 1147/16 1143/16 1136/16
f 1136/16 1149/16 1148/16
f 1149/16 1138/16 1146/16
f 1139/16 1144/16 1137/16
f 1137/16 1144/16 1146/16
f 954/16 1235/16 1236/16
f 775/16 774/16 1150/16
f 1150/16 1153/16 1152/16
f 1155/16 1154/16 1152/16
f 770/16 791/16 1153/16
f 837/16 838/16 1236/16
f 1166/16 1165/16 938/16
f 1168/16 1169/16 1167/16
f 1344/16 873/16 1168/16
f 876/16 1168/16 1235/16
f 828/16 1180/16 1181/16
f 1205/16 1180/16 828/16
f 834/16 1184/16 1183/16
f 1183/16 1207/16 943/16
f 830/16 1186/16 1184/16
f 819/16 1181/16 1186/16
f 1207/16 1205/16 829/16
f 1187/16 847/16 714/16
f 747/16 746/16 1192/16
f 746/16 748/16 1191/16
f 748/16 749/16 1190/16
f 749/16 750/16 1193/16
f 1200/16 1199/16 832/16
f 832/16 1199/16 1201/16
f 1203/16 1202/16 843/16
f 843/16 1202/16 1204/16
f 1206/16 1205/16 1182/16
f 868/16 1204/16 1206/16
f 1185/16 1207/16 1200/16
f 1182/16 1205/16 1207/16
f 1201/16 1203/16 835/16
f 1289/16 1151/16 1236/16
f 1289/16 1235/16 1167/16
f 1114/16 1118/16 1131/16
f 686/16 687/16 701/16
f 701/16 705/16 700/16
f 700/16 699/16 702/16
f 702/16 697/16 698/16
f 706/16 703/16 704/16
f 702/16 698/16 706/16
f 701/16 700/16 702/16
f 690/16 686/16 701/16
f 695/16 696/16 690/16
f 692/16 691/16 690/16
f 691/16 695/16 690/16
f 689/16 688/16 692/16
f 704/16 694/16 706/16
f 694/16 693/16 706/16
f 693/16 689/16 692/16
f 690/16 701/16 706/16
f 701/16 702/16 706/16
f 692/16 706/16 693/16
f 1408/19 1416/19 1415/19
f 1406/20 1414/20 1413/20
f 1412/20 1411/20 1403/20
f 1410/19 1409/19 1401/19
f 1408/19 1401/19 1409/19
f 1411/21 1410/21 1402/21
f 1407/21 1415/21 1414/21
f 1405/20 1413/20 1412/20
f 1408/20 1407/20 1406/20
f 1404/20 1403/20 1402/20
f 1408/20 1405/20 1404/20
f 1436/22 1435/22 1423/22
f 1433/21 1432/21 1420/21
f 1428/21 1440/21 1439/21
f 1425/22 1437/22 1436/22
f 1434/21 1433/21 1421/21
f 1429/19 1441/19 1440/19
f 1431/19 1430/19 1418/19
f 1426/22 1438/22 1437/22
f 1435/22 1434/22 1422/22
f 1418/19 1430/19 1441/19
f 1432/19 1431/19 1419/19
f 1427/21 1439/21 1438/21
f 1450/21 1396/21 1444/21
f 1393/19 1400/19 1453/19
f 1395/19 1394/19 1388/19
f 1447/20 1451/20 1399/20
f 1397/20 1450/20 1390/20
f 1388/19 1394/19 1400/19
f 1449/19 1395/19 1389/19
f 1392/21 1452/21 1451/21
f 1398/20 1397/20 1445/20
f 1396/21 1449/21 1443/21
f 1448/21 1453/21 1452/21
f 1446/20 1399/20 1398/20
f 1410/21 1415/21 1416/21
f 1414/21 1415/21 1410/21
f 1412/21 1413/21 1414/21
g RR22B_Body_Plane.021_RRBaseMatWM
usemtl RRBaseMatWM
f 654/18 653/18 655/18
f 1356/18 1355/18 1354/18
f 652/18 654/18 676/18
f 676/18 658/18 656/18
f 656/18 659/18 657/18
f 656/18 652/18 676/18
f 1354/18 1358/18 1378/18
f 1358/18 1361/18 1360/18
f 1360/18 1378/18 1358/18
f 1378/18 1356/18 1354/18
f 654/18 652/18 653/18
f 1356/18 1357/18 1355/18
f 656/18 658/18 659/18
f 1358/18 1359/18 1361/18
f 26/18 46/18 24/18
f 25/18 50/18 47/18
f 26/18 49/18 48/18
f 50/18 24/18 46/18
f 24/18 50/18 25/18
f 22/18 156/18 23/18
f 158/18 43/18 155/18
f 493/18 490/18 147/18
f 146/18 490/18 185/18
f 146/18 185/18 496/18
f 149/18 185/18 157/18
f 133/18 142/18 143/18
f 144/18 133/18 143/18
f 144/18 143/18 148/18
f 148/18 143/18 145/18
f 260/18 145/18 143/18
f 496/18 185/18 149/18
f 43/18 160/18 155/18
f 158/18 44/18 43/18
f 726/18 709/18 707/18
f 708/18 727/18 729/18
f 709/18 49/18 27/18
f 729/18 726/18 707/18
f 707/18 708/18 729/18
f 22/18 842/18 724/18
f 844/18 841/18 723/18
f 1185/18 833/18 1182/18
f 832/18 1182/18 833/18
f 832/18 1188/18 869/18
f 835/18 843/18 869/18
f 819/18 829/18 828/18
f 830/18 829/18 819/18
f 830/18 834/18 829/18
f 834/18 831/18 829/18
f 943/18 829/18 831/18
f 1188/18 835/18 869/18
f 723/18 846/18 725/18
f 724/18 844/18 723/18
f 26/18 48/18 46/18
f 26/18 27/18 49/18
f 22/18 44/18 156/18
f 146/18 147/18 490/18
f 43/18 45/18 160/18
f 158/18 156/18 44/18
f 726/18 728/18 709/18
f 709/18 728/18 49/18
f 22/18 23/18 842/18
f 832/18 869/18 1182/18
f 723/18 841/18 846/18
f 724/18 842/18 844/18
o RR22B_Misc_Cube.003
v -0.102896 0.450732 -2.138626
v -0.100261 0.420825 -2.140145
v -0.102896 0.452313 -2.153728
v -0.100261 0.425699 -2.157707
v -0.117870 0.450732 -2.138626
v -0.120505 0.420825 -2.140145
v -0.117870 0.452313 -2.153728
v -0.120505 0.425699 -2.157707
v -0.102921 0.411261 2.035636
v -0.096651 0.408721 2.035096
v -0.094054 0.402588 2.033791
v -0.096651 0.396455 2.032487
v -0.102921 0.393914 2.031947
v -0.109191 0.396455 2.032487
v -0.111788 0.402588 2.033791
v -0.109191 0.408721 2.035096
v -0.152219 0.436858 -2.151076
v -0.143086 0.285996 -2.170197
v -0.143086 0.445474 -2.149983
v 0.152219 0.436858 -2.151076
v 0.152222 0.420467 2.036694
v 0.143089 0.271724 2.005061
v -0.143084 0.428962 2.038501
v 0.102896 0.450732 -2.138626
v 0.100261 0.420825 -2.140145
v 0.102896 0.452313 -2.153728
v 0.100261 0.425699 -2.157707
v 0.117870 0.450732 -2.138626
v 0.120505 0.420825 -2.140145
v 0.117870 0.452313 -2.153728
v 0.120505 0.425699 -2.157707
v 0.102926 0.411261 2.035636
v 0.096656 0.408721 2.035096
v 0.094059 0.402588 2.033791
v 0.096656 0.396455 2.032487
v 0.102926 0.393914 2.031947
v 0.109196 0.396455 2.032487
v 0.111793 0.402588 2.033791
v 0.109196 0.408721 2.035096
v 0.143086 0.285996 -2.170197
v 0.152219 0.294612 -2.169106
v 0.143086 0.445474 -2.149983
v -0.152219 0.294612 -2.169105
v -0.152217 0.420467 2.036694
v -0.143084 0.271724 2.005061
v -0.152217 0.280219 2.006868
v 0.152222 0.280219 2.006868
v 0.143089 0.428962 2.038501
v -0.139637 0.436911 -2.151069
v -0.143588 0.433184 -2.151541
v 0.139640 0.420519 2.036705
v 0.143590 0.416844 2.035923
v 0.143590 0.283841 2.007638
v 0.139640 0.280167 2.006857
v 0.139637 0.436911 -2.151069
v -0.139637 0.294559 -2.169112
v 0.139637 0.294559 -2.169112
v 0.143588 0.433184 -2.151541
v 0.143588 0.298286 -2.168640
v -0.143588 0.298286 -2.168640
v -0.139635 0.420519 2.036705
v -0.139635 0.280167 2.006857
v -0.143585 0.416844 2.035923
v -0.143585 0.283841 2.007638
vt 0.043774 0.137468
vt 0.540509 0.126958
s 1
g RR22B_Misc_Cube.003_RRBaseMatGeneral
usemtl RRBaseMatGeneral
f 1480/23 1483/23 1482/23
f 1483/23 1486/23 1482/23
f 1487/23 1484/23 1486/23
f 1486/23 1480/23 1482/23
f 1483/23 1485/23 1487/23
f 1489/23 1490/23 1491/23
f 1528/24 1539/24 1535/24
f 1541/24 1530/24 1533/24
f 1503/23 1506/23 1504/23
f 1509/23 1506/23 1505/23
f 1507/23 1510/23 1509/23
f 1503/23 1509/23 1505/23
f 1508/23 1506/23 1510/23
f 1512/23 1514/23 1513/23
f 1529/23 1498/23 1496/23
f 1531/23 1527/23 1500/23
f 1532/23 1501/23 1533/23
f 1532/23 1500/23 1526/23
f 1534/23 1498/23 1528/23
f 1535/23 1519/23 1536/23
f 1537/23 1521/23 1534/23
f 1538/23 1499/23 1537/23
f 1539/23 1497/23 1535/23
f 1529/23 1522/23 1539/23
f 1540/23 1527/23 1530/23
f 1533/23 1524/23 1541/23
f 1542/23 1502/23 1540/23
f 1538/23 1519/23 1520/23
f 1543/23 1523/23 1542/23
f 1543/23 1524/23 1525/23
f 1535/24 1534/24 1528/24
f 1536/24 1537/24 1534/24
f 1531/24 1533/24 1530/24
f 1541/24 1542/24 1540/24
f 1491/23 1492/23 1489/23
f 1489/23 1492/23 1488/23
f 1488/23 1492/23 1493/23
f 1493/23 1494/23 1495/23
f 1495/23 1488/23 1493/23
f 1515/23 1518/23 1516/23
f 1516/23 1518/23 1517/23
f 1514/23 1512/23 1515/23
f 1515/23 1512/23 1511/23
f 1511/23 1518/23 1515/23
f 1480/23 1481/23 1483/23
f 1483/23 1487/23 1486/23
f 1487/23 1485/23 1484/23
f 1486/23 1484/23 1480/23
f 1483/23 1481/23 1485/23
f 1528/24 1529/24 1539/24
f 1541/24 1540/24 1530/24
f 1503/23 1505/23 1506/23
f 1509/23 1510/23 1506/23
f 1507/23 1508/23 1510/23
f 1503/23 1507/23 1509/23
f 1508/23 1504/23 1506/23
f 1529/23 1528/23 1498/23
f 1531/23 1530/23 1527/23
f 1532/23 1526/23 1501/23
f 1532/23 1531/23 1500/23
f 1534/23 1521/23 1498/23
f 1535/23 1497/23 1519/23
f 1537/23 1499/23 1521/23
f 1538/23 1520/23 1499/23
f 1539/23 1522/23 1497/23
f 1529/23 1496/23 1522/23
f 1540/23 1502/23 1527/23
f 1533/23 1501/23 1524/23
f 1542/23 1523/23 1502/23
f 1538/23 1536/23 1519/23
f 1543/23 1525/23 1523/23
f 1543/23 1541/23 1524/23
f 1535/24 1536/24 1534/24
f 1536/24 1538/24 1537/24
f 1531/24 1532/24 1533/24
f 1541/24 1543/24 1542/24
o RR22B_Wheel_Plane.001
v 0.854391 0.320344 0.890101
v 0.854391 0.443286 0.914555
v 0.854391 0.547510 0.984196
v 0.854391 0.617151 1.088420
v 0.854391 0.641605 1.211361
v 0.854391 0.617151 1.334303
v 0.854391 0.547510 1.438527
v 0.854391 0.443285 1.508168
v 0.854391 0.320344 1.532622
v 0.854391 0.197403 1.508168
v 0.854391 0.093179 1.438527
v 0.854391 0.023538 1.334303
v 0.854391 -0.000917 1.211361
v 0.854391 0.023538 1.088420
v 0.854391 0.093179 0.984196
v 0.854391 0.197403 0.914555
v 0.862833 0.410500 0.993707
v 0.862833 0.320344 0.975774
v 0.862833 0.230189 0.993707
v 0.862833 0.230189 1.429016
v 0.862833 0.320344 1.446949
v 0.862833 0.486930 1.044776
v 0.862833 0.153759 1.377947
v 0.862833 0.537999 1.121206
v 0.862833 0.102690 1.301517
v 0.862833 0.555932 1.211361
v 0.862833 0.084757 1.211361
v 0.862833 0.537999 1.301517
v 0.862833 0.102690 1.121206
v 0.862833 0.486930 1.377947
v 0.862833 0.153759 1.044776
v 0.862833 0.410500 1.429016
v 0.854391 0.383015 0.896294
v 0.854391 0.498816 0.944260
v 0.854391 0.587446 1.032890
v 0.854391 0.635412 1.148691
v 0.854391 0.635412 1.274032
v 0.854391 0.587446 1.389833
v 0.854391 0.498816 1.478463
v 0.854391 0.383015 1.526429
v 0.854391 0.257673 1.526429
v 0.854391 0.141873 1.478463
v 0.854391 0.053243 1.389833
v 0.854391 0.005277 1.274032
v 0.854391 0.005277 1.148691
v 0.854391 0.053243 1.032890
v 0.854391 0.141873 0.944260
v 0.854391 0.257673 0.896294
v 0.884708 0.422880 1.458903
v 0.884708 0.130884 1.021901
v 0.884708 0.509805 1.400822
v 0.884708 0.072802 1.108826
v 0.884708 0.567886 1.313897
v 0.884708 0.052407 1.211361
v 0.884708 0.588282 1.211361
v 0.884708 0.072802 1.313897
v 0.884708 0.567886 1.108826
v 0.884708 0.130884 1.400822
v 0.884708 0.509805 1.021901
v 0.884708 0.320344 1.479299
v 0.884708 0.217809 1.458903
v 0.884708 0.217809 0.963819
v 0.884708 0.320344 0.943424
v 0.884708 0.422880 0.963820
v 0.878532 0.204674 0.932108
v 0.878532 0.106613 0.997630
v 0.878532 0.041090 1.095691
v 0.878532 0.018082 1.211361
v 0.878532 0.041090 1.327032
v 0.878532 0.106613 1.425093
v 0.878532 0.204674 1.490615
v 0.878532 0.320344 1.513623
v 0.878532 0.436015 1.490615
v 0.878532 0.534076 1.425093
v 0.878532 0.599598 1.327032
v 0.878532 0.622606 1.211361
v 0.878532 0.599598 1.095691
v 0.878532 0.534076 0.997630
v 0.878532 0.436015 0.932108
v 0.878532 0.320344 0.909099
v 0.639555 0.259685 -1.571186
v 0.639555 0.150733 -1.526057
v 0.639555 0.067344 -1.442668
v 0.639555 0.022215 -1.333716
v 0.639555 0.022215 -1.215786
v 0.639555 0.067344 -1.106834
v 0.639555 0.150733 -1.023445
v 0.639555 0.259685 -0.978316
v 0.639555 0.377615 -0.978316
v 0.639555 0.486567 -1.023445
v 0.639555 0.569956 -1.106834
v 0.639555 0.615085 -1.215786
v 0.639555 0.615085 -1.333716
v 0.639555 0.569956 -1.442668
v 0.639555 0.486567 -1.526057
v 0.639555 0.377615 -1.571186
v 0.639555 0.318650 -1.577013
v 0.639555 0.434321 -1.554005
v 0.639555 0.532382 -1.488483
v 0.639555 0.597904 -1.390422
v 0.639555 0.620912 -1.274751
v 0.639555 0.597904 -1.159080
v 0.639555 0.532382 -1.061020
v 0.639555 0.434321 -0.995497
v 0.639555 0.318650 -0.972489
v 0.639555 0.202979 -0.995497
v 0.639555 0.104918 -1.061020
v 0.639555 0.039396 -1.159080
v 0.639555 0.016388 -1.274751
v 0.639555 0.039396 -1.390422
v 0.639555 0.104918 -1.488483
v 0.639555 0.202979 -1.554005
v 0.633380 0.421185 -1.522293
v 0.633380 0.318650 -1.542689
v 0.633380 0.216115 -1.522293
v 0.633380 0.216115 -1.027209
v 0.633380 0.318650 -1.006813
v 0.633380 0.508111 -1.464212
v 0.633380 0.129189 -1.085290
v 0.633380 0.566192 -1.377286
v 0.633380 0.071108 -1.172216
v 0.633380 0.586588 -1.274751
v 0.633380 0.050712 -1.274751
v 0.633380 0.566192 -1.172216
v 0.633380 0.071108 -1.377286
v 0.633380 0.508111 -1.085290
v 0.633380 0.129190 -1.464212
v 0.633380 0.421185 -1.027209
v 0.663696 0.255979 -1.589819
v 0.663696 0.140179 -1.541853
v 0.663696 0.051549 -1.453223
v 0.663696 0.003582 -1.337422
v 0.663696 0.003582 -1.212080
v 0.663696 0.051549 -1.096279
v 0.663696 0.140179 -1.007650
v 0.663696 0.255979 -0.959684
v 0.663696 0.381321 -0.959684
v 0.663696 0.497122 -1.007650
v 0.663696 0.585752 -1.096279
v 0.663696 0.633718 -1.212080
v 0.663696 0.633718 -1.337422
v 0.663696 0.585752 -1.453223
v 0.663696 0.497122 -1.541852
v 0.663696 0.381321 -1.589818
v 0.878532 0.379309 0.914926
v 0.878532 0.488261 0.960056
v 0.878532 0.571650 1.043444
v 0.878532 0.616779 1.152397
v 0.878532 0.616779 1.270326
v 0.878532 0.571650 1.379278
v 0.878532 0.488261 1.462667
v 0.878532 0.379309 1.507797
v 0.878532 0.261380 1.507797
v 0.878532 0.152427 1.462667
v 0.878532 0.069039 1.379278
v 0.878532 0.023909 1.270326
v 0.878532 0.023909 1.152397
v 0.878532 0.069039 1.043444
v 0.878532 0.152427 0.960056
v 0.878532 0.261380 0.914926
v 0.651393 0.320344 0.890101
v 0.651393 0.443286 0.914555
v 0.651393 0.547510 0.984196
v 0.651393 0.617151 1.088420
v 0.651393 0.641605 1.211361
v 0.651393 0.617151 1.334303
v 0.651393 0.547510 1.438527
v 0.651393 0.443285 1.508168
v 0.651393 0.320344 1.532622
v 0.651393 0.197403 1.508168
v 0.651393 0.093179 1.438527
v 0.651393 0.023538 1.334303
v 0.651393 -0.000917 1.211361
v 0.651393 0.023538 1.088420
v 0.651393 0.093179 0.984196
v 0.651393 0.197403 0.914555
v 0.663696 0.195709 -1.571557
v 0.663696 0.091484 -1.501917
v 0.663696 0.021844 -1.397693
v 0.663696 -0.002611 -1.274751
v 0.663696 0.021844 -1.151810
v 0.663696 0.091484 -1.047585
v 0.663696 0.195709 -0.977945
v 0.663696 0.318650 -0.953490
v 0.663696 0.441591 -0.977945
v 0.663696 0.545816 -1.047585
v 0.663696 0.615456 -1.151810
v 0.663696 0.639911 -1.274751
v 0.663696 0.615456 -1.397693
v 0.663696 0.545816 -1.501917
v 0.663696 0.441591 -1.571557
v 0.663696 0.318650 -1.596012
v 0.890835 0.259685 -1.571186
v 0.890835 0.150733 -1.526057
v 0.890835 0.067344 -1.442668
v 0.890835 0.022215 -1.333716
v 0.890835 0.022215 -1.215786
v 0.890835 0.067344 -1.106834
v 0.890835 0.150733 -1.023445
v 0.890835 0.259685 -0.978316
v 0.890835 0.377615 -0.978316
v 0.890835 0.486567 -1.023445
v 0.890835 0.569956 -1.106834
v 0.890835 0.615085 -1.215786
v 0.890835 0.615085 -1.333716
v 0.890835 0.569956 -1.442668
v 0.890835 0.486567 -1.526057
v 0.890835 0.377615 -1.571186
v 0.651393 0.383015 0.896294
v 0.651393 0.498816 0.944260
v 0.651393 0.587446 1.032890
v 0.651393 0.635412 1.148691
v 0.651393 0.635412 1.274032
v 0.651393 0.587446 1.389833
v 0.651393 0.498816 1.478463
v 0.651393 0.383015 1.526429
v 0.651393 0.257673 1.526429
v 0.651393 0.141873 1.478463
v 0.651393 0.053243 1.389833
v 0.651393 0.005277 1.274032
v 0.651393 0.005277 1.148691
v 0.651393 0.053243 1.032890
v 0.651393 0.141873 0.944260
v 0.651393 0.257673 0.896294
v 0.621077 0.422880 1.458903
v 0.621077 0.130884 1.021901
v 0.621077 0.509805 1.400822
v 0.621077 0.072802 1.108826
v 0.621077 0.567886 1.313897
v 0.621077 0.052406 1.211361
v 0.621077 0.588282 1.211361
v 0.621077 0.072802 1.313897
v 0.621077 0.567886 1.108826
v 0.621077 0.130884 1.400822
v 0.621077 0.509805 1.021901
v 0.621077 0.320344 1.479299
v 0.621077 0.217809 1.458903
v 0.621077 0.217809 0.963819
v 0.621077 0.320344 0.943424
v 0.621077 0.422880 0.963820
v 0.627252 0.204674 0.932108
v 0.627252 0.106613 0.997630
v 0.627252 0.041090 1.095691
v 0.627252 0.018082 1.211361
v 0.627252 0.041090 1.327032
v 0.627252 0.106613 1.425093
v 0.627252 0.204674 1.490615
v 0.627252 0.320344 1.513623
v 0.627252 0.436015 1.490615
v 0.627252 0.534076 1.425093
v 0.627252 0.599598 1.327032
v 0.627252 0.622606 1.211361
v 0.627252 0.599598 1.095691
v 0.627252 0.534076 0.997630
v 0.627252 0.436015 0.932108
v 0.627252 0.320344 0.909099
v 0.890835 0.318650 -1.577013
v 0.890835 0.434321 -1.554005
v 0.890835 0.532382 -1.488483
v 0.890835 0.597904 -1.390422
v 0.890835 0.620912 -1.274751
v 0.890835 0.597904 -1.159080
v 0.890835 0.532382 -1.061020
v 0.890835 0.434321 -0.995497
v 0.890835 0.318650 -0.972489
v 0.890835 0.202979 -0.995497
v 0.890835 0.104918 -1.061020
v 0.890835 0.039396 -1.159080
v 0.890835 0.016388 -1.274751
v 0.890835 0.039396 -1.390422
v 0.890835 0.104918 -1.488483
v 0.890835 0.202979 -1.554005
v 0.897011 0.421185 -1.522293
v 0.897011 0.318650 -1.542689
v 0.897011 0.216115 -1.522293
v 0.897011 0.216115 -1.027209
v 0.897011 0.318650 -1.006813
v 0.897011 0.508111 -1.464212
v 0.897011 0.129190 -1.085290
v 0.897011 0.566192 -1.377286
v 0.897011 0.071108 -1.172216
v 0.897011 0.586588 -1.274751
v 0.897011 0.050712 -1.274751
v 0.897011 0.566192 -1.172216
v 0.897011 0.071108 -1.377286
v 0.897011 0.508111 -1.085290
v 0.897011 0.129190 -1.464212
v 0.897011 0.421185 -1.027209
v 0.866694 0.255979 -1.589819
v 0.866694 0.140179 -1.541853
v 0.866694 0.051549 -1.453223
v 0.866694 0.003582 -1.337422
v 0.866694 0.003582 -1.212080
v 0.866694 0.051549 -1.096279
v 0.866694 0.140179 -1.007650
v 0.866694 0.255979 -0.959684
v 0.866694 0.381321 -0.959684
v 0.866694 0.497122 -1.007650
v 0.866694 0.585752 -1.096279
v 0.866694 0.633718 -1.212080
v 0.866694 0.633718 -1.337422
v 0.866694 0.585752 -1.453223
v 0.866694 0.497122 -1.541852
v 0.866694 0.381321 -1.589818
v 0.875136 0.408806 -1.057097
v 0.875136 0.152065 -1.441336
v 0.875136 0.485236 -1.108165
v 0.875136 0.100996 -1.364907
v 0.875136 0.536305 -1.184595
v 0.875136 0.083063 -1.274751
v 0.875136 0.554238 -1.274751
v 0.875136 0.100996 -1.184595
v 0.875136 0.536305 -1.364907
v 0.875136 0.152065 -1.108165
v 0.875136 0.485236 -1.441336
v 0.875136 0.318650 -1.039163
v 0.875136 0.228495 -1.057097
v 0.875136 0.228495 -1.492406
v 0.875136 0.318650 -1.510339
v 0.875136 0.408806 -1.492405
v 0.866694 0.195709 -1.571557
v 0.866694 0.091484 -1.501917
v 0.866694 0.021844 -1.397693
v 0.866694 -0.002611 -1.274751
v 0.866694 0.021844 -1.151810
v 0.866694 0.091484 -1.047585
v 0.866694 0.195709 -0.977945
v 0.866694 0.318650 -0.953490
v 0.866694 0.441591 -0.977945
v 0.866694 0.545816 -1.047585
v 0.866694 0.615456 -1.151810
v 0.866694 0.639911 -1.274751
v 0.866694 0.615456 -1.397693
v 0.866694 0.545816 -1.501917
v 0.866694 0.441591 -1.571557
v 0.866694 0.318650 -1.596012
v 0.627252 0.379309 0.914926
v 0.627252 0.488261 0.960056
v 0.627252 0.571650 1.043444
v 0.627252 0.616779 1.152397
v 0.627252 0.616779 1.270326
v 0.627252 0.571650 1.379278
v 0.627252 0.488261 1.462667
v 0.627252 0.379309 1.507797
v 0.627252 0.261380 1.507797
v 0.627252 0.152427 1.462667
v 0.627252 0.069039 1.379278
v 0.627252 0.023909 1.270326
v 0.627252 0.023909 1.152397
v 0.627252 0.069039 1.043444
v 0.627252 0.152427 0.960056
v 0.627252 0.261380 0.914926
v 0.878739 0.320344 0.962449
v 0.878739 0.415599 0.981396
v 0.878739 0.496352 1.035353
v 0.878739 0.550310 1.116107
v 0.878739 0.569257 1.211361
v 0.878739 0.550310 1.306616
v 0.878739 0.496352 1.387369
v 0.878739 0.415599 1.441327
v 0.878739 0.320344 1.460274
v 0.878739 0.225090 1.441327
v 0.878739 0.144336 1.387369
v 0.878739 0.090379 1.306616
v 0.878739 0.071431 1.211361
v 0.878739 0.090379 1.116107
v 0.878739 0.144336 1.035353
v 0.878739 0.225090 0.981396
v 0.878739 0.368902 0.967247
v 0.878739 0.458624 1.004411
v 0.878739 0.527294 1.073081
v 0.878739 0.564459 1.162804
v 0.878739 0.564459 1.259919
v 0.878739 0.527294 1.349641
v 0.878739 0.458624 1.418312
v 0.878739 0.368902 1.455475
v 0.878739 0.271787 1.455475
v 0.878739 0.182065 1.418312
v 0.878739 0.113394 1.349641
v 0.878739 0.076230 1.259919
v 0.878739 0.076230 1.162804
v 0.878739 0.113394 1.073081
v 0.878739 0.182065 1.004411
v 0.878739 0.271787 0.967247
v 0.863911 0.320344 0.994334
v 0.863911 0.403397 1.010854
v 0.863911 0.473806 1.057900
v 0.863911 0.520851 1.128309
v 0.863911 0.537372 1.211361
v 0.863911 0.520851 1.294414
v 0.863911 0.473806 1.364823
v 0.863911 0.403397 1.411868
v 0.863911 0.320344 1.428389
v 0.863911 0.237291 1.411868
v 0.863911 0.166883 1.364823
v 0.863911 0.119837 1.294414
v 0.863911 0.103317 1.211361
v 0.863911 0.119837 1.128309
v 0.863911 0.166883 1.057900
v 0.863911 0.237291 1.010854
v 0.863911 0.362681 0.998518
v 0.863911 0.440910 1.030922
v 0.863911 0.500784 1.090795
v 0.863911 0.533188 1.169024
v 0.863911 0.533188 1.253698
v 0.863911 0.500784 1.331927
v 0.863911 0.440910 1.391801
v 0.863911 0.362682 1.424205
v 0.863911 0.278007 1.424205
v 0.863911 0.199778 1.391801
v 0.863911 0.139904 1.331927
v 0.863911 0.107501 1.253699
v 0.863911 0.107501 1.169024
v 0.863911 0.139904 1.090795
v 0.863911 0.199778 1.030922
v 0.863911 0.278007 0.998518
v 0.825067 0.320344 0.962449
v 0.825067 0.415599 0.981396
v 0.825067 0.496352 1.035353
v 0.825067 0.550310 1.116107
v 0.825067 0.569257 1.211361
v 0.825067 0.550310 1.306616
v 0.825067 0.496352 1.387369
v 0.825067 0.415599 1.441327
v 0.825067 0.320344 1.460274
v 0.825067 0.225090 1.441327
v 0.825067 0.144336 1.387369
v 0.825067 0.090379 1.306616
v 0.825067 0.071431 1.211361
v 0.825067 0.090379 1.116107
v 0.825067 0.144336 1.035353
v 0.825067 0.225090 0.981396
v 0.825067 0.368902 0.967247
v 0.825067 0.458624 1.004411
v 0.825067 0.527294 1.073081
v 0.825067 0.564459 1.162804
v 0.825067 0.564459 1.259919
v 0.825067 0.527294 1.349641
v 0.825067 0.458624 1.418312
v 0.825067 0.368902 1.455475
v 0.825067 0.271787 1.455475
v 0.825067 0.182065 1.418312
v 0.825067 0.113394 1.349641
v 0.825067 0.076230 1.259919
v 0.825067 0.076230 1.162804
v 0.825067 0.113394 1.073081
v 0.825067 0.182065 1.004411
v 0.825067 0.271787 0.967247
v 0.839235 0.320344 1.211361
v 0.836737 0.301746 1.166462
v 0.836737 0.285980 1.176996
v 0.836737 0.275445 1.192763
v 0.836737 0.271745 1.211361
v 0.836737 0.275445 1.229959
v 0.836737 0.285980 1.245726
v 0.836737 0.301746 1.256261
v 0.836737 0.338942 1.166462
v 0.836737 0.354709 1.176996
v 0.836737 0.320344 1.162762
v 0.836737 0.365244 1.192763
v 0.836737 0.368943 1.211361
v 0.836737 0.365244 1.229959
v 0.836737 0.354709 1.245726
v 0.836737 0.338942 1.256261
v 0.836737 0.320344 1.259960
v 0.855082 0.320344 1.277228
v 0.855082 0.345550 1.272214
v 0.855082 0.366919 1.257936
v 0.855082 0.381197 1.236567
v 0.855082 0.386211 1.211361
v 0.855082 0.381197 1.186155
v 0.855082 0.320344 1.145494
v 0.855082 0.366919 1.164786
v 0.855082 0.345550 1.150509
v 0.855082 0.295138 1.272214
v 0.855082 0.273769 1.257936
v 0.855082 0.259491 1.236567
v 0.855082 0.254477 1.211361
v 0.855082 0.259491 1.186155
v 0.855082 0.273769 1.164786
v 0.855082 0.295138 1.150509
v 0.841053 0.320344 0.994334
v 0.841053 0.403397 1.010854
v 0.841053 0.473806 1.057900
v 0.841053 0.520851 1.128309
v 0.841053 0.537372 1.211361
v 0.841053 0.520851 1.294414
v 0.841053 0.473806 1.364823
v 0.841053 0.403397 1.411868
v 0.841053 0.320344 1.428389
v 0.841053 0.237291 1.411868
v 0.841053 0.166883 1.364823
v 0.841053 0.119837 1.294414
v 0.841053 0.103317 1.211361
v 0.841053 0.119837 1.128309
v 0.841053 0.166883 1.057900
v 0.841053 0.237291 1.010854
v 0.841053 0.362681 0.998518
v 0.841053 0.440910 1.030922
v 0.841053 0.500784 1.090795
v 0.841053 0.533188 1.169024
v 0.841053 0.533188 1.253698
v 0.841053 0.500784 1.331927
v 0.841053 0.440910 1.391801
v 0.841053 0.362682 1.424205
v 0.841053 0.278007 1.424205
v 0.841053 0.199778 1.391801
v 0.841053 0.139904 1.331927
v 0.841053 0.107501 1.253699
v 0.841053 0.107501 1.169024
v 0.841053 0.139904 1.090795
v 0.841053 0.199778 1.030922
v 0.841053 0.278007 0.998518
v 0.841053 0.320344 1.019733
v 0.841053 0.393677 1.034320
v 0.841053 0.455846 1.075860
v 0.841053 0.497385 1.138029
v 0.841053 0.511972 1.211361
v 0.841053 0.497385 1.284694
v 0.841053 0.455846 1.346863
v 0.841053 0.393677 1.388402
v 0.841053 0.320344 1.402989
v 0.841053 0.247011 1.388402
v 0.841053 0.184843 1.346863
v 0.841053 0.143303 1.284694
v 0.841053 0.128716 1.211361
v 0.841053 0.143303 1.138029
v 0.841053 0.184843 1.075860
v 0.841053 0.247011 1.034320
v 0.841053 0.357727 1.023428
v 0.841053 0.426800 1.052039
v 0.841053 0.479667 1.104905
v 0.841053 0.508278 1.173979
v 0.841053 0.508278 1.248744
v 0.841053 0.479667 1.317817
v 0.841053 0.426800 1.370684
v 0.841053 0.357727 1.399295
v 0.841053 0.282962 1.399295
v 0.841053 0.213888 1.370684
v 0.841053 0.161022 1.317817
v 0.841053 0.132411 1.248744
v 0.841053 0.132411 1.173979
v 0.841053 0.161022 1.104905
v 0.841053 0.213888 1.052039
v 0.841053 0.282962 1.023427
v 0.837822 0.153668 1.071246
v 0.835351 0.143020 1.081894
v 0.856267 0.537278 1.177521
v 0.835351 0.190877 1.034037
v 0.858738 0.537278 1.192580
v 0.868684 0.432391 1.182864
v 0.862410 0.405527 1.194064
v 0.862410 0.405527 1.228659
v 0.848927 0.464020 1.298882
v 0.837822 0.460459 1.378037
v 0.871732 0.484835 1.235001
v 0.847769 0.379422 1.310741
v 0.841494 0.368346 1.283826
v 0.869843 0.483825 1.171654
v 0.856267 0.250779 1.240176
v 0.856267 0.103410 1.177521
v 0.837822 0.487020 1.351477
v 0.858738 0.103410 1.192580
v 0.868684 0.208297 1.182864
v 0.835351 0.497668 1.340828
v 0.862410 0.235161 1.228659
v 0.868684 0.208297 1.239859
v 0.858738 0.103410 1.230142
v 0.850816 0.187316 1.310958
v 0.869843 0.156864 1.251069
v 0.848927 0.232823 1.355037
v 0.869843 0.156864 1.171654
v 0.850816 0.220748 1.344389
v 0.847769 0.220964 1.270439
v 0.837822 0.153669 1.351477
v 0.835351 0.190877 1.388685
v 0.848106 0.210317 1.256936
v 0.862410 0.303046 1.126178
v 0.850816 0.419941 1.078334
v 0.850816 0.453372 1.111765
v 0.841494 0.392809 1.163359
v 0.841494 0.368346 1.138896
v 0.869842 0.360052 1.047881
v 0.871732 0.296705 1.046871
v 0.869842 0.280637 1.047881
v 0.847769 0.379422 1.111981
v 0.837822 0.460459 1.044686
v 0.856267 0.349159 1.280927
v 0.856267 0.291530 1.280927
v 0.856267 0.286504 1.428295
v 0.856267 0.354184 1.428295
v 0.858738 0.301563 1.428295
v 0.846461 0.365919 1.101334
v 0.848927 0.280637 1.374842
v 0.862410 0.337642 1.296545
v 0.868684 0.348842 1.323408
v 0.858738 0.339125 1.428295
v 0.871732 0.343984 1.375852
v 0.848927 0.360052 1.374842
v 0.871732 0.296705 1.375852
v 0.841494 0.303046 1.296545
v 0.847769 0.291847 1.323408
v 0.856267 0.389910 1.182546
v 0.856267 0.349159 1.141796
v 0.856267 0.449811 1.034037
v 0.856267 0.497668 1.081894
v 0.846461 0.274770 1.321388
v 0.846461 0.365919 1.321388
v 0.850816 0.343984 1.046871
v 0.837822 0.339125 0.994428
v 0.868684 0.419724 1.152283
v 0.858738 0.487020 1.071246
v 0.847769 0.348842 1.099315
v 0.869842 0.464020 1.123841
v 0.841494 0.337642 1.126178
v 0.869842 0.407865 1.067686
v 0.847769 0.291847 1.099315
v 0.856267 0.143020 1.340828
v 0.837822 0.301563 0.994428
v 0.835351 0.354184 0.994428
v 0.835351 0.286504 0.994428
v 0.862410 0.247879 1.259364
v 0.862410 0.272342 1.283826
v 0.868684 0.261266 1.310741
v 0.858738 0.180229 1.378037
v 0.846461 0.274770 1.101334
v 0.850816 0.155854 1.187722
v 0.850816 0.155854 1.235001
v 0.869842 0.176669 1.298882
v 0.856267 0.389910 1.240177
v 0.841495 0.235161 1.194064
v 0.856267 0.449811 1.388685
v 0.836997 0.103410 1.245201
v 0.868684 0.419724 1.270439
v 0.862410 0.392809 1.259364
v 0.850816 0.484835 1.187722
v 0.848927 0.483825 1.251069
v 0.837823 0.537278 1.230142
v 0.871732 0.453372 1.310958
v 0.847769 0.432391 1.239859
v 0.871732 0.419941 1.344389
v 0.869842 0.407865 1.355037
v 0.867377 0.210317 1.165787
v 0.856267 0.250779 1.182546
v 0.856267 0.291529 1.141796
v 0.835351 0.537278 1.245201
v 0.846461 0.430371 1.165787
v 0.858738 0.180229 1.044686
v 0.868684 0.261266 1.111982
v 0.862410 0.272342 1.138896
v 0.862410 0.247879 1.163359
v 0.868684 0.220964 1.152283
v 0.846461 0.430371 1.256936
v 0.871732 0.220748 1.078334
v 0.869842 0.232823 1.067686
v 0.871732 0.187316 1.111765
v 0.869842 0.176669 1.123841
v 0.867377 0.430371 1.256936
v 0.867377 0.430371 1.165787
v 0.848927 0.176669 1.123841
v 0.856267 0.537278 1.245201
v 0.850816 0.187316 1.111765
v 0.848927 0.232823 1.067686
v 0.850816 0.220748 1.078334
v 0.847769 0.220964 1.152283
v 0.868684 0.432391 1.239859
v 0.858738 0.537278 1.230142
v 0.841494 0.247879 1.163359
v 0.869843 0.483825 1.251069
v 0.871732 0.484835 1.187722
v 0.841494 0.272342 1.138896
v 0.847769 0.261266 1.111982
v 0.856267 0.103410 1.245201
v 0.837822 0.180229 1.044686
v 0.846461 0.210317 1.165787
v 0.862410 0.235161 1.194064
v 0.848927 0.407865 1.355037
v 0.850816 0.419941 1.344389
v 0.850816 0.453372 1.310958
v 0.871732 0.155854 1.235001
v 0.841494 0.392809 1.259364
v 0.871732 0.155854 1.187722
v 0.847769 0.419724 1.270439
v 0.867377 0.274770 1.101334
v 0.856267 0.286504 0.994428
v 0.856267 0.354184 0.994428
v 0.858738 0.301563 0.994428
v 0.868684 0.291847 1.099315
v 0.835351 0.449811 1.388685
v 0.862410 0.337642 1.126178
v 0.868684 0.348842 1.099315
v 0.858738 0.339125 0.994428
v 0.871732 0.343984 1.046871
v 0.850572 0.176669 1.298882
v 0.837822 0.180229 1.378037
v 0.847769 0.261266 1.310741
v 0.867377 0.365919 1.321388
v 0.867377 0.274770 1.321388
v 0.841494 0.272342 1.283826
v 0.841494 0.247879 1.259364
v 0.836996 0.143020 1.340828
v 0.868684 0.291847 1.323408
v 0.862410 0.303046 1.296545
v 0.848927 0.407865 1.067686
v 0.848927 0.464020 1.123841
v 0.837822 0.487020 1.071246
v 0.847769 0.419724 1.152283
v 0.869842 0.360052 1.374842
v 0.835351 0.497668 1.081894
v 0.869842 0.280637 1.374842
v 0.867377 0.365919 1.101334
v 0.835351 0.449811 1.034037
v 0.850816 0.296705 1.375852
v 0.858738 0.460459 1.044686
v 0.868684 0.379422 1.111981
v 0.862410 0.368346 1.138896
v 0.862410 0.392809 1.163359
v 0.850816 0.343984 1.375852
v 0.837822 0.339125 1.428295
v 0.871732 0.453372 1.111765
v 0.847769 0.348842 1.323408
v 0.871732 0.419941 1.078334
v 0.841494 0.337642 1.296545
v 0.867377 0.210317 1.256936
v 0.837822 0.301563 1.428295
v 0.856267 0.190877 1.388685
v 0.858738 0.153669 1.351477
v 0.868684 0.220964 1.270439
v 0.835351 0.354184 1.428295
v 0.835351 0.286504 1.428295
v 0.848927 0.280637 1.047881
v 0.850816 0.296705 1.046871
v 0.871732 0.220748 1.344389
v 0.869842 0.232823 1.355037
v 0.871732 0.187316 1.310958
v 0.848927 0.360052 1.047881
v 0.856267 0.497668 1.340828
v 0.841494 0.303046 1.126178
v 0.858738 0.487020 1.351477
v 0.848927 0.156864 1.171654
v 0.850572 0.156864 1.251069
v 0.862410 0.368346 1.283826
v 0.868684 0.379422 1.310741
v 0.858738 0.460459 1.378037
v 0.837823 0.103410 1.230142
v 0.869842 0.464020 1.298882
v 0.847769 0.208297 1.239859
v 0.841495 0.235161 1.228659
v 0.847769 0.208297 1.182864
v 0.856267 0.190877 1.034037
v 0.856267 0.143020 1.081894
v 0.837823 0.103410 1.192580
v 0.835351 0.103410 1.177521
v 0.848927 0.483825 1.171654
v 0.850816 0.484835 1.235001
v 0.841495 0.405527 1.228659
v 0.858738 0.153668 1.071246
v 0.841495 0.405527 1.194064
v 0.847769 0.432391 1.182864
v 0.837823 0.537278 1.192580
v 0.835351 0.537278 1.177521
v 0.759547 0.467335 1.182123
v 0.759547 0.444957 1.128098
v 0.759547 0.403608 1.086749
v 0.759547 0.349583 1.064371
v 0.759547 0.262988 1.072890
v 0.759547 0.214363 1.105380
v 0.759547 0.181873 1.154005
v 0.759547 0.170464 1.211362
v 0.759547 0.181873 1.268718
v 0.759547 0.214363 1.317343
v 0.759547 0.262988 1.349833
v 0.759547 0.320344 1.361242
v 0.759547 0.377701 1.349833
v 0.759547 0.426325 1.317343
v 0.759547 0.458815 1.268718
v 0.759547 0.470224 1.211361
v 0.759547 0.458815 1.154005
v 0.759547 0.426325 1.105380
v 0.759547 0.377701 1.072890
v 0.759547 0.320344 1.061482
v 0.759547 0.467335 1.240600
v 0.759547 0.444957 1.294625
v 0.759547 0.403608 1.335974
v 0.759547 0.349583 1.358352
v 0.759547 0.291106 1.358352
v 0.759547 0.237081 1.335974
v 0.759547 0.195732 1.294625
v 0.759547 0.173354 1.240600
v 0.759547 0.173354 1.182123
v 0.759547 0.195732 1.128098
v 0.759547 0.237081 1.086749
v 0.759547 0.291106 1.064371
v 0.756071 0.407363 1.194052
v 0.756071 0.394115 1.162070
v 0.756071 0.369636 1.137591
v 0.756071 0.337653 1.124344
v 0.839235 0.309588 1.157284
v 0.839235 0.289712 1.165516
v 0.839235 0.274499 1.180729
v 0.839235 0.266266 1.200605
v 0.839235 0.266266 1.222118
v 0.839235 0.274499 1.241994
v 0.839235 0.289712 1.257207
v 0.839235 0.309588 1.265440
v 0.839235 0.331101 1.265440
v 0.839235 0.350977 1.257207
v 0.839235 0.366190 1.241994
v 0.839235 0.374422 1.222118
v 0.839235 0.331101 1.157284
v 0.839235 0.350977 1.165516
v 0.839235 0.366190 1.180729
v 0.839235 0.374422 1.200605
v 0.756071 0.407363 1.228670
v 0.756071 0.394115 1.260653
v 0.756071 0.369636 1.285132
v 0.756071 0.337653 1.298380
v 0.756071 0.303035 1.298380
v 0.756071 0.271052 1.285132
v 0.756071 0.246574 1.260653
v 0.756071 0.233326 1.228671
v 0.756071 0.233326 1.194052
v 0.756071 0.246574 1.162070
v 0.756071 0.271052 1.137591
v 0.756071 0.303035 1.124343
v 0.801113 0.277935 1.066796
v 0.779262 0.277228 1.062560
v 0.801458 0.332549 1.074825
v 0.781054 0.334260 1.067325
v 0.801458 0.327480 1.108620
v 0.800308 0.266113 1.094331
v 0.801458 0.287610 1.113086
v 0.743546 0.266113 1.094331
v 0.743546 0.287610 1.113086
v 0.767474 0.234756 1.078470
v 0.743546 0.234756 1.078470
v 0.767474 0.250170 1.050694
v 0.743546 0.250170 1.050694
v 0.774422 0.283460 1.048939
v 0.777816 0.340317 1.047931
v 0.743546 0.283460 1.048939
v 0.743546 0.340317 1.047931
v 0.743547 0.327480 1.108620
v 0.801113 0.434605 1.114026
v 0.779262 0.437526 1.110879
v 0.801458 0.384585 1.090679
v 0.781054 0.387283 1.083475
v 0.801458 0.370221 1.121686
v 0.800308 0.429325 1.143523
v 0.801458 0.401056 1.147354
v 0.743546 0.429325 1.143523
v 0.743546 0.401056 1.147354
v 0.767474 0.464236 1.147534
v 0.743546 0.464236 1.147534
v 0.767474 0.466650 1.115859
v 0.743546 0.466650 1.115859
v 0.774422 0.439818 1.096076
v 0.777816 0.392898 1.063948
v 0.743546 0.439818 1.096076
v 0.743546 0.392898 1.063948
v 0.743547 0.370221 1.121686
v 0.891042 0.318650 -1.523664
v 0.891042 0.413905 -1.504716
v 0.891042 0.494658 -1.450759
v 0.891042 0.548616 -1.370006
v 0.891042 0.567563 -1.274751
v 0.891042 0.548616 -1.179497
v 0.891042 0.494658 -1.098743
v 0.891042 0.413905 -1.044786
v 0.891042 0.318650 -1.025839
v 0.891042 0.223395 -1.044786
v 0.891042 0.142642 -1.098743
v 0.891042 0.088685 -1.179497
v 0.891042 0.069737 -1.274751
v 0.891042 0.088685 -1.370006
v 0.891042 0.142642 -1.450759
v 0.891042 0.223395 -1.504717
v 0.891042 0.367207 -1.518865
v 0.891042 0.456930 -1.481701
v 0.891042 0.525600 -1.413031
v 0.891042 0.562764 -1.323308
v 0.891042 0.562764 -1.226194
v 0.891042 0.525600 -1.136472
v 0.891042 0.456930 -1.067801
v 0.891042 0.367207 -1.030637
v 0.891042 0.270093 -1.030637
v 0.891042 0.180370 -1.067801
v 0.891042 0.111700 -1.136472
v 0.891042 0.074536 -1.226194
v 0.891042 0.074536 -1.323308
v 0.891042 0.111700 -1.413031
v 0.891042 0.180371 -1.481701
v 0.891042 0.270093 -1.518865
v 0.876215 0.318650 -1.491779
v 0.876215 0.401703 -1.475258
v 0.876215 0.472112 -1.428212
v 0.876215 0.519157 -1.357804
v 0.876215 0.535677 -1.274751
v 0.876215 0.519157 -1.191698
v 0.876215 0.472112 -1.121289
v 0.876215 0.401703 -1.074244
v 0.876215 0.318650 -1.057724
v 0.876215 0.235597 -1.074244
v 0.876215 0.165189 -1.121289
v 0.876215 0.118143 -1.191698
v 0.876215 0.101623 -1.274751
v 0.876215 0.118143 -1.357804
v 0.876215 0.165189 -1.428212
v 0.876215 0.235597 -1.475258
v 0.876215 0.360987 -1.487594
v 0.876215 0.439216 -1.455191
v 0.876215 0.499090 -1.395317
v 0.876215 0.531494 -1.317088
v 0.876215 0.531494 -1.232414
v 0.876215 0.499090 -1.154185
v 0.876215 0.439216 -1.094311
v 0.876215 0.360987 -1.061908
v 0.876215 0.276313 -1.061908
v 0.876215 0.198084 -1.094311
v 0.876215 0.138210 -1.154185
v 0.876215 0.105806 -1.232414
v 0.876215 0.105806 -1.317088
v 0.876215 0.138210 -1.395317
v 0.876215 0.198084 -1.455191
v 0.876215 0.276313 -1.487595
v 0.840553 0.318650 -1.523664
v 0.840553 0.413905 -1.504716
v 0.840553 0.494658 -1.450759
v 0.840553 0.548616 -1.370006
v 0.840553 0.567563 -1.274751
v 0.840553 0.548616 -1.179497
v 0.840553 0.494658 -1.098743
v 0.840553 0.413905 -1.044786
v 0.840553 0.318650 -1.025839
v 0.840553 0.223395 -1.044786
v 0.840553 0.142642 -1.098743
v 0.840553 0.088685 -1.179497
v 0.840553 0.069737 -1.274751
v 0.840553 0.088685 -1.370006
v 0.840553 0.142642 -1.450759
v 0.840553 0.223395 -1.504717
v 0.840553 0.367207 -1.518865
v 0.840553 0.456930 -1.481701
v 0.840553 0.525600 -1.413031
v 0.840553 0.562764 -1.323308
v 0.840553 0.562764 -1.226194
v 0.840553 0.525600 -1.136472
v 0.840553 0.456930 -1.067801
v 0.840553 0.367207 -1.030637
v 0.840553 0.270093 -1.030637
v 0.840553 0.180370 -1.067801
v 0.840553 0.111700 -1.136472
v 0.840553 0.074536 -1.226194
v 0.840553 0.074536 -1.323308
v 0.840553 0.111700 -1.413031
v 0.840553 0.180371 -1.481701
v 0.840553 0.270093 -1.518865
v 0.851538 0.318650 -1.274751
v 0.849041 0.300052 -1.319651
v 0.849041 0.284285 -1.309116
v 0.849041 0.273750 -1.293349
v 0.849041 0.270051 -1.274751
v 0.849041 0.273750 -1.256153
v 0.849041 0.284285 -1.240386
v 0.849041 0.300052 -1.229851
v 0.849041 0.337248 -1.319651
v 0.849041 0.353015 -1.309116
v 0.849041 0.318650 -1.323350
v 0.849041 0.363550 -1.293349
v 0.849041 0.367249 -1.274751
v 0.849041 0.363550 -1.256153
v 0.849041 0.353015 -1.240386
v 0.849041 0.337248 -1.229851
v 0.849041 0.318650 -1.226153
v 0.867386 0.318650 -1.208885
v 0.867386 0.343856 -1.213898
v 0.867386 0.365225 -1.228176
v 0.867386 0.379503 -1.249545
v 0.867386 0.384517 -1.274751
v 0.867386 0.379503 -1.299957
v 0.867386 0.318650 -1.340618
v 0.867386 0.365225 -1.321326
v 0.867386 0.343856 -1.335604
v 0.867386 0.293444 -1.213898
v 0.867386 0.272075 -1.228176
v 0.867386 0.257797 -1.249545
v 0.867386 0.252783 -1.274751
v 0.867386 0.257797 -1.299957
v 0.867386 0.272075 -1.321326
v 0.867386 0.293444 -1.335604
v 0.853357 0.318650 -1.491779
v 0.853357 0.401703 -1.475258
v 0.853357 0.472112 -1.428212
v 0.853357 0.519157 -1.357804
v 0.853357 0.535677 -1.274751
v 0.853357 0.519157 -1.191698
v 0.853357 0.472112 -1.121289
v 0.853357 0.401703 -1.074244
v 0.853357 0.318650 -1.057724
v 0.853357 0.235597 -1.074244
v 0.853357 0.165189 -1.121289
v 0.853357 0.118143 -1.191698
v 0.853357 0.101623 -1.274751
v 0.853357 0.118143 -1.357804
v 0.853357 0.165189 -1.428212
v 0.853357 0.235597 -1.475258
v 0.853357 0.360987 -1.487594
v 0.853357 0.439216 -1.455191
v 0.853357 0.499090 -1.395317
v 0.853357 0.531494 -1.317088
v 0.853357 0.531494 -1.232414
v 0.853357 0.499090 -1.154185
v 0.853357 0.439216 -1.094311
v 0.853357 0.360987 -1.061908
v 0.853357 0.276313 -1.061908
v 0.853357 0.198084 -1.094311
v 0.853357 0.138210 -1.154185
v 0.853357 0.105806 -1.232414
v 0.853357 0.105806 -1.317088
v 0.853357 0.138210 -1.395317
v 0.853357 0.198084 -1.455191
v 0.853357 0.276313 -1.487595
v 0.853356 0.318650 -1.466379
v 0.853356 0.391983 -1.451792
v 0.853356 0.454151 -1.410252
v 0.853356 0.495691 -1.348084
v 0.853356 0.510278 -1.274751
v 0.853356 0.495691 -1.201418
v 0.853356 0.454151 -1.139250
v 0.853356 0.391983 -1.097710
v 0.853356 0.318650 -1.083123
v 0.853356 0.245317 -1.097710
v 0.853356 0.183149 -1.139250
v 0.853356 0.141609 -1.201418
v 0.853356 0.127022 -1.274751
v 0.853356 0.141609 -1.348084
v 0.853356 0.183149 -1.410252
v 0.853356 0.245317 -1.451792
v 0.853356 0.356032 -1.462685
v 0.853356 0.425106 -1.434073
v 0.853356 0.477973 -1.381207
v 0.853356 0.506584 -1.312134
v 0.853356 0.506584 -1.237369
v 0.853356 0.477973 -1.168295
v 0.853356 0.425106 -1.115429
v 0.853356 0.356032 -1.086818
v 0.853356 0.281268 -1.086818
v 0.853356 0.212194 -1.115429
v 0.853356 0.159328 -1.168295
v 0.853356 0.130716 -1.237368
v 0.853356 0.130716 -1.312134
v 0.853356 0.159328 -1.381207
v 0.853356 0.212194 -1.434073
v 0.853356 0.281268 -1.462685
v 0.850125 0.151974 -1.414866
v 0.847654 0.141326 -1.404218
v 0.868570 0.535584 -1.308591
v 0.847654 0.189183 -1.452075
v 0.871041 0.535584 -1.293532
v 0.880988 0.430697 -1.303249
v 0.874713 0.403833 -1.292049
v 0.874713 0.403833 -1.257453
v 0.861230 0.462326 -1.187230
v 0.850125 0.458765 -1.108075
v 0.884035 0.483140 -1.251112
v 0.860072 0.377728 -1.175371
v 0.853797 0.366652 -1.202286
v 0.882146 0.482130 -1.314458
v 0.868570 0.249084 -1.245936
v 0.868570 0.101716 -1.308591
v 0.850125 0.485326 -1.134636
v 0.871041 0.101716 -1.293532
v 0.880988 0.206603 -1.303249
v 0.847654 0.495974 -1.145284
v 0.874713 0.233467 -1.257453
v 0.880988 0.206603 -1.246253
v 0.871041 0.101716 -1.255970
v 0.863119 0.185622 -1.175154
v 0.882146 0.155170 -1.235044
v 0.861230 0.231129 -1.131076
v 0.882146 0.155170 -1.314458
v 0.863119 0.219053 -1.141723
v 0.860072 0.219270 -1.215673
v 0.850125 0.151974 -1.134636
v 0.847654 0.189183 -1.097427
v 0.860409 0.208623 -1.229176
v 0.874713 0.301352 -1.359934
v 0.863119 0.418247 -1.407779
v 0.863119 0.451678 -1.374348
v 0.853797 0.391115 -1.322753
v 0.853797 0.366652 -1.347216
v 0.882146 0.358357 -1.438231
v 0.884035 0.295011 -1.439242
v 0.882146 0.278943 -1.438231
v 0.860072 0.377728 -1.374131
v 0.850125 0.458765 -1.441427
v 0.868570 0.347465 -1.205186
v 0.868570 0.289835 -1.205185
v 0.868570 0.284810 -1.057817
v 0.868570 0.352490 -1.057817
v 0.871041 0.299869 -1.057817
v 0.858764 0.364225 -1.384778
v 0.861230 0.278943 -1.111271
v 0.874713 0.335948 -1.189568
v 0.880987 0.347148 -1.162704
v 0.871041 0.337431 -1.057817
v 0.884035 0.342289 -1.110261
v 0.861230 0.358357 -1.111271
v 0.884035 0.295011 -1.110261
v 0.853797 0.301352 -1.189568
v 0.860072 0.290152 -1.162704
v 0.868570 0.388215 -1.303566
v 0.868570 0.347465 -1.344316
v 0.868570 0.448117 -1.452075
v 0.868570 0.495974 -1.404218
v 0.858764 0.273075 -1.164724
v 0.858764 0.364225 -1.164724
v 0.863119 0.342289 -1.439242
v 0.850125 0.337431 -1.491685
v 0.880987 0.418030 -1.333829
v 0.871041 0.485326 -1.414866
v 0.860072 0.347148 -1.386798
v 0.882146 0.462326 -1.362272
v 0.853797 0.335948 -1.359934
v 0.882146 0.406171 -1.418427
v 0.860072 0.290152 -1.386798
v 0.868570 0.141326 -1.145284
v 0.850125 0.299869 -1.491685
v 0.847654 0.352490 -1.491685
v 0.847654 0.284810 -1.491685
v 0.874713 0.246185 -1.226749
v 0.874713 0.270648 -1.202286
v 0.880987 0.259572 -1.175371
v 0.871041 0.178535 -1.108075
v 0.858764 0.273075 -1.384778
v 0.863120 0.154160 -1.298391
v 0.863120 0.154160 -1.251112
v 0.882146 0.174975 -1.187230
v 0.868570 0.388215 -1.245936
v 0.853798 0.233467 -1.292049
v 0.868570 0.448117 -1.097427
v 0.849300 0.101716 -1.240911
v 0.880987 0.418030 -1.215673
v 0.874713 0.391115 -1.226749
v 0.863120 0.483140 -1.298391
v 0.861230 0.482130 -1.235044
v 0.850126 0.535584 -1.255970
v 0.884035 0.451678 -1.175154
v 0.860072 0.430697 -1.246253
v 0.884035 0.418247 -1.141723
v 0.882146 0.406171 -1.131076
v 0.879680 0.208623 -1.320326
v 0.868570 0.249085 -1.303566
v 0.868570 0.289835 -1.344316
v 0.847655 0.535584 -1.240911
v 0.858765 0.428677 -1.320326
v 0.871041 0.178535 -1.441427
v 0.880987 0.259572 -1.374131
v 0.874713 0.270648 -1.347216
v 0.874713 0.246185 -1.322753
v 0.880987 0.219270 -1.333829
v 0.858765 0.428677 -1.229176
v 0.884035 0.219053 -1.407779
v 0.882146 0.231129 -1.418427
v 0.884035 0.185622 -1.374348
v 0.882146 0.174975 -1.362272
v 0.879680 0.428677 -1.229176
v 0.879680 0.428677 -1.320326
v 0.861230 0.174975 -1.362272
v 0.868570 0.535584 -1.240911
v 0.863119 0.185622 -1.374348
v 0.861230 0.231129 -1.418427
v 0.863119 0.219053 -1.407779
v 0.860072 0.219270 -1.333829
v 0.880988 0.430697 -1.246253
v 0.871041 0.535584 -1.255970
v 0.853797 0.246185 -1.322753
v 0.882146 0.482130 -1.235044
v 0.884035 0.483140 -1.298391
v 0.853797 0.270648 -1.347216
v 0.860072 0.259572 -1.374131
v 0.868570 0.101716 -1.240911
v 0.850125 0.178535 -1.441427
v 0.858764 0.208623 -1.320326
v 0.874713 0.233467 -1.292049
v 0.861230 0.406171 -1.131076
v 0.863119 0.418247 -1.141723
v 0.863119 0.451678 -1.175154
v 0.884035 0.154160 -1.251112
v 0.853797 0.391115 -1.226749
v 0.884035 0.154160 -1.298391
v 0.860072 0.418030 -1.215673
v 0.879680 0.273075 -1.384778
v 0.868570 0.284810 -1.491685
v 0.868570 0.352490 -1.491685
v 0.871041 0.299869 -1.491685
v 0.880987 0.290152 -1.386798
v 0.847654 0.448117 -1.097427
v 0.874713 0.335948 -1.359934
v 0.880987 0.347148 -1.386798
v 0.871041 0.337431 -1.491685
v 0.884035 0.342289 -1.439242
v 0.862875 0.174975 -1.187230
v 0.850125 0.178535 -1.108075
v 0.860072 0.259572 -1.175371
v 0.879680 0.364225 -1.164724
v 0.879680 0.273075 -1.164724
v 0.853797 0.270648 -1.202286
v 0.853797 0.246185 -1.226749
v 0.849300 0.141326 -1.145284
v 0.880987 0.290152 -1.162704
v 0.874713 0.301352 -1.189568
v 0.861230 0.406171 -1.418427
v 0.861230 0.462326 -1.362272
v 0.850125 0.485326 -1.414866
v 0.860072 0.418030 -1.333829
v 0.882146 0.358357 -1.111271
v 0.847654 0.495974 -1.404218
v 0.882146 0.278943 -1.111271
v 0.879680 0.364225 -1.384778
v 0.847654 0.448117 -1.452075
v 0.863119 0.295011 -1.110261
v 0.871041 0.458765 -1.441427
v 0.880987 0.377728 -1.374131
v 0.874713 0.366652 -1.347216
v 0.874713 0.391115 -1.322753
v 0.863119 0.342289 -1.110261
v 0.850125 0.337431 -1.057817
v 0.884035 0.451678 -1.374348
v 0.860072 0.347148 -1.162704
v 0.884035 0.418247 -1.407779
v 0.853797 0.335948 -1.189568
v 0.879680 0.208623 -1.229176
v 0.850125 0.299869 -1.057817
v 0.868570 0.189183 -1.097427
v 0.871041 0.151974 -1.134636
v 0.880987 0.219270 -1.215673
v 0.847654 0.352490 -1.057817
v 0.847654 0.284810 -1.057817
v 0.861230 0.278943 -1.438231
v 0.863119 0.295011 -1.439242
v 0.884035 0.219053 -1.141723
v 0.882146 0.231129 -1.131076
v 0.884035 0.185622 -1.175154
v 0.861230 0.358357 -1.438231
v 0.868570 0.495974 -1.145284
v 0.853797 0.301352 -1.359934
v 0.871041 0.485326 -1.134636
v 0.861230 0.155170 -1.314458
v 0.862875 0.155170 -1.235044
v 0.874713 0.366652 -1.202286
v 0.880987 0.377728 -1.175371
v 0.871041 0.458765 -1.108075
v 0.850126 0.101716 -1.255970
v 0.882146 0.462326 -1.187230
v 0.860072 0.206603 -1.246253
v 0.853798 0.233467 -1.257453
v 0.860072 0.206603 -1.303249
v 0.868570 0.189183 -1.452075
v 0.868570 0.141326 -1.404218
v 0.850126 0.101716 -1.293532
v 0.847655 0.101716 -1.308591
v 0.861230 0.482130 -1.314458
v 0.863120 0.483140 -1.251112
v 0.853798 0.403833 -1.257453
v 0.871041 0.151974 -1.414866
v 0.853798 0.403833 -1.292049
v 0.860072 0.430697 -1.303249
v 0.850126 0.535584 -1.293532
v 0.847655 0.535584 -1.308591
v 0.771851 0.465641 -1.303989
v 0.771851 0.443263 -1.358015
v 0.771851 0.401914 -1.399363
v 0.771851 0.347888 -1.421741
v 0.771851 0.261294 -1.413222
v 0.771851 0.212669 -1.380732
v 0.771851 0.180179 -1.332107
v 0.771851 0.168770 -1.274751
v 0.771851 0.180179 -1.217394
v 0.771851 0.212669 -1.168770
v 0.771851 0.261294 -1.136280
v 0.771851 0.318650 -1.124871
v 0.771851 0.376007 -1.136280
v 0.771851 0.424631 -1.168770
v 0.771851 0.457121 -1.217394
v 0.771851 0.468530 -1.274751
v 0.771851 0.457121 -1.332107
v 0.771851 0.424631 -1.380732
v 0.771851 0.376007 -1.413222
v 0.771851 0.318650 -1.424631
v 0.771851 0.465641 -1.245513
v 0.771851 0.443263 -1.191487
v 0.771851 0.401914 -1.150138
v 0.771851 0.347888 -1.127760
v 0.771851 0.289412 -1.127760
v 0.771851 0.235387 -1.150138
v 0.771851 0.194037 -1.191487
v 0.771851 0.171659 -1.245512
v 0.771851 0.171659 -1.303989
v 0.771851 0.194038 -1.358015
v 0.771851 0.235387 -1.399364
v 0.771851 0.289412 -1.421741
v 0.768375 0.405668 -1.292060
v 0.768375 0.392421 -1.324043
v 0.768375 0.367942 -1.348521
v 0.768375 0.335959 -1.361769
v 0.851538 0.307893 -1.328829
v 0.851538 0.288017 -1.320596
v 0.851538 0.272805 -1.305384
v 0.851538 0.264572 -1.285508
v 0.851538 0.264572 -1.263994
v 0.851538 0.272805 -1.244118
v 0.851538 0.288017 -1.228906
v 0.851538 0.307893 -1.220673
v 0.851538 0.329407 -1.220673
v 0.851538 0.349283 -1.228906
v 0.851538 0.364495 -1.244118
v 0.851538 0.372728 -1.263994
v 0.851538 0.329407 -1.328829
v 0.851538 0.349283 -1.320596
v 0.851538 0.364495 -1.305384
v 0.851538 0.372728 -1.285508
v 0.768375 0.405668 -1.257442
v 0.768375 0.392421 -1.225459
v 0.768375 0.367942 -1.200980
v 0.768375 0.335959 -1.187733
v 0.768375 0.301341 -1.187733
v 0.768375 0.269358 -1.200980
v 0.768375 0.244880 -1.225459
v 0.768375 0.231632 -1.257442
v 0.768375 0.231632 -1.292060
v 0.768375 0.244880 -1.324043
v 0.768375 0.269358 -1.348522
v 0.768375 0.301341 -1.361769
v 0.813417 0.317204 -1.425402
v 0.791565 0.317677 -1.429670
v 0.813762 0.367568 -1.402807
v 0.793357 0.371256 -1.409557
v 0.813762 0.353489 -1.371668
v 0.812611 0.298331 -1.402126
v 0.813762 0.313909 -1.378227
v 0.755849 0.298331 -1.402126
v 0.755849 0.313909 -1.378227
v 0.779777 0.272477 -1.425925
v 0.755849 0.272477 -1.425925
v 0.779777 0.294871 -1.448455
v 0.755849 0.294871 -1.448455
v 0.786725 0.327382 -1.441080
v 0.790119 0.382364 -1.426569
v 0.755849 0.327382 -1.441080
v 0.755849 0.382364 -1.426569
v 0.755850 0.353489 -1.371668
v 0.813417 0.455095 -1.337300
v 0.791565 0.458763 -1.339533
v 0.813762 0.413322 -1.373384
v 0.793357 0.417880 -1.379581
v 0.813762 0.391058 -1.347458
v 0.812611 0.441984 -1.310355
v 0.813762 0.413739 -1.314365
v 0.755849 0.441984 -1.310355
v 0.755849 0.413739 -1.314365
v 0.779777 0.474484 -1.296991
v 0.755849 0.474484 -1.296991
v 0.779777 0.485430 -1.326812
v 0.755849 0.485430 -1.326812
v 0.786725 0.464998 -1.353153
v 0.790119 0.428598 -1.396841
v 0.755849 0.464998 -1.353153
v 0.755849 0.428598 -1.396841
v 0.755850 0.391058 -1.347458
v -0.854391 0.320344 0.890101
v -0.854391 0.443286 0.914555
v -0.854391 0.547510 0.984196
v -0.854391 0.617151 1.088420
v -0.854391 0.641605 1.211361
v -0.854391 0.617151 1.334303
v -0.854391 0.547510 1.438527
v -0.854391 0.443285 1.508168
v -0.854391 0.320344 1.532622
v -0.854391 0.197403 1.508168
v -0.854391 0.093179 1.438527
v -0.854391 0.023538 1.334303
v -0.854391 -0.000917 1.211361
v -0.854391 0.023538 1.088420
v -0.854391 0.093179 0.984196
v -0.854391 0.197403 0.914555
v -0.862833 0.410500 0.993707
v -0.862833 0.320344 0.975774
v -0.862833 0.230189 0.993707
v -0.862833 0.230189 1.429016
v -0.862833 0.320344 1.446949
v -0.862833 0.486930 1.044776
v -0.862833 0.153759 1.377947
v -0.862833 0.537999 1.121206
v -0.862833 0.102690 1.301517
v -0.862833 0.555932 1.211361
v -0.862833 0.084757 1.211361
v -0.862833 0.537999 1.301517
v -0.862833 0.102690 1.121206
v -0.862833 0.486930 1.377947
v -0.862833 0.153759 1.044776
v -0.862833 0.410500 1.429016
v -0.854391 0.383015 0.896294
v -0.854391 0.498816 0.944260
v -0.854391 0.587446 1.032890
v -0.854391 0.635412 1.148691
v -0.854391 0.635412 1.274032
v -0.854391 0.587446 1.389833
v -0.854391 0.498816 1.478463
v -0.854391 0.383015 1.526429
v -0.854391 0.257673 1.526429
v -0.854391 0.141873 1.478463
v -0.854391 0.053243 1.389833
v -0.854391 0.005277 1.274032
v -0.854391 0.005277 1.148691
v -0.854391 0.053243 1.032890
v -0.854391 0.141873 0.944260
v -0.854391 0.257673 0.896294
v -0.884708 0.422880 1.458903
v -0.884708 0.130884 1.021901
v -0.884708 0.509805 1.400822
v -0.884708 0.072802 1.108826
v -0.884708 0.567886 1.313897
v -0.884708 0.052407 1.211361
v -0.884708 0.588282 1.211361
v -0.884708 0.072802 1.313897
v -0.884708 0.567886 1.108826
v -0.884708 0.130884 1.400822
v -0.884708 0.509805 1.021901
v -0.884708 0.320344 1.479299
v -0.884708 0.217809 1.458903
v -0.884708 0.217809 0.963819
v -0.884708 0.320344 0.943424
v -0.884708 0.422880 0.963820
v -0.878532 0.204674 0.932108
v -0.878532 0.106613 0.997630
v -0.878532 0.041090 1.095691
v -0.878532 0.018082 1.211361
v -0.878532 0.041090 1.327032
v -0.878532 0.106613 1.425093
v -0.878532 0.204674 1.490615
v -0.878532 0.320344 1.513623
v -0.878532 0.436015 1.490615
v -0.878532 0.534076 1.425093
v -0.878532 0.599598 1.327032
v -0.878532 0.622606 1.211361
v -0.878532 0.599598 1.095691
v -0.878532 0.534076 0.997630
v -0.878532 0.436015 0.932108
v -0.878532 0.320344 0.909099
v -0.639555 0.259685 -1.571186
v -0.639555 0.150733 -1.526057
v -0.639555 0.067344 -1.442668
v -0.639555 0.022215 -1.333716
v -0.639555 0.022215 -1.215786
v -0.639555 0.067344 -1.106834
v -0.639555 0.150733 -1.023445
v -0.639555 0.259685 -0.978316
v -0.639555 0.377615 -0.978316
v -0.639555 0.486567 -1.023445
v -0.639555 0.569956 -1.106834
v -0.639555 0.615085 -1.215786
v -0.639555 0.615085 -1.333716
v -0.639555 0.569956 -1.442668
v -0.639555 0.486567 -1.526057
v -0.639555 0.377615 -1.571186
v -0.639555 0.318650 -1.577013
v -0.639555 0.434321 -1.554005
v -0.639555 0.532382 -1.488483
v -0.639555 0.597904 -1.390422
v -0.639555 0.620912 -1.274751
v -0.639555 0.597904 -1.159080
v -0.639555 0.532382 -1.061020
v -0.639555 0.434321 -0.995497
v -0.639555 0.318650 -0.972489
v -0.639555 0.202979 -0.995497
v -0.639555 0.104918 -1.061020
v -0.639555 0.039396 -1.159080
v -0.639555 0.016388 -1.274751
v -0.639555 0.039396 -1.390422
v -0.639555 0.104918 -1.488483
v -0.639555 0.202979 -1.554005
v -0.633380 0.421185 -1.522293
v -0.633380 0.318650 -1.542689
v -0.633380 0.216115 -1.522293
v -0.633380 0.216115 -1.027209
v -0.633380 0.318650 -1.006813
v -0.633380 0.508111 -1.464212
v -0.633380 0.129189 -1.085290
v -0.633380 0.566192 -1.377286
v -0.633380 0.071108 -1.172216
v -0.633380 0.586588 -1.274751
v -0.633380 0.050712 -1.274751
v -0.633380 0.566192 -1.172216
v -0.633380 0.071108 -1.377286
v -0.633380 0.508111 -1.085290
v -0.633380 0.129190 -1.464212
v -0.633380 0.421185 -1.027209
v -0.663696 0.255979 -1.589819
v -0.663696 0.140179 -1.541853
v -0.663696 0.051549 -1.453223
v -0.663696 0.003582 -1.337422
v -0.663696 0.003582 -1.212080
v -0.663696 0.051549 -1.096279
v -0.663696 0.140179 -1.007650
v -0.663696 0.255979 -0.959684
v -0.663696 0.381321 -0.959684
v -0.663696 0.497122 -1.007650
v -0.663696 0.585752 -1.096279
v -0.663696 0.633718 -1.212080
v -0.663696 0.633718 -1.337422
v -0.663696 0.585752 -1.453223
v -0.663696 0.497122 -1.541852
v -0.663696 0.381321 -1.589818
v -0.878532 0.379309 0.914926
v -0.878532 0.488261 0.960056
v -0.878532 0.571650 1.043444
v -0.878532 0.616779 1.152397
v -0.878532 0.616779 1.270326
v -0.878532 0.571650 1.379278
v -0.878532 0.488261 1.462667
v -0.878532 0.379309 1.507797
v -0.878532 0.261380 1.507797
v -0.878532 0.152427 1.462667
v -0.878532 0.069039 1.379278
v -0.878532 0.023909 1.270326
v -0.878532 0.023909 1.152397
v -0.878532 0.069039 1.043444
v -0.878532 0.152427 0.960056
v -0.878532 0.261380 0.914926
v -0.651393 0.320344 0.890101
v -0.651393 0.443286 0.914555
v -0.651393 0.547510 0.984196
v -0.651393 0.617151 1.088420
v -0.651393 0.641605 1.211361
v -0.651393 0.617151 1.334303
v -0.651393 0.547510 1.438527
v -0.651393 0.443285 1.508168
v -0.651393 0.320344 1.532622
v -0.651393 0.197403 1.508168
v -0.651393 0.093179 1.438527
v -0.651393 0.023538 1.334303
v -0.651393 -0.000917 1.211361
v -0.651393 0.023538 1.088420
v -0.651393 0.093179 0.984196
v -0.651393 0.197403 0.914555
v -0.663696 0.195709 -1.571557
v -0.663696 0.091484 -1.501917
v -0.663696 0.021844 -1.397693
v -0.663696 -0.002611 -1.274751
v -0.663696 0.021844 -1.151810
v -0.663696 0.091484 -1.047585
v -0.663696 0.195709 -0.977945
v -0.663696 0.318650 -0.953490
v -0.663696 0.441591 -0.977945
v -0.663696 0.545816 -1.047585
v -0.663696 0.615456 -1.151810
v -0.663696 0.639911 -1.274751
v -0.663696 0.615456 -1.397693
v -0.663696 0.545816 -1.501917
v -0.663696 0.441591 -1.571557
v -0.663696 0.318650 -1.596012
v -0.890835 0.259685 -1.571186
v -0.890835 0.150733 -1.526057
v -0.890835 0.067344 -1.442668
v -0.890835 0.022215 -1.333716
v -0.890835 0.022215 -1.215786
v -0.890835 0.067344 -1.106834
v -0.890835 0.150733 -1.023445
v -0.890835 0.259685 -0.978316
v -0.890835 0.377615 -0.978316
v -0.890835 0.486567 -1.023445
v -0.890835 0.569956 -1.106834
v -0.890835 0.615085 -1.215786
v -0.890835 0.615085 -1.333716
v -0.890835 0.569956 -1.442668
v -0.890835 0.486567 -1.526057
v -0.890835 0.377615 -1.571186
v -0.651393 0.383015 0.896294
v -0.651393 0.498816 0.944260
v -0.651393 0.587446 1.032890
v -0.651393 0.635412 1.148691
v -0.651393 0.635412 1.274032
v -0.651393 0.587446 1.389833
v -0.651393 0.498816 1.478463
v -0.651393 0.383015 1.526429
v -0.651393 0.257673 1.526429
v -0.651393 0.141873 1.478463
v -0.651393 0.053243 1.389833
v -0.651393 0.005277 1.274032
v -0.651393 0.005277 1.148691
v -0.651393 0.053243 1.032890
v -0.651393 0.141873 0.944260
v -0.651393 0.257673 0.896294
v -0.621077 0.422880 1.458903
v -0.621077 0.130884 1.021901
v -0.621077 0.509805 1.400822
v -0.621077 0.072802 1.108826
v -0.621077 0.567886 1.313897
v -0.621077 0.052406 1.211361
v -0.621077 0.588282 1.211361
v -0.621077 0.072802 1.313897
v -0.621077 0.567886 1.108826
v -0.621077 0.130884 1.400822
v -0.621077 0.509805 1.021901
v -0.621077 0.320344 1.479299
v -0.621077 0.217809 1.458903
v -0.621077 0.217809 0.963819
v -0.621077 0.320344 0.943424
v -0.621077 0.422880 0.963820
v -0.627252 0.204674 0.932108
v -0.627252 0.106613 0.997630
v -0.627252 0.041090 1.095691
v -0.627252 0.018082 1.211361
v -0.627252 0.041090 1.327032
v -0.627252 0.106613 1.425093
v -0.627252 0.204674 1.490615
v -0.627252 0.320344 1.513623
v -0.627252 0.436015 1.490615
v -0.627252 0.534076 1.425093
v -0.627252 0.599598 1.327032
v -0.627252 0.622606 1.211361
v -0.627252 0.599598 1.095691
v -0.627252 0.534076 0.997630
v -0.627252 0.436015 0.932108
v -0.627252 0.320344 0.909099
v -0.890835 0.318650 -1.577013
v -0.890835 0.434321 -1.554005
v -0.890835 0.532382 -1.488483
v -0.890835 0.597904 -1.390422
v -0.890835 0.620912 -1.274751
v -0.890835 0.597904 -1.159080
v -0.890835 0.532382 -1.061020
v -0.890835 0.434321 -0.995497
v -0.890835 0.318650 -0.972489
v -0.890835 0.202979 -0.995497
v -0.890835 0.104918 -1.061020
v -0.890835 0.039396 -1.159080
v -0.890835 0.016388 -1.274751
v -0.890835 0.039396 -1.390422
v -0.890835 0.104918 -1.488483
v -0.890835 0.202979 -1.554005
v -0.897011 0.421185 -1.522293
v -0.897011 0.318650 -1.542689
v -0.897011 0.216115 -1.522293
v -0.897011 0.216115 -1.027209
v -0.897011 0.318650 -1.006813
v -0.897011 0.508111 -1.464212
v -0.897011 0.129190 -1.085290
v -0.897011 0.566192 -1.377286
v -0.897011 0.071108 -1.172216
v -0.897011 0.586588 -1.274751
v -0.897011 0.050712 -1.274751
v -0.897011 0.566192 -1.172216
v -0.897011 0.071108 -1.377286
v -0.897011 0.508111 -1.085290
v -0.897011 0.129190 -1.464212
v -0.897011 0.421185 -1.027209
v -0.866694 0.255979 -1.589819
v -0.866694 0.140179 -1.541853
v -0.866694 0.051549 -1.453223
v -0.866694 0.003582 -1.337422
v -0.866694 0.003582 -1.212080
v -0.866694 0.051549 -1.096279
v -0.866694 0.140179 -1.007650
v -0.866694 0.255979 -0.959684
v -0.866694 0.381321 -0.959684
v -0.866694 0.497122 -1.007650
v -0.866694 0.585752 -1.096279
v -0.866694 0.633718 -1.212080
v -0.866694 0.633718 -1.337422
v -0.866694 0.585752 -1.453223
v -0.866694 0.497122 -1.541852
v -0.866694 0.381321 -1.589818
v -0.875136 0.408806 -1.057097
v -0.875136 0.152065 -1.441336
v -0.875136 0.485236 -1.108165
v -0.875136 0.100996 -1.364907
v -0.875136 0.536305 -1.184595
v -0.875136 0.083063 -1.274751
v -0.875136 0.554238 -1.274751
v -0.875136 0.100996 -1.184595
v -0.875136 0.536305 -1.364907
v -0.875136 0.152065 -1.108165
v -0.875136 0.485236 -1.441336
v -0.875136 0.318650 -1.039163
v -0.875136 0.228495 -1.057097
v -0.875136 0.228495 -1.492406
v -0.875136 0.318650 -1.510339
v -0.875136 0.408806 -1.492405
v -0.866694 0.195709 -1.571557
v -0.866694 0.091484 -1.501917
v -0.866694 0.021844 -1.397693
v -0.866694 -0.002611 -1.274751
v -0.866694 0.021844 -1.151810
v -0.866694 0.091484 -1.047585
v -0.866694 0.195709 -0.977945
v -0.866694 0.318650 -0.953490
v -0.866694 0.441591 -0.977945
v -0.866694 0.545816 -1.047585
v -0.866694 0.615456 -1.151810
v -0.866694 0.639911 -1.274751
v -0.866694 0.615456 -1.397693
v -0.866694 0.545816 -1.501917
v -0.866694 0.441591 -1.571557
v -0.866694 0.318650 -1.596012
v -0.627252 0.379309 0.914926
v -0.627252 0.488261 0.960056
v -0.627252 0.571650 1.043444
v -0.627252 0.616779 1.152397
v -0.627252 0.616779 1.270326
v -0.627252 0.571650 1.379278
v -0.627252 0.488261 1.462667
v -0.627252 0.379309 1.507797
v -0.627252 0.261380 1.507797
v -0.627252 0.152427 1.462667
v -0.627252 0.069039 1.379278
v -0.627252 0.023909 1.270326
v -0.627252 0.023909 1.152397
v -0.627252 0.069039 1.043444
v -0.627252 0.152427 0.960056
v -0.627252 0.261380 0.914926
v -0.878739 0.320344 0.962449
v -0.878739 0.415599 0.981396
v -0.878739 0.496352 1.035353
v -0.878739 0.550310 1.116107
v -0.878739 0.569257 1.211361
v -0.878739 0.550310 1.306616
v -0.878739 0.496352 1.387369
v -0.878739 0.415599 1.441327
v -0.878739 0.320344 1.460274
v -0.878739 0.225090 1.441327
v -0.878739 0.144336 1.387369
v -0.878739 0.090379 1.306616
v -0.878739 0.071431 1.211361
v -0.878739 0.090379 1.116107
v -0.878739 0.144336 1.035353
v -0.878739 0.225090 0.981396
v -0.878739 0.368902 0.967247
v -0.878739 0.458624 1.004411
v -0.878739 0.527294 1.073081
v -0.878739 0.564459 1.162804
v -0.878739 0.564459 1.259919
v -0.878739 0.527294 1.349641
v -0.878739 0.458624 1.418312
v -0.878739 0.368902 1.455475
v -0.878739 0.271787 1.455475
v -0.878739 0.182065 1.418312
v -0.878739 0.113394 1.349641
v -0.878739 0.076230 1.259919
v -0.878739 0.076230 1.162804
v -0.878739 0.113394 1.073081
v -0.878739 0.182065 1.004411
v -0.878739 0.271787 0.967247
v -0.863911 0.320344 0.994334
v -0.863911 0.403397 1.010854
v -0.863911 0.473806 1.057900
v -0.863911 0.520851 1.128309
v -0.863911 0.537372 1.211361
v -0.863911 0.520851 1.294414
v -0.863911 0.473806 1.364823
v -0.863911 0.403397 1.411868
v -0.863911 0.320344 1.428389
v -0.863911 0.237291 1.411868
v -0.863911 0.166883 1.364823
v -0.863911 0.119837 1.294414
v -0.863911 0.103317 1.211361
v -0.863911 0.119837 1.128309
v -0.863911 0.166883 1.057900
v -0.863911 0.237291 1.010854
v -0.863911 0.362681 0.998518
v -0.863911 0.440910 1.030922
v -0.863911 0.500784 1.090795
v -0.863911 0.533188 1.169024
v -0.863911 0.533188 1.253698
v -0.863911 0.500784 1.331927
v -0.863911 0.440910 1.391801
v -0.863911 0.362682 1.424205
v -0.863911 0.278007 1.424205
v -0.863911 0.199778 1.391801
v -0.863911 0.139904 1.331927
v -0.863911 0.107501 1.253699
v -0.863911 0.107501 1.169024
v -0.863911 0.139904 1.090795
v -0.863911 0.199778 1.030922
v -0.863911 0.278007 0.998518
v -0.825067 0.320344 0.962449
v -0.825067 0.415599 0.981396
v -0.825067 0.496352 1.035353
v -0.825067 0.550310 1.116107
v -0.825067 0.569257 1.211361
v -0.825067 0.550310 1.306616
v -0.825067 0.496352 1.387369
v -0.825067 0.415599 1.441327
v -0.825067 0.320344 1.460274
v -0.825067 0.225090 1.441327
v -0.825067 0.144336 1.387369
v -0.825067 0.090379 1.306616
v -0.825067 0.071431 1.211361
v -0.825067 0.090379 1.116107
v -0.825067 0.144336 1.035353
v -0.825067 0.225090 0.981396
v -0.825067 0.368902 0.967247
v -0.825067 0.458624 1.004411
v -0.825067 0.527294 1.073081
v -0.825067 0.564459 1.162804
v -0.825067 0.564459 1.259919
v -0.825067 0.527294 1.349641
v -0.825067 0.458624 1.418312
v -0.825067 0.368902 1.455475
v -0.825067 0.271787 1.455475
v -0.825067 0.182065 1.418312
v -0.825067 0.113394 1.349641
v -0.825067 0.076230 1.259919
v -0.825067 0.076230 1.162804
v -0.825067 0.113394 1.073081
v -0.825067 0.182065 1.004411
v -0.825067 0.271787 0.967247
v -0.839235 0.320344 1.211361
v -0.836737 0.301746 1.166462
v -0.836737 0.285980 1.176996
v -0.836737 0.275445 1.192763
v -0.836737 0.271745 1.211361
v -0.836737 0.275445 1.229959
v -0.836737 0.285980 1.245726
v -0.836737 0.301746 1.256261
v -0.836737 0.338942 1.166462
v -0.836737 0.354709 1.176996
v -0.836737 0.320344 1.162762
v -0.836737 0.365244 1.192763
v -0.836737 0.368943 1.211361
v -0.836737 0.365244 1.229959
v -0.836737 0.354709 1.245726
v -0.836737 0.338942 1.256261
v -0.836737 0.320344 1.259960
v -0.855082 0.320344 1.277228
v -0.855082 0.345550 1.272214
v -0.855082 0.366919 1.257936
v -0.855082 0.381197 1.236567
v -0.855082 0.386211 1.211361
v -0.855082 0.381197 1.186155
v -0.855082 0.320344 1.145494
v -0.855082 0.366919 1.164786
v -0.855082 0.345550 1.150509
v -0.855082 0.295138 1.272214
v -0.855082 0.273769 1.257936
v -0.855082 0.259491 1.236567
v -0.855082 0.254477 1.211361
v -0.855082 0.259491 1.186155
v -0.855082 0.273769 1.164786
v -0.855082 0.295138 1.150509
v -0.841053 0.320344 0.994334
v -0.841053 0.403397 1.010854
v -0.841053 0.473806 1.057900
v -0.841053 0.520851 1.128309
v -0.841053 0.537372 1.211361
v -0.841053 0.520851 1.294414
v -0.841053 0.473806 1.364823
v -0.841053 0.403397 1.411868
v -0.841053 0.320344 1.428389
v -0.841053 0.237291 1.411868
v -0.841053 0.166883 1.364823
v -0.841053 0.119837 1.294414
v -0.841053 0.103317 1.211361
v -0.841053 0.119837 1.128309
v -0.841053 0.166883 1.057900
v -0.841053 0.237291 1.010854
v -0.841053 0.362681 0.998518
v -0.841053 0.440910 1.030922
v -0.841053 0.500784 1.090795
v -0.841053 0.533188 1.169024
v -0.841053 0.533188 1.253698
v -0.841053 0.500784 1.331927
v -0.841053 0.440910 1.391801
v -0.841053 0.362682 1.424205
v -0.841053 0.278007 1.424205
v -0.841053 0.199778 1.391801
v -0.841053 0.139904 1.331927
v -0.841053 0.107501 1.253699
v -0.841053 0.107501 1.169024
v -0.841053 0.139904 1.090795
v -0.841053 0.199778 1.030922
v -0.841053 0.278007 0.998518
v -0.841053 0.320344 1.019733
v -0.841053 0.393677 1.034320
v -0.841053 0.455846 1.075860
v -0.841053 0.497385 1.138029
v -0.841053 0.511972 1.211361
v -0.841053 0.497385 1.284694
v -0.841053 0.455846 1.346863
v -0.841053 0.393677 1.388402
v -0.841053 0.320344 1.402989
v -0.841053 0.247011 1.388402
v -0.841053 0.184843 1.346863
v -0.841053 0.143303 1.284694
v -0.841053 0.128716 1.211361
v -0.841053 0.143303 1.138029
v -0.841053 0.184843 1.075860
v -0.841053 0.247011 1.034320
v -0.841053 0.357727 1.023428
v -0.841053 0.426800 1.052039
v -0.841053 0.479667 1.104905
v -0.841053 0.508278 1.173979
v -0.841053 0.508278 1.248744
v -0.841053 0.479667 1.317817
v -0.841053 0.426800 1.370684
v -0.841053 0.357727 1.399295
v -0.841053 0.282962 1.399295
v -0.841053 0.213888 1.370684
v -0.841053 0.161022 1.317817
v -0.841053 0.132411 1.248744
v -0.841053 0.132411 1.173979
v -0.841053 0.161022 1.104905
v -0.841053 0.213888 1.052039
v -0.841053 0.282962 1.023427
v -0.837822 0.153668 1.071246
v -0.835351 0.143020 1.081894
v -0.856267 0.537278 1.177521
v -0.835351 0.190877 1.034037
v -0.858738 0.537278 1.192580
v -0.868684 0.432391 1.182864
v -0.862410 0.405527 1.194064
v -0.862410 0.405527 1.228659
v -0.848927 0.464020 1.298882
v -0.837822 0.460459 1.378037
v -0.871732 0.484835 1.235001
v -0.847769 0.379422 1.310741
v -0.841494 0.368346 1.283826
v -0.869843 0.483825 1.171654
v -0.856267 0.250779 1.240176
v -0.856267 0.103410 1.177521
v -0.837822 0.487020 1.351477
v -0.858738 0.103410 1.192580
v -0.868684 0.208297 1.182864
v -0.835351 0.497668 1.340828
v -0.862410 0.235161 1.228659
v -0.868684 0.208297 1.239859
v -0.858738 0.103410 1.230142
v -0.850816 0.187316 1.310958
v -0.869843 0.156864 1.251069
v -0.848927 0.232823 1.355037
v -0.869843 0.156864 1.171654
v -0.850816 0.220748 1.344389
v -0.847769 0.220964 1.270439
v -0.837822 0.153669 1.351477
v -0.835351 0.190877 1.388685
v -0.848106 0.210317 1.256936
v -0.862410 0.303046 1.126178
v -0.850816 0.419941 1.078334
v -0.850816 0.453372 1.111765
v -0.841494 0.392809 1.163359
v -0.841494 0.368346 1.138896
v -0.869842 0.360052 1.047881
v -0.871732 0.296705 1.046871
v -0.869842 0.280637 1.047881
v -0.847769 0.379422 1.111981
v -0.837822 0.460459 1.044686
v -0.856267 0.349159 1.280927
v -0.856267 0.291530 1.280927
v -0.856267 0.286504 1.428295
v -0.856267 0.354184 1.428295
v -0.858738 0.301563 1.428295
v -0.846461 0.365919 1.101334
v -0.848927 0.280637 1.374842
v -0.862410 0.337642 1.296545
v -0.868684 0.348842 1.323408
v -0.858738 0.339125 1.428295
v -0.871732 0.343984 1.375852
v -0.848927 0.360052 1.374842
v -0.871732 0.296705 1.375852
v -0.841494 0.303046 1.296545
v -0.847769 0.291847 1.323408
v -0.856267 0.389910 1.182546
v -0.856267 0.349159 1.141796
v -0.856267 0.449811 1.034037
v -0.856267 0.497668 1.081894
v -0.846461 0.274770 1.321388
v -0.846461 0.365919 1.321388
v -0.850816 0.343984 1.046871
v -0.837822 0.339125 0.994428
v -0.868684 0.419724 1.152283
v -0.858738 0.487020 1.071246
v -0.847769 0.348842 1.099315
v -0.869842 0.464020 1.123841
v -0.841494 0.337642 1.126178
v -0.869842 0.407865 1.067686
v -0.847769 0.291847 1.099315
v -0.856267 0.143020 1.340828
v -0.837822 0.301563 0.994428
v -0.835351 0.354184 0.994428
v -0.835351 0.286504 0.994428
v -0.862410 0.247879 1.259364
v -0.862410 0.272342 1.283826
v -0.868684 0.261266 1.310741
v -0.858738 0.180229 1.378037
v -0.846461 0.274770 1.101334
v -0.850816 0.155854 1.187722
v -0.850816 0.155854 1.235001
v -0.869842 0.176669 1.298882
v -0.856267 0.389910 1.240177
v -0.841495 0.235161 1.194064
v -0.856267 0.449811 1.388685
v -0.836997 0.103410 1.245201
v -0.868684 0.419724 1.270439
v -0.862410 0.392809 1.259364
v -0.850816 0.484835 1.187722
v -0.848927 0.483825 1.251069
v -0.837823 0.537278 1.230142
v -0.871732 0.453372 1.310958
v -0.847769 0.432391 1.239859
v -0.871732 0.419941 1.344389
v -0.869842 0.407865 1.355037
v -0.867377 0.210317 1.165787
v -0.856267 0.250779 1.182546
v -0.856267 0.291529 1.141796
v -0.835351 0.537278 1.245201
v -0.846461 0.430371 1.165787
v -0.858738 0.180229 1.044686
v -0.868684 0.261266 1.111982
v -0.862410 0.272342 1.138896
v -0.862410 0.247879 1.163359
v -0.868684 0.220964 1.152283
v -0.846461 0.430371 1.256936
v -0.871732 0.220748 1.078334
v -0.869842 0.232823 1.067686
v -0.871732 0.187316 1.111765
v -0.869842 0.176669 1.123841
v -0.867377 0.430371 1.256936
v -0.867377 0.430371 1.165787
v -0.848927 0.176669 1.123841
v -0.856267 0.537278 1.245201
v -0.850816 0.187316 1.111765
v -0.848927 0.232823 1.067686
v -0.850816 0.220748 1.078334
v -0.847769 0.220964 1.152283
v -0.868684 0.432391 1.239859
v -0.858738 0.537278 1.230142
v -0.841494 0.247879 1.163359
v -0.869843 0.483825 1.251069
v -0.871732 0.484835 1.187722
v -0.841494 0.272342 1.138896
v -0.847769 0.261266 1.111982
v -0.856267 0.103410 1.245201
v -0.837822 0.180229 1.044686
v -0.846461 0.210317 1.165787
v -0.862410 0.235161 1.194064
v -0.848927 0.407865 1.355037
v -0.850816 0.419941 1.344389
v -0.850816 0.453372 1.310958
v -0.871732 0.155854 1.235001
v -0.841494 0.392809 1.259364
v -0.871732 0.155854 1.187722
v -0.847769 0.419724 1.270439
v -0.867377 0.274770 1.101334
v -0.856267 0.286504 0.994428
v -0.856267 0.354184 0.994428
v -0.858738 0.301563 0.994428
v -0.868684 0.291847 1.099315
v -0.835351 0.449811 1.388685
v -0.862410 0.337642 1.126178
v -0.868684 0.348842 1.099315
v -0.858738 0.339125 0.994428
v -0.871732 0.343984 1.046871
v -0.850572 0.176669 1.298882
v -0.837822 0.180229 1.378037
v -0.847769 0.261266 1.310741
v -0.867377 0.365919 1.321388
v -0.867377 0.274770 1.321388
v -0.841494 0.272342 1.283826
v -0.841494 0.247879 1.259364
v -0.836996 0.143020 1.340828
v -0.868684 0.291847 1.323408
v -0.862410 0.303046 1.296545
v -0.848927 0.407865 1.067686
v -0.848927 0.464020 1.123841
v -0.837822 0.487020 1.071246
v -0.847769 0.419724 1.152283
v -0.869842 0.360052 1.374842
v -0.835351 0.497668 1.081894
v -0.869842 0.280637 1.374842
v -0.867377 0.365919 1.101334
v -0.835351 0.449811 1.034037
v -0.850816 0.296705 1.375852
v -0.858738 0.460459 1.044686
v -0.868684 0.379422 1.111981
v -0.862410 0.368346 1.138896
v -0.862410 0.392809 1.163359
v -0.850816 0.343984 1.375852
v -0.837822 0.339125 1.428295
v -0.871732 0.453372 1.111765
v -0.847769 0.348842 1.323408
v -0.871732 0.419941 1.078334
v -0.841494 0.337642 1.296545
v -0.867377 0.210317 1.256936
v -0.837822 0.301563 1.428295
v -0.856267 0.190877 1.388685
v -0.858738 0.153669 1.351477
v -0.868684 0.220964 1.270439
v -0.835351 0.354184 1.428295
v -0.835351 0.286504 1.428295
v -0.848927 0.280637 1.047881
v -0.850816 0.296705 1.046871
v -0.871732 0.220748 1.344389
v -0.869842 0.232823 1.355037
v -0.871732 0.187316 1.310958
v -0.848927 0.360052 1.047881
v -0.856267 0.497668 1.340828
v -0.841494 0.303046 1.126178
v -0.858738 0.487020 1.351477
v -0.848927 0.156864 1.171654
v -0.850572 0.156864 1.251069
v -0.862410 0.368346 1.283826
v -0.868684 0.379422 1.310741
v -0.858738 0.460459 1.378037
v -0.837823 0.103410 1.230142
v -0.869842 0.464020 1.298882
v -0.847769 0.208297 1.239859
v -0.841495 0.235161 1.228659
v -0.847769 0.208297 1.182864
v -0.856267 0.190877 1.034037
v -0.856267 0.143020 1.081894
v -0.837823 0.103410 1.192580
v -0.835351 0.103410 1.177521
v -0.848927 0.483825 1.171654
v -0.850816 0.484835 1.235001
v -0.841495 0.405527 1.228659
v -0.858738 0.153668 1.071246
v -0.841495 0.405527 1.194064
v -0.847769 0.432391 1.182864
v -0.837823 0.537278 1.192580
v -0.835351 0.537278 1.177521
v -0.759547 0.467335 1.182123
v -0.759547 0.444957 1.128098
v -0.759547 0.403608 1.086749
v -0.759547 0.349583 1.064371
v -0.759547 0.262988 1.072890
v -0.759547 0.214363 1.105380
v -0.759547 0.181873 1.154005
v -0.759547 0.170464 1.211362
v -0.759547 0.181873 1.268718
v -0.759547 0.214363 1.317343
v -0.759547 0.262988 1.349833
v -0.759547 0.320344 1.361242
v -0.759547 0.377701 1.349833
v -0.759547 0.426325 1.317343
v -0.759547 0.458815 1.268718
v -0.759547 0.470224 1.211361
v -0.759547 0.458815 1.154005
v -0.759547 0.426325 1.105380
v -0.759547 0.377701 1.072890
v -0.759547 0.320344 1.061482
v -0.759547 0.467335 1.240600
v -0.759547 0.444957 1.294625
v -0.759547 0.403608 1.335974
v -0.759547 0.349583 1.358352
v -0.759547 0.291106 1.358352
v -0.759547 0.237081 1.335974
v -0.759547 0.195732 1.294625
v -0.759547 0.173354 1.240600
v -0.759547 0.173354 1.182123
v -0.759547 0.195732 1.128098
v -0.759547 0.237081 1.086749
v -0.759547 0.291106 1.064371
v -0.756071 0.407363 1.194052
v -0.756071 0.394115 1.162070
v -0.756071 0.369636 1.137591
v -0.756071 0.337653 1.124344
v -0.839235 0.309588 1.157284
v -0.839235 0.289712 1.165516
v -0.839235 0.274499 1.180729
v -0.839235 0.266266 1.200605
v -0.839235 0.266266 1.222118
v -0.839235 0.274499 1.241994
v -0.839235 0.289712 1.257207
v -0.839235 0.309588 1.265440
v -0.839235 0.331101 1.265440
v -0.839235 0.350977 1.257207
v -0.839235 0.366190 1.241994
v -0.839235 0.374422 1.222118
v -0.839235 0.331101 1.157284
v -0.839235 0.350977 1.165516
v -0.839235 0.366190 1.180729
v -0.839235 0.374422 1.200605
v -0.756071 0.407363 1.228670
v -0.756071 0.394115 1.260653
v -0.756071 0.369636 1.285132
v -0.756071 0.337653 1.298380
v -0.756071 0.303035 1.298380
v -0.756071 0.271052 1.285132
v -0.756071 0.246574 1.260653
v -0.756071 0.233326 1.228671
v -0.756071 0.233326 1.194052
v -0.756071 0.246574 1.162070
v -0.756071 0.271052 1.137591
v -0.756071 0.303035 1.124343
v -0.801113 0.277935 1.066796
v -0.779262 0.277228 1.062560
v -0.801458 0.332549 1.074825
v -0.781054 0.334260 1.067325
v -0.801458 0.327480 1.108620
v -0.800308 0.266113 1.094331
v -0.801458 0.287610 1.113086
v -0.743546 0.266113 1.094331
v -0.743546 0.287610 1.113086
v -0.767474 0.234756 1.078470
v -0.743546 0.234756 1.078470
v -0.767474 0.250170 1.050694
v -0.743546 0.250170 1.050694
v -0.774422 0.283460 1.048939
v -0.777816 0.340317 1.047931
v -0.743546 0.283460 1.048939
v -0.743546 0.340317 1.047931
v -0.743547 0.327480 1.108620
v -0.801113 0.434605 1.114026
v -0.779262 0.437526 1.110879
v -0.801458 0.384585 1.090679
v -0.781054 0.387283 1.083475
v -0.801458 0.370221 1.121686
v -0.800308 0.429325 1.143523
v -0.801458 0.401056 1.147354
v -0.743546 0.429325 1.143523
v -0.743546 0.401056 1.147354
v -0.767474 0.464236 1.147534
v -0.743546 0.464236 1.147534
v -0.767474 0.466650 1.115859
v -0.743546 0.466650 1.115859
v -0.774422 0.439818 1.096076
v -0.777816 0.392898 1.063948
v -0.743546 0.439818 1.096076
v -0.743546 0.392898 1.063948
v -0.743547 0.370221 1.121686
v -0.891042 0.318650 -1.523664
v -0.891042 0.413905 -1.504716
v -0.891042 0.494658 -1.450759
v -0.891042 0.548616 -1.370006
v -0.891042 0.567563 -1.274751
v -0.891042 0.548616 -1.179497
v -0.891042 0.494658 -1.098743
v -0.891042 0.413905 -1.044786
v -0.891042 0.318650 -1.025839
v -0.891042 0.223395 -1.044786
v -0.891042 0.142642 -1.098743
v -0.891042 0.088685 -1.179497
v -0.891042 0.069737 -1.274751
v -0.891042 0.088685 -1.370006
v -0.891042 0.142642 -1.450759
v -0.891042 0.223395 -1.504717
v -0.891042 0.367207 -1.518865
v -0.891042 0.456930 -1.481701
v -0.891042 0.525600 -1.413031
v -0.891042 0.562764 -1.323308
v -0.891042 0.562764 -1.226194
v -0.891042 0.525600 -1.136472
v -0.891042 0.456930 -1.067801
v -0.891042 0.367207 -1.030637
v -0.891042 0.270093 -1.030637
v -0.891042 0.180370 -1.067801
v -0.891042 0.111700 -1.136472
v -0.891042 0.074536 -1.226194
v -0.891042 0.074536 -1.323308
v -0.891042 0.111700 -1.413031
v -0.891042 0.180371 -1.481701
v -0.891042 0.270093 -1.518865
v -0.876215 0.318650 -1.491779
v -0.876215 0.401703 -1.475258
v -0.876215 0.472112 -1.428212
v -0.876215 0.519157 -1.357804
v -0.876215 0.535677 -1.274751
v -0.876215 0.519157 -1.191698
v -0.876215 0.472112 -1.121289
v -0.876215 0.401703 -1.074244
v -0.876215 0.318650 -1.057724
v -0.876215 0.235597 -1.074244
v -0.876215 0.165189 -1.121289
v -0.876215 0.118143 -1.191698
v -0.876215 0.101623 -1.274751
v -0.876215 0.118143 -1.357804
v -0.876215 0.165189 -1.428212
v -0.876215 0.235597 -1.475258
v -0.876215 0.360987 -1.487594
v -0.876215 0.439216 -1.455191
v -0.876215 0.499090 -1.395317
v -0.876215 0.531494 -1.317088
v -0.876215 0.531494 -1.232414
v -0.876215 0.499090 -1.154185
v -0.876215 0.439216 -1.094311
v -0.876215 0.360987 -1.061908
v -0.876215 0.276313 -1.061908
v -0.876215 0.198084 -1.094311
v -0.876215 0.138210 -1.154185
v -0.876215 0.105806 -1.232414
v -0.876215 0.105806 -1.317088
v -0.876215 0.138210 -1.395317
v -0.876215 0.198084 -1.455191
v -0.876215 0.276313 -1.487595
v -0.840553 0.318650 -1.523664
v -0.840553 0.413905 -1.504716
v -0.840553 0.494658 -1.450759
v -0.840553 0.548616 -1.370006
v -0.840553 0.567563 -1.274751
v -0.840553 0.548616 -1.179497
v -0.840553 0.494658 -1.098743
v -0.840553 0.413905 -1.044786
v -0.840553 0.318650 -1.025839
v -0.840553 0.223395 -1.044786
v -0.840553 0.142642 -1.098743
v -0.840553 0.088685 -1.179497
v -0.840553 0.069737 -1.274751
v -0.840553 0.088685 -1.370006
v -0.840553 0.142642 -1.450759
v -0.840553 0.223395 -1.504717
v -0.840553 0.367207 -1.518865
v -0.840553 0.456930 -1.481701
v -0.840553 0.525600 -1.413031
v -0.840553 0.562764 -1.323308
v -0.840553 0.562764 -1.226194
v -0.840553 0.525600 -1.136472
v -0.840553 0.456930 -1.067801
v -0.840553 0.367207 -1.030637
v -0.840553 0.270093 -1.030637
v -0.840553 0.180370 -1.067801
v -0.840553 0.111700 -1.136472
v -0.840553 0.074536 -1.226194
v -0.840553 0.074536 -1.323308
v -0.840553 0.111700 -1.413031
v -0.840553 0.180371 -1.481701
v -0.840553 0.270093 -1.518865
v -0.851538 0.318650 -1.274751
v -0.849041 0.300052 -1.319651
v -0.849041 0.284285 -1.309116
v -0.849041 0.273750 -1.293349
v -0.849041 0.270051 -1.274751
v -0.849041 0.273750 -1.256153
v -0.849041 0.284285 -1.240386
v -0.849041 0.300052 -1.229851
v -0.849041 0.337248 -1.319651
v -0.849041 0.353015 -1.309116
v -0.849041 0.318650 -1.323350
v -0.849041 0.363550 -1.293349
v -0.849041 0.367249 -1.274751
v -0.849041 0.363550 -1.256153
v -0.849041 0.353015 -1.240386
v -0.849041 0.337248 -1.229851
v -0.849041 0.318650 -1.226153
v -0.867386 0.318650 -1.208885
v -0.867386 0.343856 -1.213898
v -0.867386 0.365225 -1.228176
v -0.867386 0.379503 -1.249545
v -0.867386 0.384517 -1.274751
v -0.867386 0.379503 -1.299957
v -0.867386 0.318650 -1.340618
v -0.867386 0.365225 -1.321326
v -0.867386 0.343856 -1.335604
v -0.867386 0.293444 -1.213898
v -0.867386 0.272075 -1.228176
v -0.867386 0.257797 -1.249545
v -0.867386 0.252783 -1.274751
v -0.867386 0.257797 -1.299957
v -0.867386 0.272075 -1.321326
v -0.867386 0.293444 -1.335604
v -0.853357 0.318650 -1.491779
v -0.853357 0.401703 -1.475258
v -0.853357 0.472112 -1.428212
v -0.853357 0.519157 -1.357804
v -0.853357 0.535677 -1.274751
v -0.853357 0.519157 -1.191698
v -0.853357 0.472112 -1.121289
v -0.853357 0.401703 -1.074244
v -0.853357 0.318650 -1.057724
v -0.853357 0.235597 -1.074244
v -0.853357 0.165189 -1.121289
v -0.853357 0.118143 -1.191698
v -0.853357 0.101623 -1.274751
v -0.853357 0.118143 -1.357804
v -0.853357 0.165189 -1.428212
v -0.853357 0.235597 -1.475258
v -0.853357 0.360987 -1.487594
v -0.853357 0.439216 -1.455191
v -0.853357 0.499090 -1.395317
v -0.853357 0.531494 -1.317088
v -0.853357 0.531494 -1.232414
v -0.853357 0.499090 -1.154185
v -0.853357 0.439216 -1.094311
v -0.853357 0.360987 -1.061908
v -0.853357 0.276313 -1.061908
v -0.853357 0.198084 -1.094311
v -0.853357 0.138210 -1.154185
v -0.853357 0.105806 -1.232414
v -0.853357 0.105806 -1.317088
v -0.853357 0.138210 -1.395317
v -0.853357 0.198084 -1.455191
v -0.853357 0.276313 -1.487595
v -0.853356 0.318650 -1.466379
v -0.853356 0.391983 -1.451792
v -0.853356 0.454151 -1.410252
v -0.853356 0.495691 -1.348084
v -0.853356 0.510278 -1.274751
v -0.853356 0.495691 -1.201418
v -0.853356 0.454151 -1.139250
v -0.853356 0.391983 -1.097710
v -0.853356 0.318650 -1.083123
v -0.853356 0.245317 -1.097710
v -0.853356 0.183149 -1.139250
v -0.853356 0.141609 -1.201418
v -0.853356 0.127022 -1.274751
v -0.853356 0.141609 -1.348084
v -0.853356 0.183149 -1.410252
v -0.853356 0.245317 -1.451792
v -0.853356 0.356032 -1.462685
v -0.853356 0.425106 -1.434073
v -0.853356 0.477973 -1.381207
v -0.853356 0.506584 -1.312134
v -0.853356 0.506584 -1.237369
v -0.853356 0.477973 -1.168295
v -0.853356 0.425106 -1.115429
v -0.853356 0.356032 -1.086818
v -0.853356 0.281268 -1.086818
v -0.853356 0.212194 -1.115429
v -0.853356 0.159328 -1.168295
v -0.853356 0.130716 -1.237368
v -0.853356 0.130716 -1.312134
v -0.853356 0.159328 -1.381207
v -0.853356 0.212194 -1.434073
v -0.853356 0.281268 -1.462685
v -0.850125 0.151974 -1.414866
v -0.847654 0.141326 -1.404218
v -0.868570 0.535584 -1.308591
v -0.847654 0.189183 -1.452075
v -0.871041 0.535584 -1.293532
v -0.880988 0.430697 -1.303249
v -0.874713 0.403833 -1.292049
v -0.874713 0.403833 -1.257453
v -0.861230 0.462326 -1.187230
v -0.850125 0.458765 -1.108075
v -0.884035 0.483140 -1.251112
v -0.860072 0.377728 -1.175371
v -0.853797 0.366652 -1.202286
v -0.882146 0.482130 -1.314458
v -0.868570 0.249084 -1.245936
v -0.868570 0.101716 -1.308591
v -0.850125 0.485326 -1.134636
v -0.871041 0.101716 -1.293532
v -0.880988 0.206603 -1.303249
v -0.847654 0.495974 -1.145284
v -0.874713 0.233467 -1.257453
v -0.880988 0.206603 -1.246253
v -0.871041 0.101716 -1.255970
v -0.863119 0.185622 -1.175154
v -0.882146 0.155170 -1.235044
v -0.861230 0.231129 -1.131076
v -0.882146 0.155170 -1.314458
v -0.863119 0.219053 -1.141723
v -0.860072 0.219270 -1.215673
v -0.850125 0.151974 -1.134636
v -0.847654 0.189183 -1.097427
v -0.860409 0.208623 -1.229176
v -0.874713 0.301352 -1.359934
v -0.863119 0.418247 -1.407779
v -0.863119 0.451678 -1.374348
v -0.853797 0.391115 -1.322753
v -0.853797 0.366652 -1.347216
v -0.882146 0.358357 -1.438231
v -0.884035 0.295011 -1.439242
v -0.882146 0.278943 -1.438231
v -0.860072 0.377728 -1.374131
v -0.850125 0.458765 -1.441427
v -0.868570 0.347465 -1.205186
v -0.868570 0.289835 -1.205185
v -0.868570 0.284810 -1.057817
v -0.868570 0.352490 -1.057817
v -0.871041 0.299869 -1.057817
v -0.858764 0.364225 -1.384778
v -0.861230 0.278943 -1.111271
v -0.874713 0.335948 -1.189568
v -0.880987 0.347148 -1.162704
v -0.871041 0.337431 -1.057817
v -0.884035 0.342289 -1.110261
v -0.861230 0.358357 -1.111271
v -0.884035 0.295011 -1.110261
v -0.853797 0.301352 -1.189568
v -0.860072 0.290152 -1.162704
v -0.868570 0.388215 -1.303566
v -0.868570 0.347465 -1.344316
v -0.868570 0.448117 -1.452075
v -0.868570 0.495974 -1.404218
v -0.858764 0.273075 -1.164724
v -0.858764 0.364225 -1.164724
v -0.863119 0.342289 -1.439242
v -0.850125 0.337431 -1.491685
v -0.880987 0.418030 -1.333829
v -0.871041 0.485326 -1.414866
v -0.860072 0.347148 -1.386798
v -0.882146 0.462326 -1.362272
v -0.853797 0.335948 -1.359934
v -0.882146 0.406171 -1.418427
v -0.860072 0.290152 -1.386798
v -0.868570 0.141326 -1.145284
v -0.850125 0.299869 -1.491685
v -0.847654 0.352490 -1.491685
v -0.847654 0.284810 -1.491685
v -0.874713 0.246185 -1.226749
v -0.874713 0.270648 -1.202286
v -0.880987 0.259572 -1.175371
v -0.871041 0.178535 -1.108075
v -0.858764 0.273075 -1.384778
v -0.863120 0.154160 -1.298391
v -0.863120 0.154160 -1.251112
v -0.882146 0.174975 -1.187230
v -0.868570 0.388215 -1.245936
v -0.853798 0.233467 -1.292049
v -0.868570 0.448117 -1.097427
v -0.849300 0.101716 -1.240911
v -0.880987 0.418030 -1.215673
v -0.874713 0.391115 -1.226749
v -0.863120 0.483140 -1.298391
v -0.861230 0.482130 -1.235044
v -0.850126 0.535584 -1.255970
v -0.884035 0.451678 -1.175154
v -0.860072 0.430697 -1.246253
v -0.884035 0.418247 -1.141723
v -0.882146 0.406171 -1.131076
v -0.879680 0.208623 -1.320326
v -0.868570 0.249085 -1.303566
v -0.868570 0.289835 -1.344316
v -0.847655 0.535584 -1.240911
v -0.858765 0.428677 -1.320326
v -0.871041 0.178535 -1.441427
v -0.880987 0.259572 -1.374131
v -0.874713 0.270648 -1.347216
v -0.874713 0.246185 -1.322753
v -0.880987 0.219270 -1.333829
v -0.858765 0.428677 -1.229176
v -0.884035 0.219053 -1.407779
v -0.882146 0.231129 -1.418427
v -0.884035 0.185622 -1.374348
v -0.882146 0.174975 -1.362272
v -0.879680 0.428677 -1.229176
v -0.879680 0.428677 -1.320326
v -0.861230 0.174975 -1.362272
v -0.868570 0.535584 -1.240911
v -0.863119 0.185622 -1.374348
v -0.861230 0.231129 -1.418427
v -0.863119 0.219053 -1.407779
v -0.860072 0.219270 -1.333829
v -0.880988 0.430697 -1.246253
v -0.871041 0.535584 -1.255970
v -0.853797 0.246185 -1.322753
v -0.882146 0.482130 -1.235044
v -0.884035 0.483140 -1.298391
v -0.853797 0.270648 -1.347216
v -0.860072 0.259572 -1.374131
v -0.868570 0.101716 -1.240911
v -0.850125 0.178535 -1.441427
v -0.858764 0.208623 -1.320326
v -0.874713 0.233467 -1.292049
v -0.861230 0.406171 -1.131076
v -0.863119 0.418247 -1.141723
v -0.863119 0.451678 -1.175154
v -0.884035 0.154160 -1.251112
v -0.853797 0.391115 -1.226749
v -0.884035 0.154160 -1.298391
v -0.860072 0.418030 -1.215673
v -0.879680 0.273075 -1.384778
v -0.868570 0.284810 -1.491685
v -0.868570 0.352490 -1.491685
v -0.871041 0.299869 -1.491685
v -0.880987 0.290152 -1.386798
v -0.847654 0.448117 -1.097427
v -0.874713 0.335948 -1.359934
v -0.880987 0.347148 -1.386798
v -0.871041 0.337431 -1.491685
v -0.884035 0.342289 -1.439242
v -0.862875 0.174975 -1.187230
v -0.850125 0.178535 -1.108075
v -0.860072 0.259572 -1.175371
v -0.879680 0.364225 -1.164724
v -0.879680 0.273075 -1.164724
v -0.853797 0.270648 -1.202286
v -0.853797 0.246185 -1.226749
v -0.849300 0.141326 -1.145284
v -0.880987 0.290152 -1.162704
v -0.874713 0.301352 -1.189568
v -0.861230 0.406171 -1.418427
v -0.861230 0.462326 -1.362272
v -0.850125 0.485326 -1.414866
v -0.860072 0.418030 -1.333829
v -0.882146 0.358357 -1.111271
v -0.847654 0.495974 -1.404218
v -0.882146 0.278943 -1.111271
v -0.879680 0.364225 -1.384778
v -0.847654 0.448117 -1.452075
v -0.863119 0.295011 -1.110261
v -0.871041 0.458765 -1.441427
v -0.880987 0.377728 -1.374131
v -0.874713 0.366652 -1.347216
v -0.874713 0.391115 -1.322753
v -0.863119 0.342289 -1.110261
v -0.850125 0.337431 -1.057817
v -0.884035 0.451678 -1.374348
v -0.860072 0.347148 -1.162704
v -0.884035 0.418247 -1.407779
v -0.853797 0.335948 -1.189568
v -0.879680 0.208623 -1.229176
v -0.850125 0.299869 -1.057817
v -0.868570 0.189183 -1.097427
v -0.871041 0.151974 -1.134636
v -0.880987 0.219270 -1.215673
v -0.847654 0.352490 -1.057817
v -0.847654 0.284810 -1.057817
v -0.861230 0.278943 -1.438231
v -0.863119 0.295011 -1.439242
v -0.884035 0.219053 -1.141723
v -0.882146 0.231129 -1.131076
v -0.884035 0.185622 -1.175154
v -0.861230 0.358357 -1.438231
v -0.868570 0.495974 -1.145284
v -0.853797 0.301352 -1.359934
v -0.871041 0.485326 -1.134636
v -0.861230 0.155170 -1.314458
v -0.862875 0.155170 -1.235044
v -0.874713 0.366652 -1.202286
v -0.880987 0.377728 -1.175371
v -0.871041 0.458765 -1.108075
v -0.850126 0.101716 -1.255970
v -0.882146 0.462326 -1.187230
v -0.860072 0.206603 -1.246253
v -0.853798 0.233467 -1.257453
v -0.860072 0.206603 -1.303249
v -0.868570 0.189183 -1.452075
v -0.868570 0.141326 -1.404218
v -0.850126 0.101716 -1.293532
v -0.847655 0.101716 -1.308591
v -0.861230 0.482130 -1.314458
v -0.863120 0.483140 -1.251112
v -0.853798 0.403833 -1.257453
v -0.871041 0.151974 -1.414866
v -0.853798 0.403833 -1.292049
v -0.860072 0.430697 -1.303249
v -0.850126 0.535584 -1.293532
v -0.847655 0.535584 -1.308591
v -0.771851 0.465641 -1.303989
v -0.771851 0.443263 -1.358015
v -0.771851 0.401914 -1.399363
v -0.771851 0.347888 -1.421741
v -0.771851 0.261294 -1.413222
v -0.771851 0.212669 -1.380732
v -0.771851 0.180179 -1.332107
v -0.771851 0.168770 -1.274751
v -0.771851 0.180179 -1.217394
v -0.771851 0.212669 -1.168770
v -0.771851 0.261294 -1.136280
v -0.771851 0.318650 -1.124871
v -0.771851 0.376007 -1.136280
v -0.771851 0.424631 -1.168770
v -0.771851 0.457121 -1.217394
v -0.771851 0.468530 -1.274751
v -0.771851 0.457121 -1.332107
v -0.771851 0.424631 -1.380732
v -0.771851 0.376007 -1.413222
v -0.771851 0.318650 -1.424631
v -0.771851 0.465641 -1.245513
v -0.771851 0.443263 -1.191487
v -0.771851 0.401914 -1.150138
v -0.771851 0.347888 -1.127760
v -0.771851 0.289412 -1.127760
v -0.771851 0.235387 -1.150138
v -0.771851 0.194037 -1.191487
v -0.771851 0.171659 -1.245512
v -0.771851 0.171659 -1.303989
v -0.771851 0.194038 -1.358015
v -0.771851 0.235387 -1.399364
v -0.771851 0.289412 -1.421741
v -0.768375 0.405668 -1.292060
v -0.768375 0.392421 -1.324043
v -0.768375 0.367942 -1.348521
v -0.768375 0.335959 -1.361769
v -0.851538 0.307893 -1.328829
v -0.851538 0.288017 -1.320596
v -0.851538 0.272805 -1.305384
v -0.851538 0.264572 -1.285508
v -0.851538 0.264572 -1.263994
v -0.851538 0.272805 -1.244118
v -0.851538 0.288017 -1.228906
v -0.851538 0.307893 -1.220673
v -0.851538 0.329407 -1.220673
v -0.851538 0.349283 -1.228906
v -0.851538 0.364495 -1.244118
v -0.851538 0.372728 -1.263994
v -0.851538 0.329407 -1.328829
v -0.851538 0.349283 -1.320596
v -0.851538 0.364495 -1.305384
v -0.851538 0.372728 -1.285508
v -0.768375 0.405668 -1.257442
v -0.768375 0.392421 -1.225459
v -0.768375 0.367942 -1.200980
v -0.768375 0.335959 -1.187733
v -0.768375 0.301341 -1.187733
v -0.768375 0.269358 -1.200980
v -0.768375 0.244880 -1.225459
v -0.768375 0.231632 -1.257442
v -0.768375 0.231632 -1.292060
v -0.768375 0.244880 -1.324043
v -0.768375 0.269358 -1.348522
v -0.768375 0.301341 -1.361769
v -0.813417 0.317204 -1.425402
v -0.791565 0.317677 -1.429670
v -0.813762 0.367568 -1.402807
v -0.793357 0.371256 -1.409557
v -0.813762 0.353489 -1.371668
v -0.812611 0.298331 -1.402126
v -0.813762 0.313909 -1.378227
v -0.755849 0.298331 -1.402126
v -0.755849 0.313909 -1.378227
v -0.779777 0.272477 -1.425925
v -0.755849 0.272477 -1.425925
v -0.779777 0.294871 -1.448455
v -0.755849 0.294871 -1.448455
v -0.786725 0.327382 -1.441080
v -0.790119 0.382364 -1.426569
v -0.755849 0.327382 -1.441080
v -0.755849 0.382364 -1.426569
v -0.755850 0.353489 -1.371668
v -0.813417 0.455095 -1.337300
v -0.791565 0.458763 -1.339533
v -0.813762 0.413322 -1.373384
v -0.793357 0.417880 -1.379581
v -0.813762 0.391058 -1.347458
v -0.812611 0.441984 -1.310355
v -0.813762 0.413739 -1.314365
v -0.755849 0.441984 -1.310355
v -0.755849 0.413739 -1.314365
v -0.779777 0.474484 -1.296991
v -0.755849 0.474484 -1.296991
v -0.779777 0.485430 -1.326812
v -0.755849 0.485430 -1.326812
v -0.786725 0.464998 -1.353153
v -0.790119 0.428598 -1.396841
v -0.755849 0.464998 -1.353153
v -0.755849 0.428598 -1.396841
v -0.755850 0.391058 -1.347458
vt 0.459010 0.625677
vt 0.292825 0.616934
vt 0.372017 0.617652
vt 0.039208 0.364579
vt 0.205183 0.475244
vt 0.123535 0.095380
vt 0.040857 0.685526
vt 0.041940 0.242108
s 1
g RR22B_Wheel_Plane.001_122B_Rims
usemtl 122B_Rims
f 2431/25 2447/25 2415/25
f 1922/25 1938/25 1906/25
f 1933/25 1916/25 1901/25
f 1940/25 1923/25 1908/25
f 1916/25 1932/25 1900/25
f 1923/25 1939/25 1907/25
f 1934/25 1917/25 1902/25
f 1941/25 1924/25 1909/25
f 1917/25 1933/25 1901/25
f 1924/25 1940/25 1908/25
f 1935/25 1918/25 1903/25
f 1942/25 1925/25 1910/25
f 1918/25 1934/25 1902/25
f 1929/25 1912/25 1897/25
f 1925/25 1941/25 1909/25
f 1936/25 1919/25 1904/25
f 1912/25 1928/25 1896/25
f 1943/25 1926/25 1911/25
f 1919/25 1935/25 1903/25
f 1930/25 1913/25 1898/25
f 1926/25 1942/25 1910/25
f 1937/25 1920/25 1905/25
f 1913/25 1929/25 1897/25
f 1928/25 1927/25 1896/25
f 1920/25 1936/25 1904/25
f 1931/25 1914/25 1899/25
f 1927/25 1943/25 1911/25
f 1938/25 1921/25 1906/25
f 1914/25 1930/25 1898/25
f 1921/25 1937/25 1905/25
f 1932/25 1915/25 1900/25
f 1939/25 1922/25 1907/25
f 1915/25 1931/25 1899/25
f 1927/25 1960/25 1896/25
f 1904/25 1984/25 1920/25
f 1914/25 1963/25 1899/25
f 1927/25 1975/25 1991/25
f 1921/25 1970/25 1906/25
f 1898/25 1978/25 1914/25
f 1905/25 1985/25 1921/25
f 1915/25 1964/25 1900/25
f 1922/25 1971/25 1907/25
f 1899/25 1979/25 1915/25
f 1906/25 1986/25 1922/25
f 1916/25 1965/25 1901/25
f 1923/25 1972/25 1908/25
f 1900/25 1980/25 1916/25
f 1907/25 1987/25 1923/25
f 1917/25 1966/25 1902/25
f 1924/25 1973/25 1909/25
f 1901/25 1981/25 1917/25
f 1908/25 1988/25 1924/25
f 1918/25 1967/25 1903/25
f 1925/25 1974/25 1910/25
f 1902/25 1982/25 1918/25
f 1912/25 1961/25 1897/25
f 1909/25 1989/25 1925/25
f 1919/25 1968/25 1904/25
f 1896/25 1976/25 1912/25
f 1911/25 1990/25 1975/25
f 1903/25 1983/25 1919/25
f 1913/25 1962/25 1898/25
f 1910/25 1990/25 1926/25
f 1920/25 1969/25 1905/25
f 1897/25 1977/25 1913/25
f 2004/26 1992/26 2003/26
f 2007/26 1992/26 2006/26
f 2001/26 1992/26 2000/26
f 1994/26 1992/26 1995/26
f 2003/26 1992/26 2001/26
f 1993/26 1992/26 1994/26
f 1999/26 1992/26 2008/26
f 1996/26 1992/26 1997/26
f 1998/26 1992/26 1999/26
f 2002/26 1992/26 1993/26
f 1997/26 1992/26 1998/26
f 2005/26 1992/26 2004/26
f 2008/26 1992/26 2007/26
f 1995/26 1992/26 1996/26
f 2006/26 1992/26 2005/26
f 2000/26 1992/26 2002/26
f 2007/27 2011/27 2010/27
f 2002/27 2024/27 2015/27
f 2014/27 2001/27 2016/27
f 2017/27 2002/27 2015/27
f 2006/27 2012/27 2011/27
f 2024/27 1994/27 2023/27
f 1998/27 2018/27 2019/27
f 2022/27 1996/27 2021/27
f 2001/27 2017/27 2016/27
f 1994/27 2022/27 2023/27
f 2009/27 2007/27 2010/27
f 2013/27 2003/27 2014/27
f 2020/27 1998/27 2019/27
f 1996/27 2020/27 2021/27
f 1999/27 2009/27 2018/27
f 2005/27 2013/27 2012/27
f 1947/27 2028/27 1931/27
f 1954/27 2035/27 1938/27
f 1933/27 2045/27 1948/27
f 1940/27 2052/27 1955/27
f 1948/27 2029/27 1932/27
f 1955/27 2036/27 1939/27
f 1934/27 2046/27 1949/27
f 1941/27 2053/27 1956/27
f 1949/27 2030/27 1933/27
f 1956/27 2037/27 1940/27
f 1935/27 2047/27 1950/27
f 1942/27 2054/27 1957/27
f 1950/27 2031/27 1934/27
f 1929/27 2041/27 1944/27
f 1957/27 2038/27 1941/27
f 1936/27 2048/27 1951/27
f 1944/27 2025/27 1928/27
f 1943/27 2055/27 1958/27
f 1951/27 2032/27 1935/27
f 1930/27 2042/27 1945/27
f 1958/27 2039/27 1942/27
f 1937/27 2049/27 1952/27
f 1945/27 2026/27 1929/27
f 1928/27 2056/27 1959/27
f 1952/27 2033/27 1936/27
f 1931/27 2043/27 1946/27
f 1959/27 2040/27 1943/27
f 1938/27 2050/27 1953/27
f 1946/27 2027/27 1930/27
f 1953/27 2034/27 1937/27
f 1932/27 2044/27 1947/27
f 1939/27 2051/27 1954/27
f 2041/26 2058/26 2073/26
f 2054/26 2070/26 2038/26
f 2048/26 2065/26 2080/26
f 2041/26 2057/26 2025/26
f 2055/26 2072/26 2087/26
f 2048/26 2064/26 2032/26
f 2042/26 2059/26 2074/26
f 2055/26 2071/26 2039/26
f 2049/26 2066/26 2081/26
f 2042/26 2058/26 2026/26
f 2056/26 2057/26 2088/26
f 2049/26 2065/26 2033/26
f 2043/26 2060/26 2075/26
f 2056/26 2072/26 2040/26
f 2050/26 2067/26 2082/26
f 2043/26 2059/26 2027/26
f 2050/26 2066/26 2034/26
f 2044/26 2061/26 2076/26
f 2051/26 2068/26 2083/26
f 2044/26 2060/26 2028/26
f 2051/26 2067/26 2035/26
f 2045/26 2062/26 2077/26
f 2052/26 2069/26 2084/26
f 2045/26 2061/26 2029/26
f 2052/26 2068/26 2036/26
f 2046/26 2063/26 2078/26
f 2053/26 2070/26 2085/26
f 2046/26 2062/26 2030/26
f 2053/26 2069/26 2037/26
f 2047/26 2064/26 2079/26
f 2054/26 2071/26 2086/26
f 2047/26 2063/26 2031/26
f 2096/25 2146/25 2095/25
f 2201/25 2096/25 2209/25
f 2095/25 2202/25 2094/25
f 2219/25 2103/25 2109/25
f 2109/25 2267/25 2110/25
f 2219/25 2186/25 2187/25
f 2233/25 2188/25 2121/25
f 2254/25 2233/25 2234/25
f 2121/25 2227/25 2231/25
f 2246/25 2131/25 2138/25
f 2138/25 2240/25 2139/25
f 2246/25 2241/25 2132/25
f 2260/25 2147/25 2259/25
f 2202/25 2260/25 2154/25
f 2259/25 2254/25 2258/25
f 2165/25 2132/25 2166/25
f 2166/25 2241/25 2167/25
f 2165/25 2267/25 2103/25
f 2285/25 2173/25 2178/25
f 2240/25 2285/25 2286/25
f 2178/25 2201/25 2177/25
f 2194/25 2188/25 2187/25
f 2194/25 2186/25 2195/25
f 2193/25 2227/25 2188/25
f 2213/25 2091/25 2093/25
f 2204/25 2099/25 2210/25
f 2212/25 2209/25 2099/25
f 2094/25 2102/25 2213/25
f 2225/25 2104/25 2115/25
f 2223/25 2216/25 2111/25
f 2110/25 2113/25 2223/25
f 2107/25 2115/25 2186/25
f 2127/25 2228/25 2230/25
f 2229/25 2236/25 2235/25
f 2126/25 2234/25 2236/25
f 2231/25 2128/25 2127/25
f 2143/25 2133/25 2253/25
f 2141/25 2134/25 2140/25
f 2139/25 2251/25 2141/25
f 2245/25 2253/25 2241/25
f 2265/25 2148/25 2257/25
f 2149/25 2263/25 2155/25
f 2157/25 2154/25 2263/25
f 2258/25 2159/25 2265/25
f 2278/25 2161/25 2172/25
f 2276/25 2269/25 2168/25
f 2167/25 2277/25 2276/25
f 2271/25 2172/25 2267/25
f 2182/25 2280/25 2282/25
f 2177/25 2289/25 2182/25
f 2185/25 2286/25 2184/25
f 2175/25 2184/25 2287/25
f 2197/25 2293/25 2198/25
f 2192/25 2198/25 2227/25
f 2195/25 2200/25 2199/25
f 2199/25 2294/25 2300/25
f 2208/26 2194/26 2195/26
f 2170/26 2106/26 2225/26
f 2237/26 2267/26 2172/26
f 2256/26 2135/26 2143/26
f 2211/26 2193/26 2194/26
f 2168/26 2116/26 2276/26
f 2192/26 2207/26 2197/26
f 2284/26 2216/26 2113/26
f 2165/26 2117/26 2271/26
f 2239/26 2166/26 2167/26
f 2283/26 2186/26 2115/26
f 2171/26 2110/26 2223/26
f 2201/26 2097/26 2289/26
f 2242/26 2165/26 2166/26
f 2137/26 2241/26 2253/26
f 2271/26 2112/26 2278/26
f 2111/26 2171/26 2223/26
f 2248/26 2202/26 2157/26
f 2219/26 2292/26 2107/26
f 2241/26 2114/26 2277/26
f 2240/26 2142/26 2251/26
f 2291/26 2219/26 2109/26
f 2154/26 2123/26 2263/26
f 2246/26 2145/26 2245/26
f 2247/25 2148/25 2159/25
f 2257/26 2122/26 2265/26
f 2107/26 2170/26 2225/26
f 2279/25 2254/25 2126/25
f 2093/26 2179/26 2213/26
f 2254/25 2247/25 2159/25
f 2175/26 2220/26 2185/26
f 2123/26 2155/26 2263/26
f 2261/26 2139/26 2141/26
f 2302/26 2095/26 2094/26
f 2209/26 2298/26 2099/26
f 2104/26 2283/26 2115/26
f 2260/26 2250/26 2154/26
f 2097/26 2280/26 2289/26
f 2186/26 2203/26 2200/26
f 2202/26 2297/26 2102/26
f 2133/26 2137/26 2253/26
f 2267/26 2284/26 2113/26
f 2205/26 2195/26 2199/26
f 2301/26 2096/26 2095/26
f 2298/26 2210/26 2099/26
f 2226/26 2178/26 2177/26
f 2096/26 2183/26 2209/26
f 2285/26 2100/26 2286/26
f 2179/26 2094/26 2213/26
f 2142/26 2134/26 2251/26
f 2140/26 2261/26 2141/26
f 2149/26 2248/26 2157/26
f 2203/26 2294/26 2200/26
f 2222/26 2177/26 2182/26
f 2129/26 2259/26 2258/26
f 2300/26 2205/26 2199/26
f 2266/26 2246/26 2138/26
f 2264/26 2138/26 2139/26
f 2293/26 2206/26 2198/26
f 2125/26 2260/26 2259/26
f 2161/26 2237/26 2172/26
f 2112/26 2270/26 2278/26
f 2245/26 2256/26 2143/26
f 2286/26 2221/26 2184/26
f 2234/26 2152/26 2236/26
f 2122/26 2258/26 2265/26
f 2274/26 2228/26 2128/26
f 2207/26 2191/26 2197/26
f 2290/26 2109/26 2110/26
f 2230/26 2275/26 2127/26
f 2204/26 2180/26 2212/26
f 2282/26 2222/26 2182/26
f 2152/26 2235/26 2236/26
f 2229/25 2279/25 2126/25
f 2221/26 2287/26 2184/26
f 2227/26 2274/26 2128/26
f 2224/26 2285/26 2178/26
f 2233/26 2156/26 2234/26
f 2114/26 2269/26 2277/26
f 2160/26 2121/26 2231/26
f 2297/26 2091/26 2102/26
f 2281/26 2233/26 2121/26
f 2180/26 2201/26 2212/26
f 2206/26 2227/26 2198/26
f 2193/26 2215/26 2192/26
f 2275/26 2231/26 2127/26
f 2116/26 2167/26 2276/26
f 2220/26 2240/26 2185/26
f 2011/25 2131/25 2010/25
f 2010/25 2131/25 2009/25
f 2009/25 2132/25 2018/25
f 2012/25 2173/25 2011/25
f 2012/25 2013/25 2173/25
f 2014/25 2146/25 2013/25
f 2014/25 2016/25 2146/25
f 2017/25 2147/25 2016/25
f 2017/25 2015/25 2147/25
f 2015/25 2024/25 2188/25
f 2023/25 2188/25 2024/25
f 2023/25 2022/25 2187/25
f 2021/25 2187/25 2022/25
f 2021/25 2020/25 2103/25
f 2019/25 2103/25 2020/25
f 2018/25 2132/25 2019/25
f 2103/25 2019/25 2132/25
f 2187/25 2021/25 2103/25
f 2188/25 2023/25 2187/25
f 2147/25 2015/25 2188/25
f 2147/25 2146/25 2016/25
f 2146/25 2173/25 2013/25
f 2173/25 2131/25 2011/25
f 2132/25 2009/25 2131/25
f 2442/25 2425/25 2410/25
f 2449/25 2432/25 2417/25
f 2425/25 2441/25 2409/25
f 2432/25 2448/25 2416/25
f 2443/25 2426/25 2411/25
f 2450/25 2433/25 2418/25
f 2426/25 2442/25 2410/25
f 2433/25 2449/25 2417/25
f 2444/25 2427/25 2412/25
f 2451/25 2434/25 2419/25
f 2427/25 2443/25 2411/25
f 2438/25 2421/25 2406/25
f 2434/25 2450/25 2418/25
f 2445/25 2428/25 2413/25
f 2421/25 2437/25 2405/25
f 2452/25 2435/25 2420/25
f 2428/25 2444/25 2412/25
f 2439/25 2422/25 2407/25
f 2435/25 2451/25 2419/25
f 2446/25 2429/25 2414/25
f 2422/25 2438/25 2406/25
f 2437/25 2436/25 2405/25
f 2429/25 2445/25 2413/25
f 2440/25 2423/25 2408/25
f 2436/25 2452/25 2420/25
f 2447/25 2430/25 2415/25
f 2423/25 2439/25 2407/25
f 2430/25 2446/25 2414/25
f 2441/25 2424/25 2409/25
f 2448/25 2431/25 2416/25
f 2424/25 2440/25 2408/25
f 2436/25 2469/25 2405/25
f 2413/25 2493/25 2429/25
f 2423/25 2472/25 2408/25
f 2420/25 2500/25 2436/25
f 2430/25 2479/25 2415/25
f 2407/25 2487/25 2423/25
f 2414/25 2494/25 2430/25
f 2424/25 2473/25 2409/25
f 2431/25 2480/25 2416/25
f 2408/25 2488/25 2424/25
f 2415/25 2495/25 2431/25
f 2425/25 2474/25 2410/25
f 2432/25 2481/25 2417/25
f 2409/25 2489/25 2425/25
f 2416/25 2496/25 2432/25
f 2426/25 2475/25 2411/25
f 2433/25 2482/25 2418/25
f 2410/25 2490/25 2426/25
f 2417/25 2497/25 2433/25
f 2427/25 2476/25 2412/25
f 2434/25 2483/25 2419/25
f 2411/25 2491/25 2427/25
f 2421/25 2470/25 2406/25
f 2434/25 2482/25 2498/25
f 2428/25 2477/25 2413/25
f 2405/25 2485/25 2421/25
f 2435/25 2484/25 2420/25
f 2412/25 2492/25 2428/25
f 2422/25 2471/25 2407/25
f 2419/25 2499/25 2435/25
f 2429/25 2478/25 2414/25
f 2406/25 2486/25 2422/25
f 2513/26 2501/26 2512/26
f 2516/26 2501/26 2515/26
f 2510/26 2501/26 2509/26
f 2503/26 2501/26 2504/26
f 2512/26 2501/26 2510/26
f 2502/26 2501/26 2503/26
f 2508/26 2501/26 2517/26
f 2505/26 2501/26 2506/26
f 2507/26 2501/26 2508/26
f 2511/26 2501/26 2502/26
f 2506/26 2501/26 2507/26
f 2514/26 2501/26 2513/26
f 2517/26 2501/26 2516/26
f 2504/26 2501/26 2505/26
f 2515/26 2501/26 2514/26
f 2509/26 2501/26 2511/26
f 2516/27 2520/27 2519/27
f 2511/27 2533/27 2524/27
f 2523/27 2510/27 2525/27
f 2526/27 2511/27 2524/27
f 2515/27 2521/27 2520/27
f 2533/27 2503/27 2532/27
f 2528/27 2508/27 2527/27
f 2504/27 2530/27 2531/27
f 2510/27 2526/27 2525/27
f 2503/27 2531/27 2532/27
f 2518/27 2516/27 2519/27
f 2522/27 2512/27 2523/27
f 2529/27 2507/27 2528/27
f 2505/27 2529/27 2530/27
f 2508/27 2518/27 2527/27
f 2521/27 2513/27 2522/27
f 2456/27 2537/27 2440/27
f 2463/27 2544/27 2447/27
f 2442/27 2554/27 2457/27
f 2449/27 2561/27 2464/27
f 2457/27 2538/27 2441/27
f 2464/27 2545/27 2448/27
f 2443/27 2555/27 2458/27
f 2450/27 2562/27 2465/27
f 2458/27 2539/27 2442/27
f 2465/27 2546/27 2449/27
f 2444/27 2556/27 2459/27
f 2451/27 2563/27 2466/27
f 2459/27 2540/27 2443/27
f 2438/27 2550/27 2453/27
f 2466/27 2547/27 2450/27
f 2445/27 2557/27 2460/27
f 2453/27 2534/27 2437/27
f 2452/27 2564/27 2467/27
f 2460/27 2541/27 2444/27
f 2439/27 2551/27 2454/27
f 2467/27 2548/27 2451/27
f 2446/27 2558/27 2461/27
f 2454/27 2535/27 2438/27
f 2437/27 2565/27 2468/27
f 2461/27 2542/27 2445/27
f 2440/27 2552/27 2455/27
f 2468/27 2549/27 2452/27
f 2447/27 2559/27 2462/27
f 2455/27 2536/27 2439/27
f 2462/27 2543/27 2446/27
f 2441/27 2553/27 2456/27
f 2448/27 2560/27 2463/27
f 2550/26 2567/26 2582/26
f 2563/26 2579/26 2547/26
f 2557/26 2574/26 2589/26
f 2550/26 2566/26 2534/26
f 2564/26 2581/26 2596/26
f 2557/26 2573/26 2541/26
f 2551/26 2568/26 2583/26
f 2564/26 2580/26 2548/26
f 2558/26 2575/26 2590/26
f 2551/26 2567/26 2535/26
f 2565/26 2566/26 2597/26
f 2558/26 2574/26 2542/26
f 2552/26 2569/26 2584/26
f 2565/26 2581/26 2549/26
f 2559/26 2576/26 2591/26
f 2552/26 2568/26 2536/26
f 2559/26 2575/26 2543/26
f 2553/26 2570/26 2585/26
f 2560/26 2577/26 2592/26
f 2553/26 2569/26 2537/26
f 2560/26 2576/26 2544/26
f 2554/26 2571/26 2586/26
f 2561/26 2578/26 2593/26
f 2554/26 2570/26 2538/26
f 2561/26 2577/26 2545/26
f 2555/26 2572/26 2587/26
f 2562/26 2579/26 2594/26
f 2555/26 2571/26 2539/26
f 2562/26 2578/26 2546/26
f 2556/26 2573/26 2588/26
f 2563/26 2580/26 2595/26
f 2556/26 2572/26 2540/26
f 2682/25 2604/25 2605/25
f 2710/25 2605/25 2718/25
f 2604/25 2711/25 2603/25
f 2728/25 2612/25 2618/25
f 2618/25 2776/25 2619/25
f 2728/25 2695/25 2696/25
f 2656/25 2630/25 2742/25
f 2763/25 2742/25 2743/25
f 2630/25 2736/25 2740/25
f 2755/25 2640/25 2647/25
f 2647/25 2749/25 2648/25
f 2755/25 2750/25 2641/25
f 2769/25 2656/25 2768/25
f 2711/25 2769/25 2663/25
f 2768/25 2763/25 2767/25
f 2675/25 2612/25 2641/25
f 2675/25 2750/25 2676/25
f 2674/25 2776/25 2612/25
f 2794/25 2682/25 2687/25
f 2749/25 2794/25 2795/25
f 2687/25 2710/25 2686/25
f 2703/25 2697/25 2696/25
f 2703/25 2695/25 2704/25
f 2702/25 2736/25 2697/25
f 2722/25 2600/25 2602/25
f 2713/25 2608/25 2719/25
f 2721/25 2718/25 2608/25
f 2603/25 2611/25 2722/25
f 2734/25 2613/25 2624/25
f 2732/25 2725/25 2620/25
f 2619/25 2622/25 2732/25
f 2616/25 2624/25 2695/25
f 2636/25 2737/25 2739/25
f 2738/25 2745/25 2744/25
f 2635/25 2743/25 2745/25
f 2740/25 2637/25 2636/25
f 2652/25 2642/25 2762/25
f 2650/25 2643/25 2649/25
f 2648/25 2760/25 2650/25
f 2754/25 2762/25 2750/25
f 2774/25 2657/25 2766/25
f 2658/25 2772/25 2664/25
f 2666/25 2663/25 2772/25
f 2767/25 2668/25 2774/25
f 2787/25 2670/25 2681/25
f 2785/25 2778/25 2677/25
f 2676/25 2786/25 2785/25
f 2780/25 2681/25 2776/25
f 2691/25 2789/25 2791/25
f 2686/25 2798/25 2691/25
f 2694/25 2795/25 2693/25
f 2684/25 2693/25 2796/25
f 2706/25 2802/25 2707/25
f 2701/25 2707/25 2736/25
f 2704/25 2709/25 2708/25
f 2708/25 2803/25 2809/25
f 2717/26 2703/26 2704/26
f 2679/26 2615/26 2734/26
f 2746/26 2776/26 2681/26
f 2765/26 2644/26 2652/26
f 2720/26 2702/26 2703/26
f 2677/26 2625/26 2785/26
f 2701/26 2716/26 2706/26
f 2793/26 2725/26 2622/26
f 2674/26 2626/26 2780/26
f 2748/26 2675/26 2676/26
f 2792/26 2695/26 2624/26
f 2680/26 2619/26 2732/26
f 2710/26 2606/26 2798/26
f 2751/26 2674/26 2675/26
f 2646/26 2750/26 2762/26
f 2780/26 2621/26 2787/26
f 2620/26 2680/26 2732/26
f 2757/26 2711/26 2666/26
f 2728/26 2801/26 2616/26
f 2750/26 2623/26 2786/26
f 2749/26 2651/26 2760/26
f 2800/26 2728/26 2618/26
f 2663/26 2632/26 2772/26
f 2755/26 2654/26 2754/26
f 2756/25 2657/25 2668/25
f 2766/26 2631/26 2774/26
f 2616/26 2679/26 2734/26
f 2788/25 2763/25 2635/25
f 2602/26 2688/26 2722/26
f 2763/25 2756/25 2668/25
f 2684/26 2729/26 2694/26
f 2632/26 2664/26 2772/26
f 2770/26 2648/26 2650/26
f 2811/26 2604/26 2603/26
f 2718/26 2807/26 2608/26
f 2613/26 2792/26 2624/26
f 2769/26 2759/26 2663/26
f 2606/26 2789/26 2798/26
f 2695/26 2712/26 2709/26
f 2711/26 2806/26 2611/26
f 2642/26 2646/26 2762/26
f 2776/26 2793/26 2622/26
f 2714/26 2704/26 2708/26
f 2810/26 2605/26 2604/26
f 2807/26 2719/26 2608/26
f 2735/26 2687/26 2686/26
f 2605/26 2692/26 2718/26
f 2794/26 2609/26 2795/26
f 2688/26 2603/26 2722/26
f 2651/26 2643/26 2760/26
f 2649/26 2770/26 2650/26
f 2658/26 2757/26 2666/26
f 2712/26 2803/26 2709/26
f 2731/26 2686/26 2691/26
f 2638/26 2768/26 2767/26
f 2809/26 2714/26 2708/26
f 2775/26 2755/26 2647/26
f 2773/26 2647/26 2648/26
f 2802/26 2715/26 2707/26
f 2634/26 2769/26 2768/26
f 2670/26 2746/26 2681/26
f 2621/26 2779/26 2787/26
f 2754/26 2765/26 2652/26
f 2795/26 2730/26 2693/26
f 2743/26 2661/26 2745/26
f 2631/26 2767/26 2774/26
f 2783/26 2737/26 2637/26
f 2716/26 2700/26 2706/26
f 2799/26 2618/26 2619/26
f 2739/26 2784/26 2636/26
f 2713/26 2689/26 2721/26
f 2791/26 2731/26 2691/26
f 2661/26 2744/26 2745/26
f 2738/25 2788/25 2635/25
f 2730/26 2796/26 2693/26
f 2736/26 2783/26 2637/26
f 2733/26 2794/26 2687/26
f 2742/26 2665/26 2743/26
f 2623/26 2778/26 2786/26
f 2669/26 2630/26 2740/26
f 2806/26 2600/26 2611/26
f 2790/26 2742/26 2630/26
f 2689/26 2710/26 2721/26
f 2715/26 2736/26 2707/26
f 2702/26 2724/26 2701/26
f 2784/26 2740/26 2636/26
f 2625/26 2676/26 2785/26
f 2729/26 2749/26 2694/26
f 2520/25 2640/25 2519/25
f 2519/25 2640/25 2518/25
f 2518/25 2641/25 2527/25
f 2521/25 2682/25 2520/25
f 2521/25 2522/25 2682/25
f 2523/25 2655/25 2522/25
f 2523/25 2525/25 2655/25
f 2526/25 2656/25 2525/25
f 2526/25 2524/25 2656/25
f 2524/25 2533/25 2697/25
f 2532/25 2697/25 2533/25
f 2532/25 2531/25 2696/25
f 2530/25 2696/25 2531/25
f 2530/25 2529/25 2612/25
f 2528/25 2612/25 2529/25
f 2527/25 2641/25 2528/25
f 2612/25 2528/25 2641/25
f 2696/25 2530/25 2612/25
f 2697/25 2532/25 2696/25
f 2656/25 2524/25 2697/25
f 2656/25 2655/25 2525/25
f 2655/25 2682/25 2522/25
f 2682/25 2640/25 2520/25
f 2641/25 2518/25 2640/25
f 3801/25 3817/25 3833/25
f 3292/25 3308/25 3324/25
f 3286/25 3303/25 3271/25
f 3293/25 3310/25 3278/25
f 3286/25 3302/25 3318/25
f 3293/25 3309/25 3325/25
f 3287/25 3304/25 3272/25
f 3294/25 3311/25 3279/25
f 3287/25 3303/25 3319/25
f 3294/25 3310/25 3326/25
f 3288/25 3305/25 3273/25
f 3295/25 3312/25 3280/25
f 3288/25 3304/25 3320/25
f 3282/25 3299/25 3267/25
f 3295/25 3311/25 3327/25
f 3289/25 3306/25 3274/25
f 3282/25 3298/25 3314/25
f 3296/25 3313/25 3281/25
f 3289/25 3305/25 3321/25
f 3283/25 3300/25 3268/25
f 3296/25 3312/25 3328/25
f 3290/25 3307/25 3275/25
f 3283/25 3299/25 3315/25
f 3297/25 3298/25 3266/25
f 3290/25 3306/25 3322/25
f 3284/25 3301/25 3269/25
f 3297/25 3313/25 3329/25
f 3291/25 3308/25 3276/25
f 3284/25 3300/25 3316/25
f 3291/25 3307/25 3323/25
f 3285/25 3302/25 3270/25
f 3292/25 3309/25 3277/25
f 3285/25 3301/25 3317/25
f 3330/25 3297/25 3266/25
f 3354/25 3274/25 3290/25
f 3333/25 3284/25 3269/25
f 3297/25 3345/25 3281/25
f 3340/25 3291/25 3276/25
f 3348/25 3268/25 3284/25
f 3355/25 3275/25 3291/25
f 3334/25 3285/25 3270/25
f 3341/25 3292/25 3277/25
f 3349/25 3269/25 3285/25
f 3356/25 3276/25 3292/25
f 3335/25 3286/25 3271/25
f 3278/25 3357/25 3293/25
f 3350/25 3270/25 3286/25
f 3357/25 3277/25 3293/25
f 3336/25 3287/25 3272/25
f 3343/25 3294/25 3279/25
f 3351/25 3271/25 3287/25
f 3358/25 3278/25 3294/25
f 3337/25 3288/25 3273/25
f 3280/25 3359/25 3295/25
f 3352/25 3272/25 3288/25
f 3331/25 3282/25 3267/25
f 3359/25 3279/25 3295/25
f 3338/25 3289/25 3274/25
f 3346/25 3266/25 3282/25
f 3281/25 3360/25 3296/25
f 3353/25 3273/25 3289/25
f 3332/25 3283/25 3268/25
f 3360/25 3280/25 3296/25
f 3339/25 3290/25 3275/25
f 3347/25 3267/25 3283/25
f 3374/26 3373/26 3362/26
f 3377/26 3376/26 3362/26
f 3371/26 3370/26 3362/26
f 3364/26 3365/26 3362/26
f 3373/26 3371/26 3362/26
f 3363/26 3364/26 3362/26
f 3369/26 3378/26 3362/26
f 3366/26 3367/26 3362/26
f 3368/26 3369/26 3362/26
f 3372/26 3363/26 3362/26
f 3367/26 3368/26 3362/26
f 3375/26 3374/26 3362/26
f 3378/26 3377/26 3362/26
f 3365/26 3366/26 3362/26
f 3376/26 3375/26 3362/26
f 3370/26 3372/26 3362/26
f 3381/27 3377/27 3380/27
f 3394/27 3372/27 3385/27
f 3384/27 3371/27 3373/27
f 3387/27 3372/27 3370/27
f 3382/27 3376/27 3381/27
f 3394/27 3364/27 3363/27
f 3389/27 3369/27 3368/27
f 3392/27 3366/27 3365/27
f 3387/27 3371/27 3386/27
f 3392/27 3364/27 3393/27
f 3379/27 3377/27 3378/27
f 3383/27 3373/27 3374/27
f 3390/27 3368/27 3367/27
f 3390/27 3366/27 3391/27
f 3379/27 3369/27 3388/27
f 3383/27 3375/27 3382/27
f 3398/27 3317/27 3301/27
f 3405/27 3324/27 3308/27
f 3415/27 3303/27 3318/27
f 3422/27 3310/27 3325/27
f 3399/27 3318/27 3302/27
f 3406/27 3325/27 3309/27
f 3416/27 3304/27 3319/27
f 3423/27 3311/27 3326/27
f 3400/27 3319/27 3303/27
f 3407/27 3326/27 3310/27
f 3417/27 3305/27 3320/27
f 3424/27 3312/27 3327/27
f 3401/27 3320/27 3304/27
f 3411/27 3299/27 3314/27
f 3408/27 3327/27 3311/27
f 3418/27 3306/27 3321/27
f 3395/27 3314/27 3298/27
f 3425/27 3313/27 3328/27
f 3402/27 3321/27 3305/27
f 3412/27 3300/27 3315/27
f 3409/27 3328/27 3312/27
f 3419/27 3307/27 3322/27
f 3396/27 3315/27 3299/27
f 3426/27 3298/27 3329/27
f 3403/27 3322/27 3306/27
f 3413/27 3301/27 3316/27
f 3410/27 3329/27 3313/27
f 3420/27 3308/27 3323/27
f 3397/27 3316/27 3300/27
f 3404/27 3323/27 3307/27
f 3414/27 3302/27 3317/27
f 3421/27 3309/27 3324/27
f 3411/26 3428/26 3396/26
f 3440/26 3424/26 3408/26
f 3418/26 3435/26 3403/26
f 3427/26 3411/26 3395/26
f 3425/26 3442/26 3410/26
f 3434/26 3418/26 3402/26
f 3412/26 3429/26 3397/26
f 3441/26 3425/26 3409/26
f 3419/26 3436/26 3404/26
f 3428/26 3412/26 3396/26
f 3426/26 3427/26 3395/26
f 3435/26 3419/26 3403/26
f 3413/26 3430/26 3398/26
f 3442/26 3426/26 3410/26
f 3420/26 3437/26 3405/26
f 3429/26 3413/26 3397/26
f 3436/26 3420/26 3404/26
f 3414/26 3431/26 3399/26
f 3421/26 3438/26 3406/26
f 3430/26 3414/26 3398/26
f 3437/26 3421/26 3405/26
f 3415/26 3432/26 3400/26
f 3422/26 3439/26 3407/26
f 3431/26 3415/26 3399/26
f 3438/26 3422/26 3406/26
f 3416/26 3433/26 3401/26
f 3423/26 3440/26 3408/26
f 3432/26 3416/26 3400/26
f 3439/26 3423/26 3407/26
f 3417/26 3434/26 3402/26
f 3424/26 3441/26 3409/26
f 3433/26 3417/26 3401/26
f 3466/25 3516/25 3543/25
f 3466/25 3571/25 3579/25
f 3465/25 3572/25 3516/25
f 3473/25 3589/25 3479/25
f 3637/25 3479/25 3480/25
f 3589/25 3556/25 3477/25
f 3603/25 3558/25 3517/25
f 3603/25 3624/25 3604/25
f 3491/25 3597/25 3558/25
f 3501/25 3616/25 3508/25
f 3610/25 3508/25 3509/25
f 3616/25 3611/25 3615/25
f 3630/25 3517/25 3516/25
f 3630/25 3572/25 3524/25
f 3629/25 3624/25 3517/25
f 3502/25 3535/25 3536/25
f 3611/25 3536/25 3537/25
f 3535/25 3637/25 3641/25
f 3655/25 3543/25 3501/25
f 3655/25 3610/25 3656/25
f 3548/25 3571/25 3543/25
f 3564/25 3558/25 3563/25
f 3556/25 3564/25 3565/25
f 3563/25 3597/25 3562/25
f 3583/25 3461/25 3472/25
f 3469/25 3574/25 3580/25
f 3579/25 3582/25 3469/25
f 3464/25 3472/25 3572/25
f 3595/25 3474/25 3476/25
f 3586/25 3593/25 3481/25
f 3483/25 3480/25 3593/25
f 3477/25 3485/25 3595/25
f 3497/25 3598/25 3498/25
f 3606/25 3599/25 3605/25
f 3604/25 3496/25 3606/25
f 3601/25 3498/25 3597/25
f 3513/25 3503/25 3505/25
f 3504/25 3511/25 3510/25
f 3621/25 3509/25 3511/25
f 3615/25 3623/25 3513/25
f 3635/25 3518/25 3529/25
f 3633/25 3519/25 3525/25
f 3524/25 3527/25 3633/25
f 3628/25 3529/25 3624/25
f 3648/25 3531/25 3640/25
f 3639/25 3646/25 3538/25
f 3647/25 3537/25 3646/25
f 3641/25 3542/25 3648/25
f 3552/25 3650/25 3659/25
f 3547/25 3659/25 3571/25
f 3656/25 3555/25 3554/25
f 3554/25 3545/25 3657/25
f 3567/25 3663/25 3561/25
f 3562/25 3568/25 3567/25
f 3570/25 3565/25 3569/25
f 3664/25 3569/25 3670/25
f 3564/26 3578/26 3565/26
f 3476/26 3540/26 3595/26
f 3637/26 3607/26 3542/26
f 3505/26 3626/26 3513/26
f 3563/26 3581/26 3564/26
f 3538/26 3486/26 3608/26
f 3562/26 3577/26 3585/26
f 3586/26 3654/26 3483/26
f 3535/26 3487/26 3613/26
f 3536/26 3609/26 3537/26
f 3556/26 3653/26 3485/26
f 3480/26 3541/26 3593/26
f 3571/26 3467/26 3566/26
f 3535/26 3612/26 3536/26
f 3611/26 3507/26 3623/26
f 3641/26 3482/26 3487/26
f 3481/26 3541/26 3658/26
f 3572/26 3618/26 3527/26
f 3589/26 3662/26 3544/26
f 3611/26 3484/26 3520/26
f 3610/26 3512/26 3521/26
f 3589/26 3661/26 3479/26
f 3524/26 3493/26 3620/26
f 3616/26 3515/26 3514/26
f 3518/25 3617/25 3529/25
f 3627/26 3492/26 3500/26
f 3477/26 3540/26 3662/26
f 3624/25 3649/25 3496/25
f 3463/26 3549/26 3673/26
f 3624/25 3617/25 3506/25
f 3545/26 3590/26 3602/26
f 3525/26 3493/26 3633/26
f 3509/26 3631/26 3511/26
f 3465/26 3672/26 3464/26
f 3579/26 3668/26 3553/26
f 3474/26 3653/26 3666/26
f 3630/26 3620/26 3494/26
f 3650/26 3467/26 3659/26
f 3556/26 3573/26 3588/26
f 3572/26 3667/26 3560/26
f 3503/26 3507/26 3643/26
f 3637/26 3654/26 3490/26
f 3565/26 3575/26 3569/26
f 3466/26 3671/26 3465/26
f 3580/26 3668/26 3469/26
f 3548/26 3596/26 3547/26
f 3466/26 3553/26 3669/26
f 3655/26 3470/26 3471/26
f 3464/26 3549/26 3583/26
f 3504/26 3512/26 3621/26
f 3510/26 3631/26 3632/26
f 3519/26 3618/26 3622/26
f 3664/26 3573/26 3570/26
f 3547/26 3592/26 3552/26
f 3629/26 3499/26 3628/26
f 3670/26 3575/26 3459/26
f 3616/26 3636/26 3508/26
f 3508/26 3634/26 3509/26
f 3663/26 3576/26 3462/26
f 3630/26 3495/26 3629/26
f 3531/26 3607/26 3614/26
f 3640/26 3482/26 3648/26
f 3615/26 3626/26 3515/26
f 3656/26 3591/26 3470/26
f 3604/26 3522/26 3526/26
f 3628/26 3492/26 3635/26
f 3598/26 3644/26 3498/26
f 3561/26 3577/26 3567/26
f 3479/26 3660/26 3480/26
f 3600/26 3645/26 3532/26
f 3574/26 3550/26 3559/26
f 3652/26 3592/26 3475/26
f 3605/26 3522/26 3606/26
f 3599/25 3649/25 3533/25
f 3657/26 3591/26 3554/26
f 3597/26 3644/26 3539/26
f 3655/26 3594/26 3548/26
f 3603/26 3526/26 3528/26
f 3639/26 3484/26 3647/26
f 3491/26 3530/26 3601/26
f 3461/26 3667/26 3472/26
f 3603/26 3651/26 3491/26
f 3571/26 3550/26 3582/26
f 3597/26 3576/26 3568/26
f 3563/26 3585/26 3584/26
f 3601/26 3645/26 3497/26
f 3537/26 3486/26 3646/26
f 3610/26 3590/26 3555/26
f 3381/25 3380/25 3501/25
f 3380/25 3379/25 3501/25
f 3379/25 3388/25 3502/25
f 3382/25 3381/25 3543/25
f 3382/25 3543/25 3383/25
f 3384/25 3383/25 3516/25
f 3384/25 3516/25 3386/25
f 3387/25 3386/25 3517/25
f 3387/25 3517/25 3385/25
f 3385/25 3558/25 3394/25
f 3393/25 3394/25 3558/25
f 3393/25 3557/25 3392/25
f 3391/25 3392/25 3557/25
f 3391/25 3473/25 3390/25
f 3389/25 3390/25 3473/25
f 3388/25 3389/25 3502/25
f 3473/25 3502/25 3389/25
f 3557/25 3473/25 3391/25
f 3558/25 3557/25 3393/25
f 3517/25 3558/25 3385/25
f 3517/25 3386/25 3516/25
f 3516/25 3383/25 3543/25
f 3543/25 3381/25 3501/25
f 3502/25 3501/25 3379/25
f 3795/25 3812/25 3780/25
f 3802/25 3819/25 3787/25
f 3795/25 3811/25 3827/25
f 3802/25 3818/25 3834/25
f 3796/25 3813/25 3781/25
f 3803/25 3820/25 3788/25
f 3796/25 3812/25 3828/25
f 3803/25 3819/25 3835/25
f 3797/25 3814/25 3782/25
f 3804/25 3821/25 3789/25
f 3797/25 3813/25 3829/25
f 3791/25 3808/25 3776/25
f 3804/25 3820/25 3836/25
f 3798/25 3815/25 3783/25
f 3791/25 3807/25 3823/25
f 3805/25 3822/25 3790/25
f 3798/25 3814/25 3830/25
f 3792/25 3809/25 3777/25
f 3805/25 3821/25 3837/25
f 3799/25 3816/25 3784/25
f 3792/25 3808/25 3824/25
f 3806/25 3807/25 3775/25
f 3799/25 3815/25 3831/25
f 3793/25 3810/25 3778/25
f 3806/25 3822/25 3838/25
f 3800/25 3817/25 3785/25
f 3793/25 3809/25 3825/25
f 3800/25 3816/25 3832/25
f 3794/25 3811/25 3779/25
f 3801/25 3818/25 3786/25
f 3794/25 3810/25 3826/25
f 3839/25 3806/25 3775/25
f 3863/25 3783/25 3799/25
f 3842/25 3793/25 3778/25
f 3870/25 3790/25 3806/25
f 3849/25 3800/25 3785/25
f 3857/25 3777/25 3793/25
f 3864/25 3784/25 3800/25
f 3843/25 3794/25 3779/25
f 3850/25 3801/25 3786/25
f 3858/25 3778/25 3794/25
f 3865/25 3785/25 3801/25
f 3844/25 3795/25 3780/25
f 3851/25 3802/25 3787/25
f 3859/25 3779/25 3795/25
f 3866/25 3786/25 3802/25
f 3845/25 3796/25 3781/25
f 3852/25 3803/25 3788/25
f 3860/25 3780/25 3796/25
f 3867/25 3787/25 3803/25
f 3846/25 3797/25 3782/25
f 3853/25 3804/25 3789/25
f 3861/25 3781/25 3797/25
f 3840/25 3791/25 3776/25
f 3868/25 3788/25 3804/25
f 3847/25 3798/25 3783/25
f 3855/25 3775/25 3791/25
f 3854/25 3805/25 3790/25
f 3862/25 3782/25 3798/25
f 3841/25 3792/25 3777/25
f 3869/25 3789/25 3805/25
f 3848/25 3799/25 3784/25
f 3856/25 3776/25 3792/25
f 3883/26 3882/26 3871/26
f 3886/26 3885/26 3871/26
f 3880/26 3879/26 3871/26
f 3873/26 3874/26 3871/26
f 3882/26 3880/26 3871/26
f 3872/26 3873/26 3871/26
f 3878/26 3887/26 3871/26
f 3875/26 3876/26 3871/26
f 3877/26 3878/26 3871/26
f 3881/26 3872/26 3871/26
f 3876/26 3877/26 3871/26
f 3884/26 3883/26 3871/26
f 3887/26 3886/26 3871/26
f 3874/26 3875/26 3871/26
f 3885/26 3884/26 3871/26
f 3879/26 3881/26 3871/26
f 3889/27 3885/27 3886/27
f 3903/27 3881/27 3894/27
f 3893/27 3880/27 3882/27
f 3896/27 3881/27 3879/27
f 3891/27 3885/27 3890/27
f 3903/27 3873/27 3872/27
f 3898/27 3878/27 3877/27
f 3900/27 3874/27 3901/27
f 3896/27 3880/27 3895/27
f 3901/27 3873/27 3902/27
f 3888/27 3886/27 3887/27
f 3892/27 3882/27 3883/27
f 3899/27 3877/27 3876/27
f 3899/27 3875/27 3900/27
f 3888/27 3878/27 3897/27
f 3891/27 3883/27 3884/27
f 3907/27 3826/27 3810/27
f 3914/27 3833/27 3817/27
f 3924/27 3812/27 3827/27
f 3931/27 3819/27 3834/27
f 3908/27 3827/27 3811/27
f 3915/27 3834/27 3818/27
f 3925/27 3813/27 3828/27
f 3932/27 3820/27 3835/27
f 3909/27 3828/27 3812/27
f 3916/27 3835/27 3819/27
f 3926/27 3814/27 3829/27
f 3933/27 3821/27 3836/27
f 3910/27 3829/27 3813/27
f 3920/27 3808/27 3823/27
f 3917/27 3836/27 3820/27
f 3927/27 3815/27 3830/27
f 3904/27 3823/27 3807/27
f 3934/27 3822/27 3837/27
f 3911/27 3830/27 3814/27
f 3921/27 3809/27 3824/27
f 3918/27 3837/27 3821/27
f 3928/27 3816/27 3831/27
f 3905/27 3824/27 3808/27
f 3935/27 3807/27 3838/27
f 3912/27 3831/27 3815/27
f 3922/27 3810/27 3825/27
f 3919/27 3838/27 3822/27
f 3929/27 3817/27 3832/27
f 3906/27 3825/27 3809/27
f 3913/27 3832/27 3816/27
f 3923/27 3811/27 3826/27
f 3930/27 3818/27 3833/27
f 3920/26 3937/26 3905/26
f 3949/26 3933/26 3917/26
f 3927/26 3944/26 3912/26
f 3936/26 3920/26 3904/26
f 3934/26 3951/26 3919/26
f 3943/26 3927/26 3911/26
f 3921/26 3938/26 3906/26
f 3950/26 3934/26 3918/26
f 3928/26 3945/26 3913/26
f 3937/26 3921/26 3905/26
f 3935/26 3936/26 3904/26
f 3944/26 3928/26 3912/26
f 3922/26 3939/26 3907/26
f 3951/26 3935/26 3919/26
f 3929/26 3946/26 3914/26
f 3938/26 3922/26 3906/26
f 3945/26 3929/26 3913/26
f 3923/26 3940/26 3908/26
f 3930/26 3947/26 3915/26
f 3939/26 3923/26 3907/26
f 3946/26 3930/26 3914/26
f 3924/26 3941/26 3909/26
f 3931/26 3948/26 3916/26
f 3940/26 3924/26 3908/26
f 3947/26 3931/26 3915/26
f 3925/26 3942/26 3910/26
f 3932/26 3949/26 3917/26
f 3941/26 3925/26 3909/26
f 3948/26 3932/26 3916/26
f 3926/26 3943/26 3911/26
f 3933/26 3950/26 3918/26
f 3942/26 3926/26 3910/26
f 3974/25 4052/25 3975/25
f 3975/25 4080/25 4088/25
f 3974/25 4081/25 4025/25
f 3982/25 4098/25 3988/25
f 4146/25 3988/25 3989/25
f 4098/25 4065/25 3986/25
f 4000/25 4026/25 4112/25
f 4112/25 4133/25 4113/25
f 4000/25 4106/25 4067/25
f 4010/25 4125/25 4017/25
f 4119/25 4017/25 4018/25
f 4125/25 4120/25 4124/25
f 4139/25 4026/25 4025/25
f 4139/25 4081/25 4033/25
f 4138/25 4133/25 4026/25
f 4045/25 3982/25 4044/25
f 4120/25 4045/25 4046/25
f 4044/25 4146/25 4150/25
f 4164/25 4052/25 4010/25
f 4164/25 4119/25 4165/25
f 4057/25 4080/25 4052/25
f 4073/25 4067/25 4072/25
f 4065/25 4073/25 4074/25
f 4072/25 4106/25 4071/25
f 4092/25 3970/25 3981/25
f 3978/25 4083/25 4089/25
f 4088/25 4091/25 3978/25
f 3973/25 3981/25 4081/25
f 4104/25 3983/25 3985/25
f 4095/25 4102/25 3990/25
f 3992/25 3989/25 4102/25
f 3986/25 3994/25 4104/25
f 4006/25 4107/25 4007/25
f 4115/25 4108/25 4114/25
f 4113/25 4005/25 4115/25
f 4110/25 4007/25 4106/25
f 4022/25 4012/25 4014/25
f 4013/25 4020/25 4019/25
f 4130/25 4018/25 4020/25
f 4124/25 4132/25 4022/25
f 4144/25 4027/25 4038/25
f 4142/25 4028/25 4034/25
f 4033/25 4036/25 4142/25
f 4137/25 4038/25 4133/25
f 4157/25 4040/25 4149/25
f 4148/25 4155/25 4047/25
f 4156/25 4046/25 4155/25
f 4150/25 4051/25 4157/25
f 4061/25 4159/25 4168/25
f 4056/25 4168/25 4080/25
f 4165/25 4064/25 4063/25
f 4063/25 4054/25 4166/25
f 4076/25 4172/25 4070/25
f 4071/25 4077/25 4076/25
f 4079/25 4074/25 4078/25
f 4173/25 4078/25 4179/25
f 4073/26 4087/26 4074/26
f 3985/26 4049/26 4104/26
f 4146/26 4116/26 4051/26
f 4014/26 4135/26 4022/26
f 4072/26 4090/26 4073/26
f 4047/26 3995/26 4117/26
f 4071/26 4086/26 4094/26
f 4095/26 4163/26 3992/26
f 4044/26 3996/26 4122/26
f 4045/26 4118/26 4046/26
f 4065/26 4162/26 3994/26
f 3989/26 4050/26 4102/26
f 4080/26 3976/26 4075/26
f 4044/26 4121/26 4045/26
f 4120/26 4016/26 4132/26
f 4150/26 3991/26 3996/26
f 3990/26 4050/26 4167/26
f 4081/26 4127/26 4036/26
f 4098/26 4171/26 4053/26
f 4120/26 3993/26 4029/26
f 4119/26 4021/26 4030/26
f 4098/26 4170/26 3988/26
f 4033/26 4002/26 4129/26
f 4125/26 4024/26 4023/26
f 4027/25 4126/25 4038/25
f 4136/26 4001/26 4009/26
f 3986/26 4049/26 4171/26
f 4133/25 4158/25 4005/25
f 3972/26 4058/26 4182/26
f 4133/25 4126/25 4015/25
f 4054/26 4099/26 4111/26
f 4034/26 4002/26 4142/26
f 4018/26 4140/26 4020/26
f 3974/26 4181/26 3973/26
f 4088/26 4177/26 4062/26
f 3983/26 4162/26 4175/26
f 4139/26 4129/26 4003/26
f 4159/26 3976/26 4168/26
f 4065/26 4082/26 4097/26
f 4081/26 4176/26 4069/26
f 4012/26 4016/26 4152/26
f 4146/26 4163/26 3999/26
f 4074/26 4084/26 4078/26
f 3975/26 4180/26 3974/26
f 4089/26 4177/26 3978/26
f 4057/26 4105/26 4056/26
f 3975/26 4062/26 4178/26
f 4164/26 3979/26 3980/26
f 3973/26 4058/26 4092/26
f 4013/26 4021/26 4130/26
f 4019/26 4140/26 4141/26
f 4028/26 4127/26 4131/26
f 4173/26 4082/26 4079/26
f 4056/26 4101/26 4061/26
f 4138/26 4008/26 4137/26
f 4179/26 4084/26 3968/26
f 4125/26 4145/26 4017/26
f 4017/26 4143/26 4018/26
f 4172/26 4085/26 3971/26
f 4139/26 4004/26 4138/26
f 4040/26 4116/26 4123/26
f 4149/26 3991/26 4157/26
f 4124/26 4135/26 4024/26
f 4165/26 4100/26 3979/26
f 4113/26 4031/26 4035/26
f 4137/26 4001/26 4144/26
f 4107/26 4153/26 4007/26
f 4070/26 4086/26 4076/26
f 3988/26 4169/26 3989/26
f 4109/26 4154/26 4041/26
f 4083/26 4059/26 4068/26
f 4161/26 4101/26 3984/26
f 4114/26 4031/26 4115/26
f 4108/25 4158/25 4042/25
f 4166/26 4100/26 4063/26
f 4106/26 4153/26 4048/26
f 4164/26 4103/26 4057/26
f 4112/26 4035/26 4037/26
f 4148/26 3993/26 4156/26
f 4000/26 4039/26 4110/26
f 3970/26 4176/26 3981/26
f 4112/26 4160/26 4000/26
f 4080/26 4059/26 4091/26
f 4106/26 4085/26 4077/26
f 4072/26 4094/26 4093/26
f 4110/26 4154/26 4006/26
f 4046/26 3995/26 4155/26
f 4119/26 4099/26 4064/26
f 3890/25 3889/25 4010/25
f 3889/25 3888/25 4010/25
f 3888/25 3897/25 4011/25
f 3891/25 3890/25 4052/25
f 3891/25 4052/25 3892/25
f 3893/25 3892/25 4025/25
f 3893/25 4025/25 3895/25
f 3896/25 3895/25 4026/25
f 3896/25 4026/25 3894/25
f 3894/25 4067/25 3903/25
f 3902/25 3903/25 4067/25
f 3902/25 4066/25 3901/25
f 3900/25 3901/25 4066/25
f 3900/25 3982/25 3899/25
f 3898/25 3899/25 3982/25
f 3897/25 3898/25 4011/25
f 3982/25 4011/25 3898/25
f 4066/25 3982/25 3900/25
f 4067/25 4066/25 3902/25
f 4026/25 4067/25 3894/25
f 4026/25 3895/25 4025/25
f 4025/25 3892/25 4052/25
f 4052/25 3890/25 4010/25
f 4011/25 4010/25 3888/25
f 2431/25 2463/25 2447/25
f 1922/25 1954/25 1938/25
f 1933/25 1948/25 1916/25
f 1940/25 1955/25 1923/25
f 1916/25 1948/25 1932/25
f 1923/25 1955/25 1939/25
f 1934/25 1949/25 1917/25
f 1941/25 1956/25 1924/25
f 1917/25 1949/25 1933/25
f 1924/25 1956/25 1940/25
f 1935/25 1950/25 1918/25
f 1942/25 1957/25 1925/25
f 1918/25 1950/25 1934/25
f 1929/25 1944/25 1912/25
f 1925/25 1957/25 1941/25
f 1936/25 1951/25 1919/25
f 1912/25 1944/25 1928/25
f 1943/25 1958/25 1926/25
f 1919/25 1951/25 1935/25
f 1930/25 1945/25 1913/25
f 1926/25 1958/25 1942/25
f 1937/25 1952/25 1920/25
f 1913/25 1945/25 1929/25
f 1928/25 1959/25 1927/25
f 1920/25 1952/25 1936/25
f 1931/25 1946/25 1914/25
f 1927/25 1959/25 1943/25
f 1938/25 1953/25 1921/25
f 1914/25 1946/25 1930/25
f 1921/25 1953/25 1937/25
f 1932/25 1947/25 1915/25
f 1939/25 1954/25 1922/25
f 1915/25 1947/25 1931/25
f 1927/25 1991/25 1960/25
f 1904/25 1968/25 1984/25
f 1914/25 1978/25 1963/25
f 1927/25 1911/25 1975/25
f 1921/25 1985/25 1970/25
f 1898/25 1962/25 1978/25
f 1905/25 1969/25 1985/25
f 1915/25 1979/25 1964/25
f 1922/25 1986/25 1971/25
f 1899/25 1963/25 1979/25
f 1906/25 1970/25 1986/25
f 1916/25 1980/25 1965/25
f 1923/25 1987/25 1972/25
f 1900/25 1964/25 1980/25
f 1907/25 1971/25 1987/25
f 1917/25 1981/25 1966/25
f 1924/25 1988/25 1973/25
f 1901/25 1965/25 1981/25
f 1908/25 1972/25 1988/25
f 1918/25 1982/25 1967/25
f 1925/25 1989/25 1974/25
f 1902/25 1966/25 1982/25
f 1912/25 1976/25 1961/25
f 1909/25 1973/25 1989/25
f 1919/25 1983/25 1968/25
f 1896/25 1960/25 1976/25
f 1911/25 1926/25 1990/25
f 1903/25 1967/25 1983/25
f 1913/25 1977/25 1962/25
f 1910/25 1974/25 1990/25
f 1920/25 1984/25 1969/25
f 1897/25 1961/25 1977/25
f 2007/27 2006/27 2011/27
f 2002/27 1993/27 2024/27
f 2014/27 2003/27 2001/27
f 2017/27 2000/27 2002/27
f 2006/27 2005/27 2012/27
f 2024/27 1993/27 1994/27
f 1998/27 1999/27 2018/27
f 2022/27 1995/27 1996/27
f 2001/27 2000/27 2017/27
f 1994/27 1995/27 2022/27
f 2009/27 2008/27 2007/27
f 2013/27 2004/27 2003/27
f 2020/27 1997/27 1998/27
f 1996/27 1997/27 2020/27
f 1999/27 2008/27 2009/27
f 2005/27 2004/27 2013/27
f 1947/27 2044/27 2028/27
f 1954/27 2051/27 2035/27
f 1933/27 2030/27 2045/27
f 1940/27 2037/27 2052/27
f 1948/27 2045/27 2029/27
f 1955/27 2052/27 2036/27
f 1934/27 2031/27 2046/27
f 1941/27 2038/27 2053/27
f 1949/27 2046/27 2030/27
f 1956/27 2053/27 2037/27
f 1935/27 2032/27 2047/27
f 1942/27 2039/27 2054/27
f 1950/27 2047/27 2031/27
f 1929/27 2026/27 2041/27
f 1957/27 2054/27 2038/27
f 1936/27 2033/27 2048/27
f 1944/27 2041/27 2025/27
f 1943/27 2040/27 2055/27
f 1951/27 2048/27 2032/27
f 1930/27 2027/27 2042/27
f 1958/27 2055/27 2039/27
f 1937/27 2034/27 2049/27
f 1945/27 2042/27 2026/27
f 1928/27 2025/27 2056/27
f 1952/27 2049/27 2033/27
f 1931/27 2028/27 2043/27
f 1959/27 2056/27 2040/27
f 1938/27 2035/27 2050/27
f 1946/27 2043/27 2027/27
f 1953/27 2050/27 2034/27
f 1932/27 2029/27 2044/27
f 1939/27 2036/27 2051/27
f 2041/26 2026/26 2058/26
f 2054/26 2086/26 2070/26
f 2048/26 2033/26 2065/26
f 2041/26 2073/26 2057/26
f 2055/26 2040/26 2072/26
f 2048/26 2080/26 2064/26
f 2042/26 2027/26 2059/26
f 2055/26 2087/26 2071/26
f 2049/26 2034/26 2066/26
f 2042/26 2074/26 2058/26
f 2056/26 2025/26 2057/26
f 2049/26 2081/26 2065/26
f 2043/26 2028/26 2060/26
f 2056/26 2088/26 2072/26
f 2050/26 2035/26 2067/26
f 2043/26 2075/26 2059/26
f 2050/26 2082/26 2066/26
f 2044/26 2029/26 2061/26
f 2051/26 2036/26 2068/26
f 2044/26 2076/26 2060/26
f 2051/26 2083/26 2067/26
f 2045/26 2030/26 2062/26
f 2052/26 2037/26 2069/26
f 2045/26 2077/26 2061/26
f 2052/26 2084/26 2068/26
f 2046/26 2031/26 2063/26
f 2053/26 2038/26 2070/26
f 2046/26 2078/26 2062/26
f 2053/26 2085/26 2069/26
f 2047/26 2032/26 2064/26
f 2054/26 2039/26 2071/26
f 2047/26 2079/26 2063/26
f 2096/25 2173/25 2146/25
f 2201/25 2173/25 2096/25
f 2095/25 2146/25 2202/25
f 2219/25 2187/25 2103/25
f 2109/25 2103/25 2267/25
f 2219/25 2107/25 2186/25
f 2233/25 2147/25 2188/25
f 2254/25 2147/25 2233/25
f 2121/25 2188/25 2227/25
f 2246/25 2132/25 2131/25
f 2138/25 2131/25 2240/25
f 2246/25 2245/25 2241/25
f 2260/25 2146/25 2147/25
f 2202/25 2146/25 2260/25
f 2259/25 2147/25 2254/25
f 2165/25 2103/25 2132/25
f 2166/25 2132/25 2241/25
f 2165/25 2271/25 2267/25
f 2285/25 2131/25 2173/25
f 2240/25 2131/25 2285/25
f 2178/25 2173/25 2201/25
f 2194/25 2193/25 2188/25
f 2194/25 2187/25 2186/25
f 2193/25 2192/25 2227/25
f 2213/25 2102/25 2091/25
f 2204/25 2212/25 2099/25
f 2212/25 2201/25 2209/25
f 2094/25 2202/25 2102/25
f 2225/25 2106/25 2104/25
f 2223/25 2113/25 2216/25
f 2110/25 2267/25 2113/25
f 2107/25 2225/25 2115/25
f 2127/25 2128/25 2228/25
f 2229/25 2126/25 2236/25
f 2126/25 2254/25 2234/25
f 2231/25 2227/25 2128/25
f 2143/25 2135/25 2133/25
f 2141/25 2251/25 2134/25
f 2139/25 2240/25 2251/25
f 2245/25 2143/25 2253/25
f 2265/25 2159/25 2148/25
f 2149/25 2157/25 2263/25
f 2157/25 2202/25 2154/25
f 2258/25 2254/25 2159/25
f 2278/25 2270/25 2161/25
f 2276/25 2277/25 2269/25
f 2167/25 2241/25 2277/25
f 2271/25 2278/25 2172/25
f 2182/25 2289/25 2280/25
f 2177/25 2201/25 2289/25
f 2185/25 2240/25 2286/25
f 2175/25 2185/25 2184/25
f 2197/25 2191/25 2293/25
f 2192/25 2197/25 2198/25
f 2195/25 2186/25 2200/25
f 2199/25 2200/25 2294/25
f 2208/26 2211/26 2194/26
f 2170/26 2295/26 2106/26
f 2237/26 2120/26 2267/26
f 2256/26 2268/26 2135/26
f 2211/26 2214/26 2193/26
f 2168/26 2238/26 2116/26
f 2192/26 2215/26 2207/26
f 2284/26 2176/26 2216/26
f 2165/26 2243/26 2117/26
f 2239/26 2242/26 2166/26
f 2283/26 2218/26 2186/26
f 2171/26 2290/26 2110/26
f 2201/26 2196/26 2097/26
f 2242/26 2243/26 2165/26
f 2137/26 2150/26 2241/26
f 2271/26 2117/26 2112/26
f 2111/26 2288/26 2171/26
f 2248/26 2190/26 2202/26
f 2219/26 2174/26 2292/26
f 2241/26 2150/26 2114/26
f 2240/26 2151/26 2142/26
f 2291/26 2174/26 2219/26
f 2154/26 2250/26 2123/26
f 2246/26 2144/26 2145/26
f 2247/25 2255/25 2148/25
f 2257/26 2130/26 2122/26
f 2107/26 2292/26 2170/26
f 2279/25 2136/25 2254/25
f 2093/26 2303/26 2179/26
f 2254/25 2136/25 2247/25
f 2175/26 2232/26 2220/26
f 2123/26 2249/26 2155/26
f 2261/26 2264/26 2139/26
f 2302/26 2301/26 2095/26
f 2209/26 2183/26 2298/26
f 2104/26 2296/26 2283/26
f 2260/26 2124/26 2250/26
f 2097/26 2108/26 2280/26
f 2186/26 2218/26 2203/26
f 2202/26 2190/26 2297/26
f 2133/26 2273/26 2137/26
f 2267/26 2120/26 2284/26
f 2205/26 2208/26 2195/26
f 2301/26 2299/26 2096/26
f 2298/26 2181/26 2210/26
f 2226/26 2224/26 2178/26
f 2096/26 2299/26 2183/26
f 2285/26 2101/26 2100/26
f 2179/26 2302/26 2094/26
f 2142/26 2272/26 2134/26
f 2140/26 2262/26 2261/26
f 2149/26 2252/26 2248/26
f 2203/26 2090/26 2294/26
f 2222/26 2226/26 2177/26
f 2129/26 2125/26 2259/26
f 2300/26 2089/26 2205/26
f 2266/26 2144/26 2246/26
f 2264/26 2266/26 2138/26
f 2293/26 2092/26 2206/26
f 2125/26 2124/26 2260/26
f 2161/26 2244/26 2237/26
f 2112/26 2118/26 2270/26
f 2245/26 2145/26 2256/26
f 2286/26 2100/26 2221/26
f 2234/26 2156/26 2152/26
f 2122/26 2129/26 2258/26
f 2274/26 2164/26 2228/26
f 2207/26 2217/26 2191/26
f 2290/26 2291/26 2109/26
f 2230/26 2162/26 2275/26
f 2204/26 2189/26 2180/26
f 2282/26 2105/26 2222/26
f 2152/26 2153/26 2235/26
f 2229/25 2163/25 2279/25
f 2221/26 2098/26 2287/26
f 2227/26 2169/26 2274/26
f 2224/26 2101/26 2285/26
f 2233/26 2158/26 2156/26
f 2114/26 2119/26 2269/26
f 2160/26 2281/26 2121/26
f 2297/26 2304/26 2091/26
f 2281/26 2158/26 2233/26
f 2180/26 2196/26 2201/26
f 2206/26 2169/26 2227/26
f 2193/26 2214/26 2215/26
f 2275/26 2160/26 2231/26
f 2116/26 2239/26 2167/26
f 2220/26 2151/26 2240/26
f 2442/25 2457/25 2425/25
f 2449/25 2464/25 2432/25
f 2425/25 2457/25 2441/25
f 2432/25 2464/25 2448/25
f 2443/25 2458/25 2426/25
f 2450/25 2465/25 2433/25
f 2426/25 2458/25 2442/25
f 2433/25 2465/25 2449/25
f 2444/25 2459/25 2427/25
f 2451/25 2466/25 2434/25
f 2427/25 2459/25 2443/25
f 2438/25 2453/25 2421/25
f 2434/25 2466/25 2450/25
f 2445/25 2460/25 2428/25
f 2421/25 2453/25 2437/25
f 2452/25 2467/25 2435/25
f 2428/25 2460/25 2444/25
f 2439/25 2454/25 2422/25
f 2435/25 2467/25 2451/25
f 2446/25 2461/25 2429/25
f 2422/25 2454/25 2438/25
f 2437/25 2468/25 2436/25
f 2429/25 2461/25 2445/25
f 2440/25 2455/25 2423/25
f 2436/25 2468/25 2452/25
f 2447/25 2462/25 2430/25
f 2423/25 2455/25 2439/25
f 2430/25 2462/25 2446/25
f 2441/25 2456/25 2424/25
f 2448/25 2463/25 2431/25
f 2424/25 2456/25 2440/25
f 2436/25 2500/25 2469/25
f 2413/25 2477/25 2493/25
f 2423/25 2487/25 2472/25
f 2420/25 2484/25 2500/25
f 2430/25 2494/25 2479/25
f 2407/25 2471/25 2487/25
f 2414/25 2478/25 2494/25
f 2424/25 2488/25 2473/25
f 2431/25 2495/25 2480/25
f 2408/25 2472/25 2488/25
f 2415/25 2479/25 2495/25
f 2425/25 2489/25 2474/25
f 2432/25 2496/25 2481/25
f 2409/25 2473/25 2489/25
f 2416/25 2480/25 2496/25
f 2426/25 2490/25 2475/25
f 2433/25 2497/25 2482/25
f 2410/25 2474/25 2490/25
f 2417/25 2481/25 2497/25
f 2427/25 2491/25 2476/25
f 2434/25 2498/25 2483/25
f 2411/25 2475/25 2491/25
f 2421/25 2485/25 2470/25
f 2434/25 2418/25 2482/25
f 2428/25 2492/25 2477/25
f 2405/25 2469/25 2485/25
f 2435/25 2499/25 2484/25
f 2412/25 2476/25 2492/25
f 2422/25 2486/25 2471/25
f 2419/25 2483/25 2499/25
f 2429/25 2493/25 2478/25
f 2406/25 2470/25 2486/25
f 2516/27 2515/27 2520/27
f 2511/27 2502/27 2533/27
f 2523/27 2512/27 2510/27
f 2526/27 2509/27 2511/27
f 2515/27 2514/27 2521/27
f 2533/27 2502/27 2503/27
f 2528/27 2507/27 2508/27
f 2504/27 2505/27 2530/27
f 2510/27 2509/27 2526/27
f 2503/27 2504/27 2531/27
f 2518/27 2517/27 2516/27
f 2522/27 2513/27 2512/27
f 2529/27 2506/27 2507/27
f 2505/27 2506/27 2529/27
f 2508/27 2517/27 2518/27
f 2521/27 2514/27 2513/27
f 2456/27 2553/27 2537/27
f 2463/27 2560/27 2544/27
f 2442/27 2539/27 2554/27
f 2449/27 2546/27 2561/27
f 2457/27 2554/27 2538/27
f 2464/27 2561/27 2545/27
f 2443/27 2540/27 2555/27
f 2450/27 2547/27 2562/27
f 2458/27 2555/27 2539/27
f 2465/27 2562/27 2546/27
f 2444/27 2541/27 2556/27
f 2451/27 2548/27 2563/27
f 2459/27 2556/27 2540/27
f 2438/27 2535/27 2550/27
f 2466/27 2563/27 2547/27
f 2445/27 2542/27 2557/27
f 2453/27 2550/27 2534/27
f 2452/27 2549/27 2564/27
f 2460/27 2557/27 2541/27
f 2439/27 2536/27 2551/27
f 2467/27 2564/27 2548/27
f 2446/27 2543/27 2558/27
f 2454/27 2551/27 2535/27
f 2437/27 2534/27 2565/27
f 2461/27 2558/27 2542/27
f 2440/27 2537/27 2552/27
f 2468/27 2565/27 2549/27
f 2447/27 2544/27 2559/27
f 2455/27 2552/27 2536/27
f 2462/27 2559/27 2543/27
f 2441/27 2538/27 2553/27
f 2448/27 2545/27 2560/27
f 2550/26 2535/26 2567/26
f 2563/26 2595/26 2579/26
f 2557/26 2542/26 2574/26
f 2550/26 2582/26 2566/26
f 2564/26 2549/26 2581/26
f 2557/26 2589/26 2573/26
f 2551/26 2536/26 2568/26
f 2564/26 2596/26 2580/26
f 2558/26 2543/26 2575/26
f 2551/26 2583/26 2567/26
f 2565/26 2534/26 2566/26
f 2558/26 2590/26 2574/26
f 2552/26 2537/26 2569/26
f 2565/26 2597/26 2581/26
f 2559/26 2544/26 2576/26
f 2552/26 2584/26 2568/26
f 2559/26 2591/26 2575/26
f 2553/26 2538/26 2570/26
f 2560/26 2545/26 2577/26
f 2553/26 2585/26 2569/26
f 2560/26 2592/26 2576/26
f 2554/26 2539/26 2571/26
f 2561/26 2546/26 2578/26
f 2554/26 2586/26 2570/26
f 2561/26 2593/26 2577/26
f 2555/26 2540/26 2572/26
f 2562/26 2547/26 2579/26
f 2555/26 2587/26 2571/26
f 2562/26 2594/26 2578/26
f 2556/26 2541/26 2573/26
f 2563/26 2548/26 2580/26
f 2556/26 2588/26 2572/26
f 2682/25 2655/25 2604/25
f 2710/25 2682/25 2605/25
f 2604/25 2655/25 2711/25
f 2728/25 2696/25 2612/25
f 2618/25 2612/25 2776/25
f 2728/25 2616/25 2695/25
f 2656/25 2697/25 2630/25
f 2763/25 2656/25 2742/25
f 2630/25 2697/25 2736/25
f 2755/25 2641/25 2640/25
f 2647/25 2640/25 2749/25
f 2755/25 2754/25 2750/25
f 2769/25 2655/25 2656/25
f 2711/25 2655/25 2769/25
f 2768/25 2656/25 2763/25
f 2675/25 2674/25 2612/25
f 2675/25 2641/25 2750/25
f 2674/25 2780/25 2776/25
f 2794/25 2640/25 2682/25
f 2749/25 2640/25 2794/25
f 2687/25 2682/25 2710/25
f 2703/25 2702/25 2697/25
f 2703/25 2696/25 2695/25
f 2702/25 2701/25 2736/25
f 2722/25 2611/25 2600/25
f 2713/25 2721/25 2608/25
f 2721/25 2710/25 2718/25
f 2603/25 2711/25 2611/25
f 2734/25 2615/25 2613/25
f 2732/25 2622/25 2725/25
f 2619/25 2776/25 2622/25
f 2616/25 2734/25 2624/25
f 2636/25 2637/25 2737/25
f 2738/25 2635/25 2745/25
f 2635/25 2763/25 2743/25
f 2740/25 2736/25 2637/25
f 2652/25 2644/25 2642/25
f 2650/25 2760/25 2643/25
f 2648/25 2749/25 2760/25
f 2754/25 2652/25 2762/25
f 2774/25 2668/25 2657/25
f 2658/25 2666/25 2772/25
f 2666/25 2711/25 2663/25
f 2767/25 2763/25 2668/25
f 2787/25 2779/25 2670/25
f 2785/25 2786/25 2778/25
f 2676/25 2750/25 2786/25
f 2780/25 2787/25 2681/25
f 2691/25 2798/25 2789/25
f 2686/25 2710/25 2798/25
f 2694/25 2749/25 2795/25
f 2684/25 2694/25 2693/25
f 2706/25 2700/25 2802/25
f 2701/25 2706/25 2707/25
f 2704/25 2695/25 2709/25
f 2708/25 2709/25 2803/25
f 2717/26 2720/26 2703/26
f 2679/26 2804/26 2615/26
f 2746/26 2629/26 2776/26
f 2765/26 2777/26 2644/26
f 2720/26 2723/26 2702/26
f 2677/26 2747/26 2625/26
f 2701/26 2724/26 2716/26
f 2793/26 2685/26 2725/26
f 2674/26 2752/26 2626/26
f 2748/26 2751/26 2675/26
f 2792/26 2727/26 2695/26
f 2680/26 2799/26 2619/26
f 2710/26 2705/26 2606/26
f 2751/26 2752/26 2674/26
f 2646/26 2659/26 2750/26
f 2780/26 2626/26 2621/26
f 2620/26 2797/26 2680/26
f 2757/26 2699/26 2711/26
f 2728/26 2683/26 2801/26
f 2750/26 2659/26 2623/26
f 2749/26 2660/26 2651/26
f 2800/26 2683/26 2728/26
f 2663/26 2759/26 2632/26
f 2755/26 2653/26 2654/26
f 2756/25 2764/25 2657/25
f 2766/26 2639/26 2631/26
f 2616/26 2801/26 2679/26
f 2788/25 2645/25 2763/25
f 2602/26 2812/26 2688/26
f 2763/25 2645/25 2756/25
f 2684/26 2741/26 2729/26
f 2632/26 2758/26 2664/26
f 2770/26 2773/26 2648/26
f 2811/26 2810/26 2604/26
f 2718/26 2692/26 2807/26
f 2613/26 2805/26 2792/26
f 2769/26 2633/26 2759/26
f 2606/26 2617/26 2789/26
f 2695/26 2727/26 2712/26
f 2711/26 2699/26 2806/26
f 2642/26 2782/26 2646/26
f 2776/26 2629/26 2793/26
f 2714/26 2717/26 2704/26
f 2810/26 2808/26 2605/26
f 2807/26 2690/26 2719/26
f 2735/26 2733/26 2687/26
f 2605/26 2808/26 2692/26
f 2794/26 2610/26 2609/26
f 2688/26 2811/26 2603/26
f 2651/26 2781/26 2643/26
f 2649/26 2771/26 2770/26
f 2658/26 2761/26 2757/26
f 2712/26 2599/26 2803/26
f 2731/26 2735/26 2686/26
f 2638/26 2634/26 2768/26
f 2809/26 2598/26 2714/26
f 2775/26 2653/26 2755/26
f 2773/26 2775/26 2647/26
f 2802/26 2601/26 2715/26
f 2634/26 2633/26 2769/26
f 2670/26 2753/26 2746/26
f 2621/26 2627/26 2779/26
f 2754/26 2654/26 2765/26
f 2795/26 2609/26 2730/26
f 2743/26 2665/26 2661/26
f 2631/26 2638/26 2767/26
f 2783/26 2673/26 2737/26
f 2716/26 2726/26 2700/26
f 2799/26 2800/26 2618/26
f 2739/26 2671/26 2784/26
f 2713/26 2698/26 2689/26
f 2791/26 2614/26 2731/26
f 2661/26 2662/26 2744/26
f 2738/25 2672/25 2788/25
f 2730/26 2607/26 2796/26
f 2736/26 2678/26 2783/26
f 2733/26 2610/26 2794/26
f 2742/26 2667/26 2665/26
f 2623/26 2628/26 2778/26
f 2669/26 2790/26 2630/26
f 2806/26 2813/26 2600/26
f 2790/26 2667/26 2742/26
f 2689/26 2705/26 2710/26
f 2715/26 2678/26 2736/26
f 2702/26 2723/26 2724/26
f 2784/26 2669/26 2740/26
f 2625/26 2748/26 2676/26
f 2729/26 2660/26 2749/26
f 3801/25 3785/25 3817/25
f 3292/25 3276/25 3308/25
f 3286/25 3318/25 3303/25
f 3293/25 3325/25 3310/25
f 3286/25 3270/25 3302/25
f 3293/25 3277/25 3309/25
f 3287/25 3319/25 3304/25
f 3294/25 3326/25 3311/25
f 3287/25 3271/25 3303/25
f 3294/25 3278/25 3310/25
f 3288/25 3320/25 3305/25
f 3295/25 3327/25 3312/25
f 3288/25 3272/25 3304/25
f 3282/25 3314/25 3299/25
f 3295/25 3279/25 3311/25
f 3289/25 3321/25 3306/25
f 3282/25 3266/25 3298/25
f 3296/25 3328/25 3313/25
f 3289/25 3273/25 3305/25
f 3283/25 3315/25 3300/25
f 3296/25 3280/25 3312/25
f 3290/25 3322/25 3307/25
f 3283/25 3267/25 3299/25
f 3297/25 3329/25 3298/25
f 3290/25 3274/25 3306/25
f 3284/25 3316/25 3301/25
f 3297/25 3281/25 3313/25
f 3291/25 3323/25 3308/25
f 3284/25 3268/25 3300/25
f 3291/25 3275/25 3307/25
f 3285/25 3317/25 3302/25
f 3292/25 3324/25 3309/25
f 3285/25 3269/25 3301/25
f 3330/25 3361/25 3297/25
f 3354/25 3338/25 3274/25
f 3333/25 3348/25 3284/25
f 3297/25 3361/25 3345/25
f 3340/25 3355/25 3291/25
f 3348/25 3332/25 3268/25
f 3355/25 3339/25 3275/25
f 3334/25 3349/25 3285/25
f 3341/25 3356/25 3292/25
f 3349/25 3333/25 3269/25
f 3356/25 3340/25 3276/25
f 3335/25 3350/25 3286/25
f 3278/25 3342/25 3357/25
f 3350/25 3334/25 3270/25
f 3357/25 3341/25 3277/25
f 3336/25 3351/25 3287/25
f 3343/25 3358/25 3294/25
f 3351/25 3335/25 3271/25
f 3358/25 3342/25 3278/25
f 3337/25 3352/25 3288/25
f 3280/25 3344/25 3359/25
f 3352/25 3336/25 3272/25
f 3331/25 3346/25 3282/25
f 3359/25 3343/25 3279/25
f 3338/25 3353/25 3289/25
f 3346/25 3330/25 3266/25
f 3281/25 3345/25 3360/25
f 3353/25 3337/25 3273/25
f 3332/25 3347/25 3283/25
f 3360/25 3344/25 3280/25
f 3339/25 3354/25 3290/25
f 3347/25 3331/25 3267/25
f 3381/27 3376/27 3377/27
f 3394/27 3363/27 3372/27
f 3384/27 3386/27 3371/27
f 3387/27 3385/27 3372/27
f 3382/27 3375/27 3376/27
f 3394/27 3393/27 3364/27
f 3389/27 3388/27 3369/27
f 3392/27 3391/27 3366/27
f 3387/27 3370/27 3371/27
f 3392/27 3365/27 3364/27
f 3379/27 3380/27 3377/27
f 3383/27 3384/27 3373/27
f 3390/27 3389/27 3368/27
f 3390/27 3367/27 3366/27
f 3379/27 3378/27 3369/27
f 3383/27 3374/27 3375/27
f 3398/27 3414/27 3317/27
f 3405/27 3421/27 3324/27
f 3415/27 3400/27 3303/27
f 3422/27 3407/27 3310/27
f 3399/27 3415/27 3318/27
f 3406/27 3422/27 3325/27
f 3416/27 3401/27 3304/27
f 3423/27 3408/27 3311/27
f 3400/27 3416/27 3319/27
f 3407/27 3423/27 3326/27
f 3417/27 3402/27 3305/27
f 3424/27 3409/27 3312/27
f 3401/27 3417/27 3320/27
f 3411/27 3396/27 3299/27
f 3408/27 3424/27 3327/27
f 3418/27 3403/27 3306/27
f 3395/27 3411/27 3314/27
f 3425/27 3410/27 3313/27
f 3402/27 3418/27 3321/27
f 3412/27 3397/27 3300/27
f 3409/27 3425/27 3328/27
f 3419/27 3404/27 3307/27
f 3396/27 3412/27 3315/27
f 3426/27 3395/27 3298/27
f 3403/27 3419/27 3322/27
f 3413/27 3398/27 3301/27
f 3410/27 3426/27 3329/27
f 3420/27 3405/27 3308/27
f 3397/27 3413/27 3316/27
f 3404/27 3420/27 3323/27
f 3414/27 3399/27 3302/27
f 3421/27 3406/27 3309/27
f 3411/26 3443/26 3428/26
f 3440/26 3456/26 3424/26
f 3418/26 3450/26 3435/26
f 3427/26 3443/26 3411/26
f 3425/26 3457/26 3442/26
f 3434/26 3450/26 3418/26
f 3412/26 3444/26 3429/26
f 3441/26 3457/26 3425/26
f 3419/26 3451/26 3436/26
f 3428/26 3444/26 3412/26
f 3426/26 3458/26 3427/26
f 3435/26 3451/26 3419/26
f 3413/26 3445/26 3430/26
f 3442/26 3458/26 3426/26
f 3420/26 3452/26 3437/26
f 3429/26 3445/26 3413/26
f 3436/26 3452/26 3420/26
f 3414/26 3446/26 3431/26
f 3421/26 3453/26 3438/26
f 3430/26 3446/26 3414/26
f 3437/26 3453/26 3421/26
f 3415/26 3447/26 3432/26
f 3422/26 3454/26 3439/26
f 3431/26 3447/26 3415/26
f 3438/26 3454/26 3422/26
f 3416/26 3448/26 3433/26
f 3423/26 3455/26 3440/26
f 3432/26 3448/26 3416/26
f 3439/26 3455/26 3423/26
f 3417/26 3449/26 3434/26
f 3424/26 3456/26 3441/26
f 3433/26 3449/26 3417/26
f 3466/25 3465/25 3516/25
f 3466/25 3543/25 3571/25
f 3465/25 3464/25 3572/25
f 3473/25 3557/25 3589/25
f 3637/25 3473/25 3479/25
f 3589/25 3557/25 3556/25
f 3603/25 3491/25 3558/25
f 3603/25 3517/25 3624/25
f 3491/25 3601/25 3597/25
f 3501/25 3502/25 3616/25
f 3610/25 3501/25 3508/25
f 3616/25 3502/25 3611/25
f 3630/25 3629/25 3517/25
f 3630/25 3516/25 3572/25
f 3629/25 3628/25 3624/25
f 3502/25 3473/25 3535/25
f 3611/25 3502/25 3536/25
f 3535/25 3473/25 3637/25
f 3655/25 3548/25 3543/25
f 3655/25 3501/25 3610/25
f 3548/25 3547/25 3571/25
f 3564/25 3557/25 3558/25
f 3556/25 3557/25 3564/25
f 3563/25 3558/25 3597/25
f 3583/25 3463/25 3461/25
f 3469/25 3582/25 3574/25
f 3579/25 3571/25 3582/25
f 3464/25 3583/25 3472/25
f 3595/25 3485/25 3474/25
f 3586/25 3483/25 3593/25
f 3483/25 3637/25 3480/25
f 3477/25 3556/25 3485/25
f 3497/25 3600/25 3598/25
f 3606/25 3496/25 3599/25
f 3604/25 3624/25 3496/25
f 3601/25 3497/25 3498/25
f 3513/25 3623/25 3503/25
f 3504/25 3621/25 3511/25
f 3621/25 3610/25 3509/25
f 3615/25 3611/25 3623/25
f 3635/25 3627/25 3518/25
f 3633/25 3527/25 3519/25
f 3524/25 3572/25 3527/25
f 3628/25 3635/25 3529/25
f 3648/25 3542/25 3531/25
f 3639/25 3647/25 3646/25
f 3647/25 3611/25 3537/25
f 3641/25 3637/25 3542/25
f 3552/25 3652/25 3650/25
f 3547/25 3552/25 3659/25
f 3656/25 3610/25 3555/25
f 3554/25 3555/25 3545/25
f 3567/25 3568/25 3663/25
f 3562/25 3597/25 3568/25
f 3570/25 3556/25 3565/25
f 3664/25 3570/25 3569/25
f 3564/26 3581/26 3578/26
f 3476/26 3665/26 3540/26
f 3637/26 3490/26 3607/26
f 3505/26 3638/26 3626/26
f 3563/26 3584/26 3581/26
f 3538/26 3646/26 3486/26
f 3562/26 3567/26 3577/26
f 3586/26 3546/26 3654/26
f 3535/26 3641/26 3487/26
f 3536/26 3612/26 3609/26
f 3556/26 3588/26 3653/26
f 3480/26 3660/26 3541/26
f 3571/26 3659/26 3467/26
f 3535/26 3613/26 3612/26
f 3611/26 3520/26 3507/26
f 3641/26 3648/26 3482/26
f 3481/26 3593/26 3541/26
f 3572/26 3560/26 3618/26
f 3589/26 3477/26 3662/26
f 3611/26 3647/26 3484/26
f 3610/26 3621/26 3512/26
f 3589/26 3544/26 3661/26
f 3524/26 3633/26 3493/26
f 3616/26 3615/26 3515/26
f 3518/25 3625/25 3617/25
f 3627/26 3635/26 3492/26
f 3477/26 3595/26 3540/26
f 3624/25 3506/25 3649/25
f 3463/26 3583/26 3549/26
f 3624/25 3529/25 3617/25
f 3545/26 3555/26 3590/26
f 3525/26 3619/26 3493/26
f 3509/26 3634/26 3631/26
f 3465/26 3671/26 3672/26
f 3579/26 3469/26 3668/26
f 3474/26 3485/26 3653/26
f 3630/26 3524/26 3620/26
f 3650/26 3478/26 3467/26
f 3556/26 3570/26 3573/26
f 3572/26 3472/26 3667/26
f 3503/26 3623/26 3507/26
f 3637/26 3483/26 3654/26
f 3565/26 3578/26 3575/26
f 3466/26 3669/26 3671/26
f 3580/26 3551/26 3668/26
f 3548/26 3594/26 3596/26
f 3466/26 3579/26 3553/26
f 3655/26 3656/26 3470/26
f 3464/26 3672/26 3549/26
f 3504/26 3642/26 3512/26
f 3510/26 3511/26 3631/26
f 3519/26 3527/26 3618/26
f 3664/26 3460/26 3573/26
f 3547/26 3596/26 3592/26
f 3629/26 3495/26 3499/26
f 3670/26 3569/26 3575/26
f 3616/26 3514/26 3636/26
f 3508/26 3636/26 3634/26
f 3663/26 3568/26 3576/26
f 3630/26 3494/26 3495/26
f 3531/26 3542/26 3607/26
f 3640/26 3488/26 3482/26
f 3615/26 3513/26 3626/26
f 3656/26 3554/26 3591/26
f 3604/26 3606/26 3522/26
f 3628/26 3499/26 3492/26
f 3598/26 3534/26 3644/26
f 3561/26 3587/26 3577/26
f 3479/26 3661/26 3660/26
f 3600/26 3497/26 3645/26
f 3574/26 3582/26 3550/26
f 3652/26 3552/26 3592/26
f 3605/26 3523/26 3522/26
f 3599/25 3496/25 3649/25
f 3657/26 3468/26 3591/26
f 3597/26 3498/26 3644/26
f 3655/26 3471/26 3594/26
f 3603/26 3604/26 3526/26
f 3639/26 3489/26 3484/26
f 3491/26 3651/26 3530/26
f 3461/26 3674/26 3667/26
f 3603/26 3528/26 3651/26
f 3571/26 3566/26 3550/26
f 3597/26 3539/26 3576/26
f 3563/26 3562/26 3585/26
f 3601/26 3530/26 3645/26
f 3537/26 3609/26 3486/26
f 3610/26 3521/26 3590/26
f 3795/25 3827/25 3812/25
f 3802/25 3834/25 3819/25
f 3795/25 3779/25 3811/25
f 3802/25 3786/25 3818/25
f 3796/25 3828/25 3813/25
f 3803/25 3835/25 3820/25
f 3796/25 3780/25 3812/25
f 3803/25 3787/25 3819/25
f 3797/25 3829/25 3814/25
f 3804/25 3836/25 3821/25
f 3797/25 3781/25 3813/25
f 3791/25 3823/25 3808/25
f 3804/25 3788/25 3820/25
f 3798/25 3830/25 3815/25
f 3791/25 3775/25 3807/25
f 3805/25 3837/25 3822/25
f 3798/25 3782/25 3814/25
f 3792/25 3824/25 3809/25
f 3805/25 3789/25 3821/25
f 3799/25 3831/25 3816/25
f 3792/25 3776/25 3808/25
f 3806/25 3838/25 3807/25
f 3799/25 3783/25 3815/25
f 3793/25 3825/25 3810/25
f 3806/25 3790/25 3822/25
f 3800/25 3832/25 3817/25
f 3793/25 3777/25 3809/25
f 3800/25 3784/25 3816/25
f 3794/25 3826/25 3811/25
f 3801/25 3833/25 3818/25
f 3794/25 3778/25 3810/25
f 3839/25 3870/25 3806/25
f 3863/25 3847/25 3783/25
f 3842/25 3857/25 3793/25
f 3870/25 3854/25 3790/25
f 3849/25 3864/25 3800/25
f 3857/25 3841/25 3777/25
f 3864/25 3848/25 3784/25
f 3843/25 3858/25 3794/25
f 3850/25 3865/25 3801/25
f 3858/25 3842/25 3778/25
f 3865/25 3849/25 3785/25
f 3844/25 3859/25 3795/25
f 3851/25 3866/25 3802/25
f 3859/25 3843/25 3779/25
f 3866/25 3850/25 3786/25
f 3845/25 3860/25 3796/25
f 3852/25 3867/25 3803/25
f 3860/25 3844/25 3780/25
f 3867/25 3851/25 3787/25
f 3846/25 3861/25 3797/25
f 3853/25 3868/25 3804/25
f 3861/25 3845/25 3781/25
f 3840/25 3855/25 3791/25
f 3868/25 3852/25 3788/25
f 3847/25 3862/25 3798/25
f 3855/25 3839/25 3775/25
f 3854/25 3869/25 3805/25
f 3862/25 3846/25 3782/25
f 3841/25 3856/25 3792/25
f 3869/25 3853/25 3789/25
f 3848/25 3863/25 3799/25
f 3856/25 3840/25 3776/25
f 3889/27 3890/27 3885/27
f 3903/27 3872/27 3881/27
f 3893/27 3895/27 3880/27
f 3896/27 3894/27 3881/27
f 3891/27 3884/27 3885/27
f 3903/27 3902/27 3873/27
f 3898/27 3897/27 3878/27
f 3900/27 3875/27 3874/27
f 3896/27 3879/27 3880/27
f 3901/27 3874/27 3873/27
f 3888/27 3889/27 3886/27
f 3892/27 3893/27 3882/27
f 3899/27 3898/27 3877/27
f 3899/27 3876/27 3875/27
f 3888/27 3887/27 3878/27
f 3891/27 3892/27 3883/27
f 3907/27 3923/27 3826/27
f 3914/27 3930/27 3833/27
f 3924/27 3909/27 3812/27
f 3931/27 3916/27 3819/27
f 3908/27 3924/27 3827/27
f 3915/27 3931/27 3834/27
f 3925/27 3910/27 3813/27
f 3932/27 3917/27 3820/27
f 3909/27 3925/27 3828/27
f 3916/27 3932/27 3835/27
f 3926/27 3911/27 3814/27
f 3933/27 3918/27 3821/27
f 3910/27 3926/27 3829/27
f 3920/27 3905/27 3808/27
f 3917/27 3933/27 3836/27
f 3927/27 3912/27 3815/27
f 3904/27 3920/27 3823/27
f 3934/27 3919/27 3822/27
f 3911/27 3927/27 3830/27
f 3921/27 3906/27 3809/27
f 3918/27 3934/27 3837/27
f 3928/27 3913/27 3816/27
f 3905/27 3921/27 3824/27
f 3935/27 3904/27 3807/27
f 3912/27 3928/27 3831/27
f 3922/27 3907/27 3810/27
f 3919/27 3935/27 3838/27
f 3929/27 3914/27 3817/27
f 3906/27 3922/27 3825/27
f 3913/27 3929/27 3832/27
f 3923/27 3908/27 3811/27
f 3930/27 3915/27 3818/27
f 3920/26 3952/26 3937/26
f 3949/26 3965/26 3933/26
f 3927/26 3959/26 3944/26
f 3936/26 3952/26 3920/26
f 3934/26 3966/26 3951/26
f 3943/26 3959/26 3927/26
f 3921/26 3953/26 3938/26
f 3950/26 3966/26 3934/26
f 3928/26 3960/26 3945/26
f 3937/26 3953/26 3921/26
f 3935/26 3967/26 3936/26
f 3944/26 3960/26 3928/26
f 3922/26 3954/26 3939/26
f 3951/26 3967/26 3935/26
f 3929/26 3961/26 3946/26
f 3938/26 3954/26 3922/26
f 3945/26 3961/26 3929/26
f 3923/26 3955/26 3940/26
f 3930/26 3962/26 3947/26
f 3939/26 3955/26 3923/26
f 3946/26 3962/26 3930/26
f 3924/26 3956/26 3941/26
f 3931/26 3963/26 3948/26
f 3940/26 3956/26 3924/26
f 3947/26 3963/26 3931/26
f 3925/26 3957/26 3942/26
f 3932/26 3964/26 3949/26
f 3941/26 3957/26 3925/26
f 3948/26 3964/26 3932/26
f 3926/26 3958/26 3943/26
f 3933/26 3965/26 3950/26
f 3942/26 3958/26 3926/26
f 3974/25 4025/25 4052/25
f 3975/25 4052/25 4080/25
f 3974/25 3973/25 4081/25
f 3982/25 4066/25 4098/25
f 4146/25 3982/25 3988/25
f 4098/25 4066/25 4065/25
f 4000/25 4067/25 4026/25
f 4112/25 4026/25 4133/25
f 4000/25 4110/25 4106/25
f 4010/25 4011/25 4125/25
f 4119/25 4010/25 4017/25
f 4125/25 4011/25 4120/25
f 4139/25 4138/25 4026/25
f 4139/25 4025/25 4081/25
f 4138/25 4137/25 4133/25
f 4045/25 4011/25 3982/25
f 4120/25 4011/25 4045/25
f 4044/25 3982/25 4146/25
f 4164/25 4057/25 4052/25
f 4164/25 4010/25 4119/25
f 4057/25 4056/25 4080/25
f 4073/25 4066/25 4067/25
f 4065/25 4066/25 4073/25
f 4072/25 4067/25 4106/25
f 4092/25 3972/25 3970/25
f 3978/25 4091/25 4083/25
f 4088/25 4080/25 4091/25
f 3973/25 4092/25 3981/25
f 4104/25 3994/25 3983/25
f 4095/25 3992/25 4102/25
f 3992/25 4146/25 3989/25
f 3986/25 4065/25 3994/25
f 4006/25 4109/25 4107/25
f 4115/25 4005/25 4108/25
f 4113/25 4133/25 4005/25
f 4110/25 4006/25 4007/25
f 4022/25 4132/25 4012/25
f 4013/25 4130/25 4020/25
f 4130/25 4119/25 4018/25
f 4124/25 4120/25 4132/25
f 4144/25 4136/25 4027/25
f 4142/25 4036/25 4028/25
f 4033/25 4081/25 4036/25
f 4137/25 4144/25 4038/25
f 4157/25 4051/25 4040/25
f 4148/25 4156/25 4155/25
f 4156/25 4120/25 4046/25
f 4150/25 4146/25 4051/25
f 4061/25 4161/25 4159/25
f 4056/25 4061/25 4168/25
f 4165/25 4119/25 4064/25
f 4063/25 4064/25 4054/25
f 4076/25 4077/25 4172/25
f 4071/25 4106/25 4077/25
f 4079/25 4065/25 4074/25
f 4173/25 4079/25 4078/25
f 4073/26 4090/26 4087/26
f 3985/26 4174/26 4049/26
f 4146/26 3999/26 4116/26
f 4014/26 4147/26 4135/26
f 4072/26 4093/26 4090/26
f 4047/26 4155/26 3995/26
f 4071/26 4076/26 4086/26
f 4095/26 4055/26 4163/26
f 4044/26 4150/26 3996/26
f 4045/26 4121/26 4118/26
f 4065/26 4097/26 4162/26
f 3989/26 4169/26 4050/26
f 4080/26 4168/26 3976/26
f 4044/26 4122/26 4121/26
f 4120/26 4029/26 4016/26
f 4150/26 4157/26 3991/26
f 3990/26 4102/26 4050/26
f 4081/26 4069/26 4127/26
f 4098/26 3986/26 4171/26
f 4120/26 4156/26 3993/26
f 4119/26 4130/26 4021/26
f 4098/26 4053/26 4170/26
f 4033/26 4142/26 4002/26
f 4125/26 4124/26 4024/26
f 4027/25 4134/25 4126/25
f 4136/26 4144/26 4001/26
f 3986/26 4104/26 4049/26
f 4133/25 4015/25 4158/25
f 3972/26 4092/26 4058/26
f 4133/25 4038/25 4126/25
f 4054/26 4064/26 4099/26
f 4034/26 4128/26 4002/26
f 4018/26 4143/26 4140/26
f 3974/26 4180/26 4181/26
f 4088/26 3978/26 4177/26
f 3983/26 3994/26 4162/26
f 4139/26 4033/26 4129/26
f 4159/26 3987/26 3976/26
f 4065/26 4079/26 4082/26
f 4081/26 3981/26 4176/26
f 4012/26 4132/26 4016/26
f 4146/26 3992/26 4163/26
f 4074/26 4087/26 4084/26
f 3975/26 4178/26 4180/26
f 4089/26 4060/26 4177/26
f 4057/26 4103/26 4105/26
f 3975/26 4088/26 4062/26
f 4164/26 4165/26 3979/26
f 3973/26 4181/26 4058/26
f 4013/26 4151/26 4021/26
f 4019/26 4020/26 4140/26
f 4028/26 4036/26 4127/26
f 4173/26 3969/26 4082/26
f 4056/26 4105/26 4101/26
f 4138/26 4004/26 4008/26
f 4179/26 4078/26 4084/26
f 4125/26 4023/26 4145/26
f 4017/26 4145/26 4143/26
f 4172/26 4077/26 4085/26
f 4139/26 4003/26 4004/26
f 4040/26 4051/26 4116/26
f 4149/26 3997/26 3991/26
f 4124/26 4022/26 4135/26
f 4165/26 4063/26 4100/26
f 4113/26 4115/26 4031/26
f 4137/26 4008/26 4001/26
f 4107/26 4043/26 4153/26
f 4070/26 4096/26 4086/26
f 3988/26 4170/26 4169/26
f 4109/26 4006/26 4154/26
f 4083/26 4091/26 4059/26
f 4161/26 4061/26 4101/26
f 4114/26 4032/26 4031/26
f 4108/25 4005/25 4158/25
f 4166/26 3977/26 4100/26
f 4106/26 4007/26 4153/26
f 4164/26 3980/26 4103/26
f 4112/26 4113/26 4035/26
f 4148/26 3998/26 3993/26
f 4000/26 4160/26 4039/26
f 3970/26 4183/26 4176/26
f 4112/26 4037/26 4160/26
f 4080/26 4075/26 4059/26
f 4106/26 4048/26 4085/26
f 4072/26 4071/26 4094/26
f 4110/26 4039/26 4154/26
f 4046/26 4118/26 3995/26
f 4119/26 4030/26 4099/26
g RR22B_Wheel_Plane.001_122B_Calipers
usemtl 122B_Calipers
f 2369/28 2372/28 2371/28
f 2370/28 2369/28 2374/28
f 2374/29 2369/29 2375/29
f 2371/29 2375/29 2369/29
f 2374/28 2377/28 2376/28
f 2378/28 2376/28 2379/28
f 2379/28 2380/28 2378/28
f 2378/29 2370/29 2374/29
f 2372/29 2382/29 2383/29
f 2380/29 2382/29 2370/29
f 2382/28 2385/28 2383/28
f 2384/28 2380/28 2381/28
f 2373/29 2389/29 2391/29
f 2386/28 2375/28 2373/28
f 2387/28 2390/28 2388/28
f 2388/28 2392/28 2387/28
f 2392/29 2393/29 2387/29
f 2393/29 2389/29 2387/29
f 2392/28 2395/28 2393/28
f 2394/28 2396/28 2397/28
f 2398/28 2397/28 2396/28
f 2388/29 2396/29 2392/29
f 2390/29 2400/29 2388/29
f 2398/29 2388/29 2400/29
f 2403/28 2400/28 2401/28
f 2398/28 2402/28 2399/28
f 2393/28 2404/28 2391/28
f 2404/28 2373/28 2391/28
f 2390/28 2371/28 2372/28
f 2401/29 2372/29 2383/29
f 2403/28 2383/28 2385/28
f 2878/28 2881/28 2880/28
f 2879/28 2878/28 2883/28
f 2883/29 2878/29 2884/29
f 2880/29 2884/29 2878/29
f 2883/28 2886/28 2885/28
f 2887/28 2885/28 2888/28
f 2888/28 2889/28 2887/28
f 2887/29 2879/29 2883/29
f 2881/29 2891/29 2892/29
f 2889/29 2891/29 2879/29
f 2891/28 2894/28 2892/28
f 2893/28 2889/28 2890/28
f 2882/29 2898/29 2900/29
f 2895/28 2884/28 2882/28
f 2896/28 2899/28 2897/28
f 2897/28 2901/28 2896/28
f 2901/29 2902/29 2896/29
f 2902/29 2898/29 2896/29
f 2901/28 2904/28 2902/28
f 2903/28 2905/28 2906/28
f 2907/28 2906/28 2905/28
f 2897/29 2905/29 2901/29
f 2899/29 2909/29 2897/29
f 2907/29 2897/29 2909/29
f 2912/28 2909/28 2910/28
f 2907/28 2911/28 2908/28
f 2902/28 2913/28 2900/28
f 2913/28 2882/28 2900/28
f 2899/28 2880/28 2881/28
f 2910/29 2881/29 2892/29
f 2912/28 2892/28 2894/28
f 3739/28 3742/28 3740/28
f 3740/28 3744/28 3739/28
f 3744/29 3745/29 3739/29
f 3745/29 3741/29 3739/29
f 3744/28 3747/28 3745/28
f 3746/28 3748/28 3749/28
f 3750/28 3749/28 3748/28
f 3740/29 3748/29 3744/29
f 3742/29 3752/29 3740/29
f 3750/29 3740/29 3752/29
f 3755/28 3752/28 3753/28
f 3750/28 3754/28 3751/28
f 3743/29 3759/29 3741/29
f 3745/28 3756/28 3743/28
f 3757/28 3760/28 3759/28
f 3758/28 3757/28 3762/28
f 3762/29 3757/29 3763/29
f 3759/29 3763/29 3757/29
f 3762/28 3765/28 3764/28
f 3766/28 3764/28 3767/28
f 3767/28 3768/28 3766/28
f 3766/29 3758/29 3762/29
f 3760/29 3770/29 3771/29
f 3768/29 3770/29 3758/29
f 3770/28 3773/28 3771/28
f 3772/28 3768/28 3769/28
f 3774/28 3763/28 3761/28
f 3743/28 3774/28 3761/28
f 3741/28 3760/28 3742/28
f 3742/29 3771/29 3753/29
f 3753/28 3773/28 3755/28
f 4248/28 4251/28 4249/28
f 4249/28 4253/28 4248/28
f 4253/29 4254/29 4248/29
f 4254/29 4250/29 4248/29
f 4253/28 4256/28 4254/28
f 4255/28 4257/28 4258/28
f 4259/28 4258/28 4257/28
f 4249/29 4257/29 4253/29
f 4251/29 4261/29 4249/29
f 4259/29 4249/29 4261/29
f 4264/28 4261/28 4262/28
f 4259/28 4263/28 4260/28
f 4252/29 4268/29 4250/29
f 4254/28 4265/28 4252/28
f 4266/28 4269/28 4268/28
f 4267/28 4266/28 4271/28
f 4271/29 4266/29 4272/29
f 4268/29 4272/29 4266/29
f 4271/28 4274/28 4273/28
f 4275/28 4273/28 4276/28
f 4276/28 4277/28 4275/28
f 4275/29 4267/29 4271/29
f 4269/29 4279/29 4280/29
f 4277/29 4279/29 4267/29
f 4279/28 4282/28 4280/28
f 4281/28 4277/28 4278/28
f 4283/28 4272/28 4270/28
f 4252/28 4283/28 4270/28
f 4250/28 4269/28 4251/28
f 4251/29 4280/29 4262/29
f 4262/28 4282/28 4264/28
f 2369/28 2370/28 2372/28
f 2371/29 2373/29 2375/29
f 2374/28 2375/28 2377/28
f 2378/28 2374/28 2376/28
f 2379/28 2381/28 2380/28
f 2378/29 2380/29 2370/29
f 2372/29 2370/29 2382/29
f 2382/28 2384/28 2385/28
f 2384/28 2382/28 2380/28
f 2373/29 2371/29 2389/29
f 2386/28 2377/28 2375/28
f 2387/28 2389/28 2390/28
f 2393/29 2391/29 2389/29
f 2392/28 2394/28 2395/28
f 2394/28 2392/28 2396/28
f 2398/28 2399/28 2397/28
f 2388/29 2398/29 2396/29
f 2390/29 2401/29 2400/29
f 2403/28 2402/28 2400/28
f 2398/28 2400/28 2402/28
f 2393/28 2395/28 2404/28
f 2404/28 2386/28 2373/28
f 2390/28 2389/28 2371/28
f 2401/29 2390/29 2372/29
f 2403/28 2401/28 2383/28
f 2878/28 2879/28 2881/28
f 2880/29 2882/29 2884/29
f 2883/28 2884/28 2886/28
f 2887/28 2883/28 2885/28
f 2888/28 2890/28 2889/28
f 2887/29 2889/29 2879/29
f 2881/29 2879/29 2891/29
f 2891/28 2893/28 2894/28
f 2893/28 2891/28 2889/28
f 2882/29 2880/29 2898/29
f 2895/28 2886/28 2884/28
f 2896/28 2898/28 2899/28
f 2902/29 2900/29 2898/29
f 2901/28 2903/28 2904/28
f 2903/28 2901/28 2905/28
f 2907/28 2908/28 2906/28
f 2897/29 2907/29 2905/29
f 2899/29 2910/29 2909/29
f 2912/28 2911/28 2909/28
f 2907/28 2909/28 2911/28
f 2902/28 2904/28 2913/28
f 2913/28 2895/28 2882/28
f 2899/28 2898/28 2880/28
f 2910/29 2899/29 2881/29
f 2912/28 2910/28 2892/28
f 3739/28 3741/28 3742/28
f 3745/29 3743/29 3741/29
f 3744/28 3746/28 3747/28
f 3746/28 3744/28 3748/28
f 3750/28 3751/28 3749/28
f 3740/29 3750/29 3748/29
f 3742/29 3753/29 3752/29
f 3755/28 3754/28 3752/28
f 3750/28 3752/28 3754/28
f 3743/29 3761/29 3759/29
f 3745/28 3747/28 3756/28
f 3757/28 3758/28 3760/28
f 3759/29 3761/29 3763/29
f 3762/28 3763/28 3765/28
f 3766/28 3762/28 3764/28
f 3767/28 3769/28 3768/28
f 3766/29 3768/29 3758/29
f 3760/29 3758/29 3770/29
f 3770/28 3772/28 3773/28
f 3772/28 3770/28 3768/28
f 3774/28 3765/28 3763/28
f 3743/28 3756/28 3774/28
f 3741/28 3759/28 3760/28
f 3742/29 3760/29 3771/29
f 3753/28 3771/28 3773/28
f 4248/28 4250/28 4251/28
f 4254/29 4252/29 4250/29
f 4253/28 4255/28 4256/28
f 4255/28 4253/28 4257/28
f 4259/28 4260/28 4258/28
f 4249/29 4259/29 4257/29
f 4251/29 4262/29 4261/29
f 4264/28 4263/28 4261/28
f 4259/28 4261/28 4263/28
f 4252/29 4270/29 4268/29
f 4254/28 4256/28 4265/28
f 4266/28 4267/28 4269/28
f 4268/29 4270/29 4272/29
f 4271/28 4272/28 4274/28
f 4275/28 4271/28 4273/28
f 4276/28 4278/28 4277/28
f 4275/29 4277/29 4267/29
f 4269/29 4267/29 4279/29
f 4279/28 4281/28 4282/28
f 4281/28 4279/28 4277/28
f 4283/28 4274/28 4272/28
f 4252/28 4265/28 4283/28
f 4250/28 4268/28 4269/28
f 4251/29 4269/29 4280/29
f 4262/28 4280/28 4282/28
g RR22B_Wheel_Plane.001_RRBaseMatGeneral
usemtl RRBaseMatGeneral
f 2330/30 2314/30 2362/30
f 2334/30 2310/30 2366/30
f 2336/30 2324/30 2368/30
f 2329/30 2315/30 2361/30
f 2331/30 2313/30 2363/30
f 2326/30 2318/30 2358/30
f 2320/30 2325/30 2357/30
f 2313/30 2332/30 2364/30
f 2332/30 2312/30 2364/30
f 2325/30 2319/30 2357/30
f 2321/30 2305/30 2337/30
f 2306/30 2321/30 2338/30
f 2322/30 2306/30 2338/30
f 2311/30 2334/30 2366/30
f 2308/30 2323/30 2340/30
f 2307/30 2322/30 2339/30
f 2315/30 2330/30 2362/30
f 2338/31 2356/31 2355/31
f 2318/30 2327/30 2359/30
f 2305/30 2320/30 2337/30
f 2319/30 2326/30 2358/30
f 2317/30 2328/30 2360/30
f 2316/30 2329/30 2361/30
f 2312/30 2333/30 2365/30
f 2328/30 2316/30 2360/30
f 2333/30 2311/30 2365/30
f 2363/31 2347/31 2362/31
f 2323/30 2307/30 2339/30
f 2314/30 2331/30 2363/30
f 2327/30 2317/30 2359/30
f 2310/30 2335/30 2367/30
f 2324/30 2308/30 2340/30
f 2335/30 2309/30 2367/30
f 2309/30 2336/30 2368/30
f 2367/30 2309/30 2368/30
f 2366/30 2310/30 2367/30
f 2311/30 2366/30 2365/30
f 2312/30 2365/30 2364/30
f 2313/30 2364/30 2363/30
f 2314/30 2363/30 2362/30
f 2315/30 2362/30 2361/30
f 2316/30 2361/30 2360/30
f 2360/30 2359/30 2317/30
f 2359/30 2358/30 2318/30
f 2358/30 2357/30 2319/30
f 2357/30 2337/30 2320/30
f 2337/30 2338/30 2321/30
f 2322/30 2338/30 2339/30
f 2339/30 2340/30 2323/30
f 2324/30 2340/30 2368/30
f 2360/31 2350/31 2359/31
f 2366/31 2344/31 2365/31
f 2357/31 2356/31 2337/31
f 2360/31 2348/31 2349/31
f 2340/31 2354/31 2353/31
f 2365/31 2345/31 2364/31
f 2357/31 2351/31 2352/31
f 2362/31 2348/31 2361/31
f 2367/31 2341/31 2342/31
f 2338/31 2354/31 2339/31
f 2364/31 2346/31 2363/31
f 2358/31 2350/31 2351/31
f 2340/31 2341/31 2368/31
f 2367/31 2343/31 2366/31
f 2839/30 2823/30 2871/30
f 2843/30 2819/30 2875/30
f 2845/30 2833/30 2877/30
f 2838/30 2824/30 2870/30
f 2840/30 2822/30 2872/30
f 2835/30 2827/30 2867/30
f 2829/30 2834/30 2866/30
f 2822/30 2841/30 2873/30
f 2841/30 2821/30 2873/30
f 2834/30 2828/30 2866/30
f 2830/30 2814/30 2846/30
f 2815/30 2830/30 2847/30
f 2831/30 2815/30 2847/30
f 2820/30 2843/30 2875/30
f 2817/30 2832/30 2849/30
f 2816/30 2831/30 2848/30
f 2824/30 2839/30 2871/30
f 2847/31 2865/31 2864/31
f 2827/30 2836/30 2868/30
f 2814/30 2829/30 2846/30
f 2828/30 2835/30 2867/30
f 2826/30 2837/30 2869/30
f 2825/30 2838/30 2870/30
f 2821/30 2842/30 2874/30
f 2837/30 2825/30 2869/30
f 2842/30 2820/30 2874/30
f 2871/31 2855/31 2856/31
f 2832/30 2816/30 2848/30
f 2823/30 2840/30 2872/30
f 2836/30 2826/30 2868/30
f 2819/30 2844/30 2876/30
f 2833/30 2817/30 2849/30
f 2844/30 2818/30 2876/30
f 2818/30 2845/30 2877/30
f 2876/30 2818/30 2877/30
f 2875/30 2819/30 2876/30
f 2820/30 2875/30 2874/30
f 2821/30 2874/30 2873/30
f 2822/30 2873/30 2872/30
f 2823/30 2872/30 2871/30
f 2824/30 2871/30 2870/30
f 2825/30 2870/30 2869/30
f 2869/30 2868/30 2826/30
f 2868/30 2867/30 2827/30
f 2867/30 2866/30 2828/30
f 2866/30 2846/30 2829/30
f 2846/30 2847/30 2830/30
f 2831/30 2847/30 2848/30
f 2848/30 2849/30 2832/30
f 2833/30 2849/30 2877/30
f 2869/31 2859/31 2868/31
f 2875/31 2853/31 2874/31
f 2866/31 2865/31 2846/31
f 2869/31 2857/31 2858/31
f 2849/31 2863/31 2862/31
f 2873/31 2853/31 2854/31
f 2867/31 2861/31 2866/31
f 2870/31 2856/31 2857/31
f 2877/31 2851/31 2876/31
f 2848/31 2864/31 2863/31
f 2872/31 2854/31 2855/31
f 2867/31 2859/31 2860/31
f 2849/31 2850/31 2877/31
f 2875/31 2851/31 2852/31
f 3700/30 3732/30 3684/30
f 3704/30 3736/30 3680/30
f 3706/30 3738/30 3694/30
f 3699/30 3731/30 3685/30
f 3701/30 3733/30 3683/30
f 3696/30 3728/30 3688/30
f 3690/30 3727/30 3695/30
f 3683/30 3734/30 3702/30
f 3702/30 3734/30 3682/30
f 3695/30 3727/30 3689/30
f 3691/30 3707/30 3675/30
f 3676/30 3708/30 3691/30
f 3692/30 3708/30 3676/30
f 3681/30 3736/30 3704/30
f 3678/30 3710/30 3693/30
f 3677/30 3709/30 3692/30
f 3685/30 3732/30 3700/30
f 3708/31 3726/31 3707/31
f 3688/30 3729/30 3697/30
f 3675/30 3707/30 3690/30
f 3689/30 3728/30 3696/30
f 3687/30 3730/30 3698/30
f 3686/30 3731/30 3699/30
f 3682/30 3735/30 3703/30
f 3698/30 3730/30 3686/30
f 3703/30 3735/30 3681/30
f 3717/31 3733/31 3732/31
f 3693/30 3709/30 3677/30
f 3684/30 3733/30 3701/30
f 3697/30 3729/30 3687/30
f 3680/30 3737/30 3705/30
f 3694/30 3710/30 3678/30
f 3705/30 3737/30 3679/30
f 3679/30 3738/30 3706/30
f 3737/30 3738/30 3679/30
f 3736/30 3737/30 3680/30
f 3681/30 3735/30 3736/30
f 3682/30 3734/30 3735/30
f 3683/30 3733/30 3734/30
f 3684/30 3732/30 3733/30
f 3685/30 3731/30 3732/30
f 3686/30 3730/30 3731/30
f 3730/30 3687/30 3729/30
f 3729/30 3688/30 3728/30
f 3728/30 3689/30 3727/30
f 3727/30 3690/30 3707/30
f 3707/30 3691/30 3708/30
f 3692/30 3709/30 3708/30
f 3709/30 3693/30 3710/30
f 3694/30 3738/30 3710/30
f 3720/31 3730/31 3729/31
f 3714/31 3736/31 3735/31
f 3726/31 3727/31 3707/31
f 3730/31 3718/31 3731/31
f 3710/31 3724/31 3709/31
f 3715/31 3735/31 3734/31
f 3727/31 3721/31 3728/31
f 3718/31 3732/31 3731/31
f 3737/31 3711/31 3738/31
f 3709/31 3725/31 3708/31
f 3716/31 3734/31 3733/31
f 3728/31 3720/31 3729/31
f 3711/31 3710/31 3738/31
f 3713/31 3737/31 3736/31
f 4209/30 4241/30 4193/30
f 4213/30 4245/30 4189/30
f 4215/30 4247/30 4203/30
f 4208/30 4240/30 4194/30
f 4210/30 4242/30 4192/30
f 4205/30 4237/30 4197/30
f 4199/30 4236/30 4204/30
f 4192/30 4243/30 4211/30
f 4211/30 4243/30 4191/30
f 4204/30 4236/30 4198/30
f 4200/30 4216/30 4184/30
f 4185/30 4217/30 4200/30
f 4201/30 4217/30 4185/30
f 4190/30 4245/30 4213/30
f 4187/30 4219/30 4202/30
f 4186/30 4218/30 4201/30
f 4194/30 4241/30 4209/30
f 4234/31 4216/31 4217/31
f 4197/30 4238/30 4206/30
f 4184/30 4216/30 4199/30
f 4198/30 4237/30 4205/30
f 4196/30 4239/30 4207/30
f 4195/30 4240/30 4208/30
f 4191/30 4244/30 4212/30
f 4207/30 4239/30 4195/30
f 4212/30 4244/30 4190/30
f 4241/31 4225/31 4242/31
f 4202/30 4218/30 4186/30
f 4193/30 4242/30 4210/30
f 4206/30 4238/30 4196/30
f 4189/30 4246/30 4214/30
f 4203/30 4219/30 4187/30
f 4214/30 4246/30 4188/30
f 4188/30 4247/30 4215/30
f 4246/30 4247/30 4188/30
f 4245/30 4246/30 4189/30
f 4190/30 4244/30 4245/30
f 4191/30 4243/30 4244/30
f 4192/30 4242/30 4243/30
f 4193/30 4241/30 4242/30
f 4194/30 4240/30 4241/30
f 4195/30 4239/30 4240/30
f 4239/30 4196/30 4238/30
f 4238/30 4197/30 4237/30
f 4237/30 4198/30 4236/30
f 4236/30 4199/30 4216/30
f 4216/30 4200/30 4217/30
f 4201/30 4218/30 4217/30
f 4218/30 4202/30 4219/30
f 4203/30 4247/30 4219/30
f 4229/31 4239/31 4238/31
f 4244/31 4222/31 4245/31
f 4235/31 4236/31 4216/31
f 4239/31 4227/31 4240/31
f 4219/31 4233/31 4218/31
f 4243/31 4223/31 4244/31
f 4231/31 4237/31 4236/31
f 4240/31 4226/31 4241/31
f 4221/31 4247/31 4246/31
f 4218/31 4234/31 4217/31
f 4225/31 4243/31 4242/31
f 4237/31 4229/31 4238/31
f 4220/31 4219/31 4247/31
f 4245/31 4221/31 4246/31
f 2338/31 2337/31 2356/31
f 2363/31 2346/31 2347/31
f 2360/31 2349/31 2350/31
f 2366/31 2343/31 2344/31
f 2357/31 2352/31 2356/31
f 2360/31 2361/31 2348/31
f 2340/31 2339/31 2354/31
f 2365/31 2344/31 2345/31
f 2357/31 2358/31 2351/31
f 2362/31 2347/31 2348/31
f 2367/31 2368/31 2341/31
f 2338/31 2355/31 2354/31
f 2364/31 2345/31 2346/31
f 2358/31 2359/31 2350/31
f 2340/31 2353/31 2341/31
f 2367/31 2342/31 2343/31
f 2847/31 2846/31 2865/31
f 2871/31 2872/31 2855/31
f 2869/31 2858/31 2859/31
f 2875/31 2852/31 2853/31
f 2866/31 2861/31 2865/31
f 2869/31 2870/31 2857/31
f 2849/31 2848/31 2863/31
f 2873/31 2874/31 2853/31
f 2867/31 2860/31 2861/31
f 2870/31 2871/31 2856/31
f 2877/31 2850/31 2851/31
f 2848/31 2847/31 2864/31
f 2872/31 2873/31 2854/31
f 2867/31 2868/31 2859/31
f 2849/31 2862/31 2850/31
f 2875/31 2876/31 2851/31
f 3708/31 3725/31 3726/31
f 3717/31 3716/31 3733/31
f 3720/31 3719/31 3730/31
f 3714/31 3713/31 3736/31
f 3726/31 3722/31 3727/31
f 3730/31 3719/31 3718/31
f 3710/31 3723/31 3724/31
f 3715/31 3714/31 3735/31
f 3727/31 3722/31 3721/31
f 3718/31 3717/31 3732/31
f 3737/31 3712/31 3711/31
f 3709/31 3724/31 3725/31
f 3716/31 3715/31 3734/31
f 3728/31 3721/31 3720/31
f 3711/31 3723/31 3710/31
f 3713/31 3712/31 3737/31
f 4234/31 4235/31 4216/31
f 4241/31 4226/31 4225/31
f 4229/31 4228/31 4239/31
f 4244/31 4223/31 4222/31
f 4235/31 4231/31 4236/31
f 4239/31 4228/31 4227/31
f 4219/31 4232/31 4233/31
f 4243/31 4224/31 4223/31
f 4231/31 4230/31 4237/31
f 4240/31 4227/31 4226/31
f 4221/31 4220/31 4247/31
f 4218/31 4233/31 4234/31
f 4225/31 4224/31 4243/31
f 4237/31 4230/31 4229/31
f 4220/31 4232/31 4219/31
f 4245/31 4222/31 4221/31
f 1579/32 1619/32 1691/32
f 1585/32 1614/32 1553/32
f 1595/32 1574/32 1572/32
f 1578/32 1621/32 1546/32
f 1585/32 1613/32 1697/32
f 1592/32 1564/32 1575/32
f 1591/32 1608/32 1559/32
f 1578/32 1620/32 1690/32
f 1584/32 1615/32 1552/32
f 1591/32 1623/32 1703/32
f 1606/32 1562/32 1605/32
f 1577/32 1622/32 1545/32
f 1584/32 1614/32 1696/32
f 1590/32 1609/32 1558/32
f 1577/32 1621/32 1689/32
f 1600/32 1565/32 1602/32
f 1583/32 1616/32 1551/32
f 1590/32 1608/32 1702/32
f 1576/32 1623/32 1544/32
f 1583/32 1615/32 1695/32
f 1596/32 1569/32 1598/32
f 1589/32 1610/32 1557/32
f 1576/32 1622/32 1688/32
f 1582/32 1617/32 1550/32
f 1589/32 1609/32 1701/32
f 1594/32 1571/32 1596/32
f 1582/32 1616/32 1694/32
f 1588/32 1611/32 1556/32
f 1581/32 1618/32 1549/32
f 1588/32 1610/32 1700/32
f 1607/32 1561/32 1606/32
f 1581/32 1617/32 1693/32
f 1587/32 1612/32 1555/32
f 1580/32 1619/32 1548/32
f 1587/32 1611/32 1699/32
f 1604/32 1566/32 1563/32
f 1580/32 1618/32 1692/32
f 1586/32 1613/32 1554/32
f 1707/32 1578/32 1754/32
f 1762/32 1555/32 1586/32
f 1708/32 1579/32 1755/32
f 1716/32 1587/32 1763/32
f 1709/32 1580/32 1756/32
f 1717/32 1588/32 1764/32
f 1710/32 1581/32 1757/32
f 1718/32 1589/32 1765/32
f 1711/32 1582/32 1758/32
f 1719/32 1590/32 1766/32
f 1712/32 1583/32 1759/32
f 1752/32 1545/32 1576/32
f 1704/32 1576/32 1544/32
f 1591/32 1704/32 1544/32
f 1719/32 1591/32 1559/32
f 1760/32 1553/32 1584/32
f 1712/32 1584/32 1552/32
f 1705/32 1577/32 1545/32
f 1706/32 1577/32 1753/32
f 1713/32 1585/32 1553/32
f 1706/32 1578/32 1546/32
f 1714/32 1586/32 1554/32
f 1707/32 1579/32 1547/32
f 1715/32 1587/32 1555/32
f 1708/32 1580/32 1548/32
f 1716/32 1588/32 1556/32
f 1709/32 1581/32 1549/32
f 1717/32 1589/32 1557/32
f 1710/32 1582/32 1550/32
f 1718/32 1590/32 1558/32
f 1711/32 1583/32 1551/32
f 1725/32 1838/32 1678/32
f 1658/32 1624/32 1655/32
f 1657/32 1639/32 1640/32
f 1656/32 1638/32 1641/32
f 1661/32 1637/32 1642/32
f 1663/32 1636/32 1643/32
f 1665/32 1635/32 1644/32
f 1667/32 1634/32 1645/32
f 1669/32 1633/32 1646/32
f 1671/32 1632/32 1647/32
f 1660/32 1631/32 1648/32
f 1659/32 1630/32 1649/32
f 1662/32 1629/32 1650/32
f 1664/32 1628/32 1651/32
f 1666/32 1627/32 1652/32
f 1668/32 1626/32 1653/32
f 1670/32 1625/32 1654/32
f 1658/32 1657/32 1624/32
f 1657/32 1640/32 1624/32
f 1657/32 1656/32 1639/32
f 1656/32 1641/32 1639/32
f 1656/32 1661/32 1638/32
f 1661/32 1642/32 1638/32
f 1661/32 1663/32 1637/32
f 1663/32 1643/32 1637/32
f 1663/32 1665/32 1636/32
f 1665/32 1644/32 1636/32
f 1665/32 1667/32 1635/32
f 1667/32 1645/32 1635/32
f 1667/32 1669/32 1634/32
f 1669/32 1646/32 1634/32
f 1669/32 1671/32 1633/32
f 1671/32 1647/32 1633/32
f 1671/32 1660/32 1632/32
f 1660/32 1648/32 1632/32
f 1660/32 1659/32 1631/32
f 1659/32 1649/32 1631/32
f 1659/32 1662/32 1630/32
f 1662/32 1650/32 1630/32
f 1662/32 1664/32 1629/32
f 1664/32 1651/32 1629/32
f 1664/32 1666/32 1628/32
f 1666/32 1652/32 1628/32
f 1666/32 1668/32 1627/32
f 1668/32 1653/32 1627/32
f 1668/32 1670/32 1626/32
f 1670/32 1654/32 1626/32
f 1670/32 1658/32 1625/32
f 1658/32 1655/32 1625/32
f 1677/32 1651/32 1724/32
f 1643/32 1684/32 1732/32
f 1650/32 1677/32 1725/32
f 1683/32 1645/32 1730/32
f 1676/32 1652/32 1723/32
f 1644/32 1683/32 1731/32
f 1651/32 1676/32 1724/32
f 1682/32 1646/32 1729/32
f 1670/32 1662/32 1669/32
f 1675/32 1653/32 1722/32
f 1645/32 1682/32 1730/32
f 1652/32 1675/32 1723/32
f 1681/32 1647/32 1728/32
f 1674/32 1654/32 1721/32
f 1646/32 1681/32 1729/32
f 1687/32 1641/32 1734/32
f 1653/32 1674/32 1722/32
f 1680/32 1648/32 1727/32
f 1640/32 1687/32 1735/32
f 1673/32 1655/32 1720/32
f 1647/32 1680/32 1728/32
f 1686/32 1642/32 1733/32
f 1654/32 1673/32 1721/32
f 1679/32 1649/32 1726/32
f 1641/32 1686/32 1734/32
f 1672/32 1640/32 1735/32
f 1648/32 1679/32 1727/32
f 1685/32 1643/32 1732/32
f 1655/32 1672/32 1720/32
f 1678/32 1650/32 1725/32
f 1642/32 1685/32 1733/32
f 1649/32 1678/32 1726/32
f 1684/32 1644/32 1731/32
f 1818/32 1815/32 1736/32
f 1817/32 1800/32 1751/32
f 1816/32 1801/32 1750/32
f 1821/32 1802/32 1749/32
f 1823/32 1803/32 1748/32
f 1825/32 1804/32 1747/32
f 1827/32 1805/32 1746/32
f 1829/32 1806/32 1745/32
f 1831/32 1807/32 1744/32
f 1820/32 1808/32 1743/32
f 1819/32 1809/32 1742/32
f 1822/32 1810/32 1741/32
f 1824/32 1811/32 1740/32
f 1826/32 1812/32 1739/32
f 1828/32 1813/32 1738/32
f 1830/32 1814/32 1737/32
f 1818/32 1736/32 1817/32
f 1817/32 1736/32 1800/32
f 1817/32 1751/32 1816/32
f 1816/32 1751/32 1801/32
f 1816/32 1750/32 1821/32
f 1821/32 1750/32 1802/32
f 1821/32 1749/32 1823/32
f 1823/32 1749/32 1803/32
f 1823/32 1748/32 1825/32
f 1825/32 1748/32 1804/32
f 1825/32 1747/32 1827/32
f 1827/32 1747/32 1805/32
f 1827/32 1746/32 1829/32
f 1829/32 1746/32 1806/32
f 1579/32 1620/32 1547/32
f 1586/32 1612/32 1698/32
f 1599/32 1570/32 1568/32
f 1602/32 1560/32 1607/32
f 1600/32 1569/32 1567/32
f 1595/32 1570/32 1597/32
f 1593/32 1562/32 1574/32
f 1604/32 1564/32 1603/32
f 1601/32 1568/32 1566/32
f 1592/32 1573/32 1594/32
f 1605/32 1702/32 1608/32
f 1593/32 1702/32 1605/32
f 1593/32 1701/32 1609/32
f 1595/32 1701/32 1593/32
f 1595/32 1700/32 1610/32
f 1597/32 1700/32 1595/32
f 1597/32 1699/32 1611/32
f 1599/32 1699/32 1597/32
f 1599/32 1698/32 1612/32
f 1601/32 1698/32 1599/32
f 1601/32 1697/32 1613/32
f 1604/32 1697/32 1601/32
f 1604/32 1696/32 1614/32
f 1603/32 1696/32 1604/32
f 1603/32 1695/32 1615/32
f 1592/32 1695/32 1603/32
f 1592/32 1694/32 1616/32
f 1594/32 1694/32 1592/32
f 1594/32 1693/32 1617/32
f 1596/32 1693/32 1594/32
f 1596/32 1692/32 1618/32
f 1598/32 1692/32 1596/32
f 1598/32 1691/32 1619/32
f 1600/32 1691/32 1598/32
f 1600/32 1690/32 1620/32
f 1602/32 1690/32 1600/32
f 1602/32 1689/32 1621/32
f 1607/32 1689/32 1602/32
f 1607/32 1688/32 1622/32
f 1606/32 1688/32 1607/32
f 1606/32 1703/32 1623/32
f 1605/32 1703/32 1606/32
f 1593/32 1609/32 1702/32
f 1595/32 1610/32 1701/32
f 1597/32 1611/32 1700/32
f 1599/32 1612/32 1699/32
f 1601/32 1613/32 1698/32
f 1604/32 1614/32 1697/32
f 1603/32 1615/32 1696/32
f 1592/32 1616/32 1695/32
f 1594/32 1617/32 1694/32
f 1596/32 1618/32 1693/32
f 1598/32 1619/32 1692/32
f 1600/32 1620/32 1691/32
f 1602/32 1621/32 1690/32
f 1607/32 1622/32 1689/32
f 1606/32 1623/32 1688/32
f 1605/32 1608/32 1703/32
f 1755/32 1795/32 1708/32
f 1790/32 1761/32 1713/32
f 1797/32 1754/32 1706/32
f 1761/32 1789/32 1714/32
f 1784/32 1767/32 1719/32
f 1754/32 1796/32 1707/32
f 1791/32 1760/32 1712/32
f 1767/32 1799/32 1704/32
f 1798/32 1753/32 1705/32
f 1760/32 1790/32 1713/32
f 1785/32 1766/32 1718/32
f 1753/32 1797/32 1706/32
f 1792/32 1759/32 1711/32
f 1766/32 1784/32 1719/32
f 1799/32 1752/32 1704/32
f 1759/32 1791/32 1712/32
f 1786/32 1765/32 1717/32
f 1752/32 1798/32 1705/32
f 1793/32 1758/32 1710/32
f 1765/32 1785/32 1718/32
f 1758/32 1792/32 1711/32
f 1787/32 1764/32 1716/32
f 1794/32 1757/32 1709/32
f 1764/32 1786/32 1717/32
f 1757/32 1793/32 1710/32
f 1788/32 1763/32 1715/32
f 1795/32 1756/32 1708/32
f 1763/32 1787/32 1716/32
f 1756/32 1794/32 1709/32
f 1789/32 1762/32 1714/32
f 1829/32 1745/32 1831/32
f 1831/32 1745/32 1807/32
f 1831/32 1744/32 1820/32
f 1820/32 1744/32 1808/32
f 1820/32 1743/32 1819/32
f 1819/32 1743/32 1809/32
f 1819/32 1742/32 1822/32
f 1822/32 1742/32 1810/32
f 1822/32 1741/32 1824/32
f 1824/32 1741/32 1811/32
f 1824/32 1740/32 1826/32
f 1826/32 1740/32 1812/32
f 1826/32 1739/32 1828/32
f 1828/32 1739/32 1813/32
f 1828/32 1738/32 1830/32
f 1830/32 1738/32 1814/32
f 1830/32 1737/32 1818/32
f 1818/32 1737/32 1815/32
f 1831/32 1850/32 1829/32
f 1822/32 1855/32 1857/32
f 1819/32 1859/32 1820/32
f 1830/32 1861/32 1849/32
f 1828/32 1853/32 1826/32
f 1823/32 1854/32 1856/32
f 1816/32 1858/32 1863/32
f 1824/32 1853/32 1855/32
f 1837/32 1811/32 1741/32
f 1844/32 1803/32 1876/32
f 1728/32 1840/32 1872/32
f 1865/32 1673/32 1833/32
f 1729/32 1841/32 1873/32
f 1722/32 1834/32 1866/32
f 1730/32 1842/32 1874/32
f 1723/32 1835/32 1867/32
f 1731/32 1843/32 1875/32
f 1724/32 1836/32 1868/32
f 1732/32 1844/32 1876/32
f 1725/32 1837/32 1869/32
f 1733/32 1845/32 1877/32
f 1726/32 1838/32 1870/32
f 1733/32 1846/32 1686/32
f 1734/32 1846/32 1878/32
f 1727/32 1839/32 1871/32
f 1679/32 1870/32 1839/32
f 1720/32 1832/32 1864/32
f 1672/32 1879/32 1832/32
f 1735/32 1847/32 1879/32
f 1687/32 1878/32 1847/32
f 1727/32 1840/32 1680/32
f 1720/32 1833/32 1673/32
f 1728/32 1841/32 1681/32
f 1721/32 1834/32 1674/32
f 1729/32 1842/32 1682/32
f 1722/32 1835/32 1675/32
f 1730/32 1843/32 1683/32
f 1723/32 1836/32 1676/32
f 1731/32 1844/32 1684/32
f 1724/32 1837/32 1677/32
f 1732/32 1845/32 1685/32
f 1837/32 1810/32 1869/32
f 1843/32 1805/32 1747/32
f 1819/32 1857/32 1860/32
f 1836/32 1812/32 1740/32
f 1843/32 1804/32 1875/32
f 1836/32 1811/32 1868/32
f 1842/32 1806/32 1746/32
f 1816/32 1862/32 1817/32
f 1835/32 1813/32 1739/32
f 1842/32 1805/32 1874/32
f 1835/32 1812/32 1867/32
f 1841/32 1807/32 1745/32
f 1829/32 1852/32 1827/32
f 1834/32 1814/32 1738/32
f 1841/32 1806/32 1873/32
f 1847/32 1801/32 1751/32
f 1834/32 1813/32 1866/32
f 1827/32 1854/32 1825/32
f 1840/32 1808/32 1744/32
f 1847/32 1800/32 1879/32
f 1833/32 1815/32 1737/32
f 1840/32 1807/32 1872/32
f 1821/32 1856/32 1858/32
f 1846/32 1802/32 1750/32
f 1833/32 1814/32 1865/32
f 1839/32 1809/32 1743/32
f 1846/32 1801/32 1878/32
f 1818/32 1862/32 1861/32
f 1832/32 1800/32 1736/32
f 1839/32 1808/32 1871/32
f 1845/32 1803/32 1749/32
f 1832/32 1815/32 1864/32
f 1831/32 1859/32 1848/32
f 1838/32 1810/32 1742/32
f 1845/32 1802/32 1877/32
f 1828/32 1849/32 1851/32
f 1838/32 1809/32 1870/32
f 1796/32 1755/32 1707/32
f 1762/32 1788/32 1715/32
f 1782/32 1773/32 1779/32
f 1781/32 1784/32 1894/32
f 1769/32 1781/32 1894/32
f 1769/32 1785/32 1893/32
f 1771/32 1769/32 1893/32
f 1771/32 1786/32 1892/32
f 1773/32 1771/32 1892/32
f 1773/32 1787/32 1891/32
f 1775/32 1773/32 1891/32
f 1775/32 1788/32 1890/32
f 1777/32 1775/32 1890/32
f 1777/32 1789/32 1889/32
f 1780/32 1777/32 1889/32
f 1780/32 1790/32 1888/32
f 1779/32 1780/32 1888/32
f 1779/32 1791/32 1887/32
f 1768/32 1779/32 1887/32
f 1768/32 1792/32 1886/32
f 1770/32 1768/32 1886/32
f 1770/32 1793/32 1885/32
f 1772/32 1770/32 1885/32
f 1772/32 1794/32 1884/32
f 1774/32 1772/32 1884/32
f 1774/32 1795/32 1883/32
f 1776/32 1774/32 1883/32
f 1776/32 1796/32 1882/32
f 1778/32 1776/32 1882/32
f 1778/32 1797/32 1881/32
f 1783/32 1778/32 1881/32
f 1783/32 1798/32 1880/32
f 1782/32 1783/32 1880/32
f 1782/32 1799/32 1895/32
f 1781/32 1782/32 1895/32
f 1769/32 1894/32 1785/32
f 1771/32 1893/32 1786/32
f 1773/32 1892/32 1787/32
f 1775/32 1891/32 1788/32
f 1777/32 1890/32 1789/32
f 1780/32 1889/32 1790/32
f 1779/32 1888/32 1791/32
f 1768/32 1887/32 1792/32
f 1770/32 1886/32 1793/32
f 1772/32 1885/32 1794/32
f 1774/32 1884/32 1795/32
f 1776/32 1883/32 1796/32
f 1778/32 1882/32 1797/32
f 1783/32 1881/32 1798/32
f 1782/32 1880/32 1799/32
f 1781/32 1895/32 1784/32
f 1714/32 1585/32 1761/32
f 1844/32 1804/32 1748/32
f 2949/32 2989/32 2918/32
f 2984/32 2955/32 2923/32
f 2965/32 2944/32 2963/32
f 2991/32 2948/32 2916/32
f 2955/32 2983/32 2924/32
f 2962/32 2934/32 2973/32
f 2978/32 2961/32 2929/32
f 2948/32 2990/32 2917/32
f 2985/32 2954/32 2922/32
f 2961/32 2993/32 2914/32
f 2932/32 2976/32 2975/32
f 2992/32 2947/32 2915/32
f 2954/32 2984/32 2923/32
f 2979/32 2960/32 2928/32
f 2947/32 2991/32 2916/32
f 2935/32 2970/32 2972/32
f 2986/32 2953/32 2921/32
f 2960/32 2978/32 2929/32
f 2993/32 2946/32 2914/32
f 2953/32 2985/32 2922/32
f 2939/32 2966/32 2968/32
f 2980/32 2959/32 2927/32
f 2946/32 2992/32 2915/32
f 2987/32 2952/32 2920/32
f 2959/32 2979/32 2928/32
f 2941/32 2964/32 2966/32
f 2952/32 2986/32 2921/32
f 2981/32 2958/32 2926/32
f 2988/32 2951/32 2919/32
f 2958/32 2980/32 2927/32
f 2931/32 2977/32 2976/32
f 2951/32 2987/32 2920/32
f 2982/32 2957/32 2925/32
f 2989/32 2950/32 2918/32
f 2957/32 2981/32 2926/32
f 2974/32 2936/32 2971/32
f 2950/32 2988/32 2919/32
f 2983/32 2956/32 2924/32
f 2948/32 3077/32 3124/32
f 3132/32 2925/32 3085/32
f 2949/32 3078/32 3125/32
f 2957/32 3086/32 3133/32
f 2950/32 3079/32 3126/32
f 2958/32 3087/32 3134/32
f 2951/32 3080/32 3127/32
f 2959/32 3088/32 3135/32
f 2952/32 3081/32 3128/32
f 2960/32 3089/32 3136/32
f 2953/32 3082/32 3129/32
f 2915/32 3122/32 2946/32
f 2946/32 3074/32 2914/32
f 2914/32 3137/32 2961/32
f 2961/32 3089/32 2929/32
f 2923/32 3130/32 2954/32
f 2954/32 3082/32 2922/32
f 2947/32 3075/32 2915/32
f 2947/32 3076/32 3123/32
f 2955/32 3083/32 2923/32
f 2948/32 3076/32 2916/32
f 2956/32 3084/32 2924/32
f 2949/32 3077/32 2917/32
f 2957/32 3085/32 2925/32
f 2950/32 3078/32 2918/32
f 2958/32 3086/32 2926/32
f 2951/32 3079/32 2919/32
f 2959/32 3087/32 2927/32
f 2952/32 3080/32 2920/32
f 2960/32 3088/32 2928/32
f 2953/32 3081/32 2921/32
f 3208/32 3095/32 3048/32
f 3028/32 3025/32 2994/32
f 3027/32 3010/32 3009/32
f 3026/32 3011/32 3008/32
f 3031/32 3012/32 3007/32
f 3033/32 3013/32 3006/32
f 3035/32 3014/32 3005/32
f 3037/32 3015/32 3004/32
f 3039/32 3016/32 3003/32
f 3041/32 3017/32 3002/32
f 3030/32 3018/32 3001/32
f 3029/32 3019/32 3000/32
f 3032/32 3020/32 2999/32
f 3034/32 3021/32 2998/32
f 3036/32 3022/32 2997/32
f 3038/32 3023/32 2996/32
f 3040/32 3024/32 2995/32
f 3028/32 2994/32 3027/32
f 3027/32 2994/32 3010/32
f 3027/32 3009/32 3026/32
f 3026/32 3009/32 3011/32
f 3026/32 3008/32 3031/32
f 3031/32 3008/32 3012/32
f 3031/32 3007/32 3033/32
f 3033/32 3007/32 3013/32
f 3033/32 3006/32 3035/32
f 3035/32 3006/32 3014/32
f 3035/32 3005/32 3037/32
f 3037/32 3005/32 3015/32
f 3037/32 3004/32 3039/32
f 3039/32 3004/32 3016/32
f 3039/32 3003/32 3041/32
f 3041/32 3003/32 3017/32
f 3041/32 3002/32 3030/32
f 3030/32 3002/32 3018/32
f 3030/32 3001/32 3029/32
f 3029/32 3001/32 3019/32
f 3029/32 3000/32 3032/32
f 3032/32 3000/32 3020/32
f 3032/32 2999/32 3034/32
f 3034/32 2999/32 3021/32
f 3034/32 2998/32 3036/32
f 3036/32 2998/32 3022/32
f 3036/32 2997/32 3038/32
f 3038/32 2997/32 3023/32
f 3038/32 2996/32 3040/32
f 3040/32 2996/32 3024/32
f 3040/32 2995/32 3028/32
f 3028/32 2995/32 3025/32
f 3047/32 3021/32 2999/32
f 3054/32 3013/32 3102/32
f 3047/32 3020/32 3095/32
f 3053/32 3015/32 3005/32
f 3046/32 3022/32 2998/32
f 3053/32 3014/32 3101/32
f 3046/32 3021/32 3094/32
f 3052/32 3016/32 3004/32
f 3027/32 3035/32 3030/32
f 3045/32 3023/32 2997/32
f 3052/32 3015/32 3100/32
f 3045/32 3022/32 3093/32
f 3051/32 3017/32 3003/32
f 3044/32 3024/32 2996/32
f 3051/32 3016/32 3099/32
f 3057/32 3011/32 3009/32
f 3044/32 3023/32 3092/32
f 3050/32 3018/32 3002/32
f 3057/32 3010/32 3105/32
f 3043/32 3025/32 2995/32
f 3050/32 3017/32 3098/32
f 3056/32 3012/32 3008/32
f 3043/32 3024/32 3091/32
f 3049/32 3019/32 3001/32
f 3056/32 3011/32 3104/32
f 3042/32 3010/32 2994/32
f 3049/32 3018/32 3097/32
f 3055/32 3013/32 3007/32
f 3042/32 3025/32 3090/32
f 3048/32 3020/32 3000/32
f 3055/32 3012/32 3103/32
f 3048/32 3019/32 3096/32
f 3054/32 3014/32 3006/32
f 3188/32 3106/32 3185/32
f 3187/32 3121/32 3170/32
f 3186/32 3120/32 3171/32
f 3191/32 3119/32 3172/32
f 3193/32 3118/32 3173/32
f 3195/32 3117/32 3174/32
f 3197/32 3116/32 3175/32
f 3199/32 3115/32 3176/32
f 3201/32 3114/32 3177/32
f 3190/32 3113/32 3178/32
f 3189/32 3112/32 3179/32
f 3192/32 3111/32 3180/32
f 3194/32 3110/32 3181/32
f 3196/32 3109/32 3182/32
f 3198/32 3108/32 3183/32
f 3200/32 3107/32 3184/32
f 3188/32 3187/32 3106/32
f 3187/32 3170/32 3106/32
f 3187/32 3186/32 3121/32
f 3186/32 3171/32 3121/32
f 3186/32 3191/32 3120/32
f 3191/32 3172/32 3120/32
f 3191/32 3193/32 3119/32
f 3193/32 3173/32 3119/32
f 3193/32 3195/32 3118/32
f 3195/32 3174/32 3118/32
f 3195/32 3197/32 3117/32
f 3197/32 3175/32 3117/32
f 3197/32 3199/32 3116/32
f 3199/32 3176/32 3116/32
f 2990/32 2949/32 2917/32
f 2956/32 2982/32 2925/32
f 2969/32 2940/32 2967/32
f 2930/32 2972/32 2977/32
f 2970/32 2939/32 2968/32
f 2940/32 2965/32 2967/32
f 2963/32 2932/32 2975/32
f 2934/32 2974/32 2973/32
f 2971/32 2938/32 2969/32
f 2943/32 2962/32 2964/32
f 2975/32 2978/32 3072/32
f 2963/32 2975/32 3072/32
f 2963/32 2979/32 3071/32
f 2965/32 2963/32 3071/32
f 2965/32 2980/32 3070/32
f 2967/32 2965/32 3070/32
f 2967/32 2981/32 3069/32
f 2969/32 2967/32 3069/32
f 2969/32 2982/32 3068/32
f 2971/32 2969/32 3068/32
f 2971/32 2983/32 3067/32
f 2974/32 2971/32 3067/32
f 2974/32 2984/32 3066/32
f 2973/32 2974/32 3066/32
f 2973/32 2985/32 3065/32
f 2962/32 2973/32 3065/32
f 2962/32 2986/32 3064/32
f 2964/32 2962/32 3064/32
f 2964/32 2987/32 3063/32
f 2966/32 2964/32 3063/32
f 2966/32 2988/32 3062/32
f 2968/32 2966/32 3062/32
f 2968/32 2989/32 3061/32
f 2970/32 2968/32 3061/32
f 2970/32 2990/32 3060/32
f 2972/32 2970/32 3060/32
f 2972/32 2991/32 3059/32
f 2977/32 2972/32 3059/32
f 2977/32 2992/32 3058/32
f 2976/32 2977/32 3058/32
f 2976/32 2993/32 3073/32
f 2975/32 2976/32 3073/32
f 2963/32 3072/32 2979/32
f 2965/32 3071/32 2980/32
f 2967/32 3070/32 2981/32
f 2969/32 3069/32 2982/32
f 2971/32 3068/32 2983/32
f 2974/32 3067/32 2984/32
f 2973/32 3066/32 2985/32
f 2962/32 3065/32 2986/32
f 2964/32 3064/32 2987/32
f 2966/32 3063/32 2988/32
f 2968/32 3062/32 2989/32
f 2970/32 3061/32 2990/32
f 2972/32 3060/32 2991/32
f 2977/32 3059/32 2992/32
f 2976/32 3058/32 2993/32
f 2975/32 3073/32 2978/32
f 3125/32 3165/32 3253/32
f 3131/32 3160/32 3083/32
f 3124/32 3167/32 3076/32
f 3131/32 3159/32 3259/32
f 3137/32 3154/32 3089/32
f 3124/32 3166/32 3252/32
f 3130/32 3161/32 3082/32
f 3137/32 3169/32 3265/32
f 3123/32 3168/32 3075/32
f 3130/32 3160/32 3258/32
f 3136/32 3155/32 3088/32
f 3123/32 3167/32 3251/32
f 3129/32 3162/32 3081/32
f 3136/32 3154/32 3264/32
f 3122/32 3169/32 3074/32
f 3129/32 3161/32 3257/32
f 3135/32 3156/32 3087/32
f 3122/32 3168/32 3250/32
f 3128/32 3163/32 3080/32
f 3135/32 3155/32 3263/32
f 3128/32 3162/32 3256/32
f 3134/32 3157/32 3086/32
f 3127/32 3164/32 3079/32
f 3134/32 3156/32 3262/32
f 3127/32 3163/32 3255/32
f 3133/32 3158/32 3085/32
f 3126/32 3165/32 3078/32
f 3133/32 3157/32 3261/32
f 3126/32 3164/32 3254/32
f 3132/32 3159/32 3084/32
f 3199/32 3201/32 3115/32
f 3201/32 3177/32 3115/32
f 3201/32 3190/32 3114/32
f 3190/32 3178/32 3114/32
f 3190/32 3189/32 3113/32
f 3189/32 3179/32 3113/32
f 3189/32 3192/32 3112/32
f 3192/32 3180/32 3112/32
f 3192/32 3194/32 3111/32
f 3194/32 3181/32 3111/32
f 3194/32 3196/32 3110/32
f 3196/32 3182/32 3110/32
f 3196/32 3198/32 3109/32
f 3198/32 3183/32 3109/32
f 3198/32 3200/32 3108/32
f 3200/32 3184/32 3108/32
f 3200/32 3188/32 3107/32
f 3188/32 3185/32 3107/32
f 3220/32 3201/32 3199/32
f 3192/32 3225/32 3194/32
f 3229/32 3189/32 3190/32
f 3200/32 3231/32 3188/32
f 3223/32 3198/32 3196/32
f 3193/32 3224/32 3195/32
f 3186/32 3228/32 3191/32
f 3194/32 3223/32 3196/32
f 3207/32 3181/32 3238/32
f 3173/32 3214/32 3246/32
f 3210/32 3098/32 3242/32
f 3235/32 3043/32 3091/32
f 3211/32 3099/32 3243/32
f 3204/32 3092/32 3236/32
f 3212/32 3100/32 3244/32
f 3205/32 3093/32 3237/32
f 3213/32 3101/32 3245/32
f 3206/32 3094/32 3238/32
f 3214/32 3102/32 3246/32
f 3207/32 3095/32 3239/32
f 3215/32 3103/32 3247/32
f 3208/32 3096/32 3240/32
f 3216/32 3103/32 3056/32
f 3216/32 3104/32 3248/32
f 3209/32 3097/32 3241/32
f 3240/32 3049/32 3209/32
f 3202/32 3090/32 3234/32
f 3249/32 3042/32 3202/32
f 3217/32 3105/32 3249/32
f 3248/32 3057/32 3217/32
f 3210/32 3097/32 3050/32
f 3203/32 3090/32 3043/32
f 3211/32 3098/32 3051/32
f 3204/32 3091/32 3044/32
f 3212/32 3099/32 3052/32
f 3205/32 3092/32 3045/32
f 3213/32 3100/32 3053/32
f 3206/32 3093/32 3046/32
f 3214/32 3101/32 3054/32
f 3207/32 3094/32 3047/32
f 3215/32 3102/32 3055/32
f 3180/32 3207/32 3239/32
f 3213/32 3175/32 3244/32
f 3189/32 3227/32 3192/32
f 3206/32 3182/32 3237/32
f 3174/32 3213/32 3245/32
f 3181/32 3206/32 3238/32
f 3212/32 3176/32 3243/32
f 3232/32 3186/32 3187/32
f 3205/32 3183/32 3236/32
f 3175/32 3212/32 3244/32
f 3182/32 3205/32 3237/32
f 3211/32 3177/32 3242/32
f 3222/32 3199/32 3197/32
f 3204/32 3184/32 3235/32
f 3176/32 3211/32 3243/32
f 3217/32 3171/32 3248/32
f 3183/32 3204/32 3236/32
f 3224/32 3197/32 3195/32
f 3210/32 3178/32 3241/32
f 3170/32 3217/32 3249/32
f 3203/32 3185/32 3234/32
f 3177/32 3210/32 3242/32
f 3191/32 3226/32 3193/32
f 3216/32 3172/32 3247/32
f 3184/32 3203/32 3235/32
f 3209/32 3179/32 3240/32
f 3171/32 3216/32 3248/32
f 3188/32 3232/32 3187/32
f 3202/32 3170/32 3249/32
f 3178/32 3209/32 3241/32
f 3215/32 3173/32 3246/32
f 3185/32 3202/32 3234/32
f 3201/32 3229/32 3190/32
f 3208/32 3180/32 3239/32
f 3172/32 3215/32 3247/32
f 3198/32 3219/32 3200/32
f 3179/32 3208/32 3240/32
f 3125/32 3166/32 3077/32
f 3132/32 3158/32 3260/32
f 3140/32 3147/32 3139/32
f 3151/32 3264/32 3154/32
f 3139/32 3264/32 3151/32
f 3139/32 3263/32 3155/32
f 3141/32 3263/32 3139/32
f 3141/32 3262/32 3156/32
f 3143/32 3262/32 3141/32
f 3143/32 3261/32 3157/32
f 3145/32 3261/32 3143/32
f 3145/32 3260/32 3158/32
f 3147/32 3260/32 3145/32
f 3147/32 3259/32 3159/32
f 3150/32 3259/32 3147/32
f 3150/32 3258/32 3160/32
f 3149/32 3258/32 3150/32
f 3149/32 3257/32 3161/32
f 3138/32 3257/32 3149/32
f 3138/32 3256/32 3162/32
f 3140/32 3256/32 3138/32
f 3140/32 3255/32 3163/32
f 3142/32 3255/32 3140/32
f 3142/32 3254/32 3164/32
f 3144/32 3254/32 3142/32
f 3144/32 3253/32 3165/32
f 3146/32 3253/32 3144/32
f 3146/32 3252/32 3166/32
f 3148/32 3252/32 3146/32
f 3148/32 3251/32 3167/32
f 3153/32 3251/32 3148/32
f 3153/32 3250/32 3168/32
f 3152/32 3250/32 3153/32
f 3152/32 3265/32 3169/32
f 3151/32 3265/32 3152/32
f 3139/32 3155/32 3264/32
f 3141/32 3156/32 3263/32
f 3143/32 3157/32 3262/32
f 3145/32 3158/32 3261/32
f 3147/32 3159/32 3260/32
f 3150/32 3160/32 3259/32
f 3149/32 3161/32 3258/32
f 3138/32 3162/32 3257/32
f 3140/32 3163/32 3256/32
f 3142/32 3164/32 3255/32
f 3144/32 3165/32 3254/32
f 3146/32 3166/32 3253/32
f 3148/32 3167/32 3252/32
f 3153/32 3168/32 3251/32
f 3152/32 3169/32 3250/32
f 3151/32 3154/32 3265/32
f 2955/32 3084/32 3131/32
f 3214/32 3174/32 3245/32
f 1579/32 1548/32 1619/32
f 1585/32 1697/32 1614/32
f 1595/32 1593/32 1574/32
f 1578/32 1690/32 1621/32
f 1585/32 1554/32 1613/32
f 1592/32 1603/32 1564/32
f 1591/32 1703/32 1608/32
f 1578/32 1547/32 1620/32
f 1584/32 1696/32 1615/32
f 1591/32 1544/32 1623/32
f 1606/32 1561/32 1562/32
f 1577/32 1689/32 1622/32
f 1584/32 1553/32 1614/32
f 1590/32 1702/32 1609/32
f 1577/32 1546/32 1621/32
f 1600/32 1567/32 1565/32
f 1583/32 1695/32 1616/32
f 1590/32 1559/32 1608/32
f 1576/32 1688/32 1623/32
f 1583/32 1552/32 1615/32
f 1596/32 1571/32 1569/32
f 1589/32 1701/32 1610/32
f 1576/32 1545/32 1622/32
f 1582/32 1694/32 1617/32
f 1589/32 1558/32 1609/32
f 1594/32 1573/32 1571/32
f 1582/32 1551/32 1616/32
f 1588/32 1700/32 1611/32
f 1581/32 1693/32 1618/32
f 1588/32 1557/32 1610/32
f 1607/32 1560/32 1561/32
f 1581/32 1550/32 1617/32
f 1587/32 1699/32 1612/32
f 1580/32 1692/32 1619/32
f 1587/32 1556/32 1611/32
f 1604/32 1601/32 1566/32
f 1580/32 1549/32 1618/32
f 1586/32 1698/32 1613/32
f 1707/32 1547/32 1578/32
f 1762/32 1715/32 1555/32
f 1708/32 1548/32 1579/32
f 1716/32 1556/32 1587/32
f 1709/32 1549/32 1580/32
f 1717/32 1557/32 1588/32
f 1710/32 1550/32 1581/32
f 1718/32 1558/32 1589/32
f 1711/32 1551/32 1582/32
f 1719/32 1559/32 1590/32
f 1712/32 1552/32 1583/32
f 1752/32 1705/32 1545/32
f 1704/32 1752/32 1576/32
f 1591/32 1767/32 1704/32
f 1719/32 1767/32 1591/32
f 1760/32 1713/32 1553/32
f 1712/32 1760/32 1584/32
f 1705/32 1753/32 1577/32
f 1706/32 1546/32 1577/32
f 1713/32 1761/32 1585/32
f 1706/32 1754/32 1578/32
f 1714/32 1762/32 1586/32
f 1707/32 1755/32 1579/32
f 1715/32 1763/32 1587/32
f 1708/32 1756/32 1580/32
f 1716/32 1764/32 1588/32
f 1709/32 1757/32 1581/32
f 1717/32 1765/32 1589/32
f 1710/32 1758/32 1582/32
f 1718/32 1766/32 1590/32
f 1711/32 1759/32 1583/32
f 1725/32 1869/32 1838/32
f 1677/32 1629/32 1651/32
f 1643/32 1636/32 1684/32
f 1650/32 1629/32 1677/32
f 1683/32 1635/32 1645/32
f 1676/32 1628/32 1652/32
f 1644/32 1635/32 1683/32
f 1651/32 1628/32 1676/32
f 1682/32 1634/32 1646/32
f 1670/32 1668/32 1662/32
f 1668/32 1666/32 1662/32
f 1666/32 1664/32 1662/32
f 1662/32 1659/32 1660/32
f 1660/32 1671/32 1662/32
f 1671/32 1669/32 1662/32
f 1669/32 1667/32 1665/32
f 1665/32 1663/32 1661/32
f 1661/32 1656/32 1670/32
f 1656/32 1657/32 1670/32
f 1657/32 1658/32 1670/32
f 1669/32 1665/32 1670/32
f 1665/32 1661/32 1670/32
f 1675/32 1627/32 1653/32
f 1645/32 1634/32 1682/32
f 1652/32 1627/32 1675/32
f 1681/32 1633/32 1647/32
f 1674/32 1626/32 1654/32
f 1646/32 1633/32 1681/32
f 1687/32 1639/32 1641/32
f 1653/32 1626/32 1674/32
f 1680/32 1632/32 1648/32
f 1640/32 1639/32 1687/32
f 1673/32 1625/32 1655/32
f 1647/32 1632/32 1680/32
f 1686/32 1638/32 1642/32
f 1654/32 1625/32 1673/32
f 1679/32 1631/32 1649/32
f 1641/32 1638/32 1686/32
f 1672/32 1624/32 1640/32
f 1648/32 1631/32 1679/32
f 1685/32 1637/32 1643/32
f 1655/32 1624/32 1672/32
f 1678/32 1630/32 1650/32
f 1642/32 1637/32 1685/32
f 1649/32 1630/32 1678/32
f 1684/32 1636/32 1644/32
f 1579/32 1691/32 1620/32
f 1586/32 1555/32 1612/32
f 1599/32 1597/32 1570/32
f 1602/32 1565/32 1560/32
f 1600/32 1598/32 1569/32
f 1595/32 1572/32 1570/32
f 1593/32 1605/32 1562/32
f 1604/32 1563/32 1564/32
f 1601/32 1599/32 1568/32
f 1592/32 1575/32 1573/32
f 1755/32 1883/32 1795/32
f 1790/32 1889/32 1761/32
f 1797/32 1882/32 1754/32
f 1761/32 1889/32 1789/32
f 1784/32 1895/32 1767/32
f 1754/32 1882/32 1796/32
f 1791/32 1888/32 1760/32
f 1767/32 1895/32 1799/32
f 1798/32 1881/32 1753/32
f 1760/32 1888/32 1790/32
f 1785/32 1894/32 1766/32
f 1753/32 1881/32 1797/32
f 1792/32 1887/32 1759/32
f 1766/32 1894/32 1784/32
f 1799/32 1880/32 1752/32
f 1759/32 1887/32 1791/32
f 1786/32 1893/32 1765/32
f 1752/32 1880/32 1798/32
f 1793/32 1886/32 1758/32
f 1765/32 1893/32 1785/32
f 1758/32 1886/32 1792/32
f 1787/32 1892/32 1764/32
f 1794/32 1885/32 1757/32
f 1764/32 1892/32 1786/32
f 1757/32 1885/32 1793/32
f 1788/32 1891/32 1763/32
f 1795/32 1884/32 1756/32
f 1763/32 1891/32 1787/32
f 1756/32 1884/32 1794/32
f 1789/32 1890/32 1762/32
f 1831/32 1848/32 1850/32
f 1822/32 1824/32 1855/32
f 1819/32 1860/32 1859/32
f 1830/32 1818/32 1861/32
f 1828/32 1851/32 1853/32
f 1823/32 1825/32 1854/32
f 1816/32 1821/32 1858/32
f 1824/32 1826/32 1853/32
f 1837/32 1868/32 1811/32
f 1844/32 1748/32 1803/32
f 1728/32 1680/32 1840/32
f 1865/32 1721/32 1673/32
f 1729/32 1681/32 1841/32
f 1722/32 1674/32 1834/32
f 1730/32 1682/32 1842/32
f 1723/32 1675/32 1835/32
f 1731/32 1683/32 1843/32
f 1724/32 1676/32 1836/32
f 1732/32 1684/32 1844/32
f 1725/32 1677/32 1837/32
f 1733/32 1685/32 1845/32
f 1726/32 1678/32 1838/32
f 1733/32 1877/32 1846/32
f 1734/32 1686/32 1846/32
f 1727/32 1679/32 1839/32
f 1679/32 1726/32 1870/32
f 1720/32 1672/32 1832/32
f 1672/32 1735/32 1879/32
f 1735/32 1687/32 1847/32
f 1687/32 1734/32 1878/32
f 1727/32 1871/32 1840/32
f 1720/32 1864/32 1833/32
f 1728/32 1872/32 1841/32
f 1721/32 1865/32 1834/32
f 1729/32 1873/32 1842/32
f 1722/32 1866/32 1835/32
f 1730/32 1874/32 1843/32
f 1723/32 1867/32 1836/32
f 1731/32 1875/32 1844/32
f 1724/32 1868/32 1837/32
f 1732/32 1876/32 1845/32
f 1837/32 1741/32 1810/32
f 1843/32 1874/32 1805/32
f 1819/32 1822/32 1857/32
f 1836/32 1867/32 1812/32
f 1843/32 1747/32 1804/32
f 1836/32 1740/32 1811/32
f 1842/32 1873/32 1806/32
f 1816/32 1863/32 1862/32
f 1835/32 1866/32 1813/32
f 1842/32 1746/32 1805/32
f 1835/32 1739/32 1812/32
f 1841/32 1872/32 1807/32
f 1829/32 1850/32 1852/32
f 1834/32 1865/32 1814/32
f 1841/32 1745/32 1806/32
f 1847/32 1878/32 1801/32
f 1834/32 1738/32 1813/32
f 1827/32 1852/32 1854/32
f 1840/32 1871/32 1808/32
f 1847/32 1751/32 1800/32
f 1833/32 1864/32 1815/32
f 1840/32 1744/32 1807/32
f 1821/32 1823/32 1856/32
f 1846/32 1877/32 1802/32
f 1833/32 1737/32 1814/32
f 1839/32 1870/32 1809/32
f 1846/32 1750/32 1801/32
f 1818/32 1817/32 1862/32
f 1832/32 1879/32 1800/32
f 1839/32 1743/32 1808/32
f 1845/32 1876/32 1803/32
f 1832/32 1736/32 1815/32
f 1831/32 1820/32 1859/32
f 1838/32 1869/32 1810/32
f 1845/32 1749/32 1802/32
f 1828/32 1830/32 1849/32
f 1838/32 1742/32 1809/32
f 1796/32 1883/32 1755/32
f 1762/32 1890/32 1788/32
f 1779/32 1768/32 1774/32
f 1768/32 1770/32 1774/32
f 1770/32 1772/32 1774/32
f 1774/32 1776/32 1778/32
f 1778/32 1783/32 1774/32
f 1783/32 1782/32 1774/32
f 1782/32 1781/32 1769/32
f 1769/32 1771/32 1782/32
f 1771/32 1773/32 1782/32
f 1773/32 1775/32 1777/32
f 1777/32 1780/32 1773/32
f 1780/32 1779/32 1773/32
f 1779/32 1774/32 1782/32
f 1714/32 1554/32 1585/32
f 1844/32 1875/32 1804/32
f 2949/32 3061/32 2989/32
f 2984/32 3067/32 2955/32
f 2965/32 2942/32 2944/32
f 2991/32 3060/32 2948/32
f 2955/32 3067/32 2983/32
f 2962/32 2945/32 2934/32
f 2978/32 3073/32 2961/32
f 2948/32 3060/32 2990/32
f 2985/32 3066/32 2954/32
f 2961/32 3073/32 2993/32
f 2932/32 2931/32 2976/32
f 2992/32 3059/32 2947/32
f 2954/32 3066/32 2984/32
f 2979/32 3072/32 2960/32
f 2947/32 3059/32 2991/32
f 2935/32 2937/32 2970/32
f 2986/32 3065/32 2953/32
f 2960/32 3072/32 2978/32
f 2993/32 3058/32 2946/32
f 2953/32 3065/32 2985/32
f 2939/32 2941/32 2966/32
f 2980/32 3071/32 2959/32
f 2946/32 3058/32 2992/32
f 2987/32 3064/32 2952/32
f 2959/32 3071/32 2979/32
f 2941/32 2943/32 2964/32
f 2952/32 3064/32 2986/32
f 2981/32 3070/32 2958/32
f 2988/32 3063/32 2951/32
f 2958/32 3070/32 2980/32
f 2931/32 2930/32 2977/32
f 2951/32 3063/32 2987/32
f 2982/32 3069/32 2957/32
f 2989/32 3062/32 2950/32
f 2957/32 3069/32 2981/32
f 2974/32 2933/32 2936/32
f 2950/32 3062/32 2988/32
f 2983/32 3068/32 2956/32
f 2948/32 2917/32 3077/32
f 3132/32 2956/32 2925/32
f 2949/32 2918/32 3078/32
f 2957/32 2926/32 3086/32
f 2950/32 2919/32 3079/32
f 2958/32 2927/32 3087/32
f 2951/32 2920/32 3080/32
f 2959/32 2928/32 3088/32
f 2952/32 2921/32 3081/32
f 2960/32 2929/32 3089/32
f 2953/32 2922/32 3082/32
f 2915/32 3075/32 3122/32
f 2946/32 3122/32 3074/32
f 2914/32 3074/32 3137/32
f 2961/32 3137/32 3089/32
f 2923/32 3083/32 3130/32
f 2954/32 3130/32 3082/32
f 2947/32 3123/32 3075/32
f 2947/32 2916/32 3076/32
f 2955/32 3131/32 3083/32
f 2948/32 3124/32 3076/32
f 2956/32 3132/32 3084/32
f 2949/32 3125/32 3077/32
f 2957/32 3133/32 3085/32
f 2950/32 3126/32 3078/32
f 2958/32 3134/32 3086/32
f 2951/32 3127/32 3079/32
f 2959/32 3135/32 3087/32
f 2952/32 3128/32 3080/32
f 2960/32 3136/32 3088/32
f 2953/32 3129/32 3081/32
f 3208/32 3239/32 3095/32
f 3047/32 3094/32 3021/32
f 3054/32 3006/32 3013/32
f 3047/32 2999/32 3020/32
f 3053/32 3100/32 3015/32
f 3046/32 3093/32 3022/32
f 3053/32 3005/32 3014/32
f 3046/32 2998/32 3021/32
f 3052/32 3099/32 3016/32
f 3036/32 3038/32 3027/32
f 3038/32 3040/32 3027/32
f 3040/32 3028/32 3027/32
f 3027/32 3026/32 3035/32
f 3026/32 3031/32 3035/32
f 3031/32 3033/32 3035/32
f 3035/32 3037/32 3039/32
f 3039/32 3041/32 3035/32
f 3041/32 3030/32 3035/32
f 3030/32 3029/32 3036/32
f 3029/32 3032/32 3036/32
f 3032/32 3034/32 3036/32
f 3036/32 3027/32 3030/32
f 3045/32 3092/32 3023/32
f 3052/32 3004/32 3015/32
f 3045/32 2997/32 3022/32
f 3051/32 3098/32 3017/32
f 3044/32 3091/32 3024/32
f 3051/32 3003/32 3016/32
f 3057/32 3104/32 3011/32
f 3044/32 2996/32 3023/32
f 3050/32 3097/32 3018/32
f 3057/32 3009/32 3010/32
f 3043/32 3090/32 3025/32
f 3050/32 3002/32 3017/32
f 3056/32 3103/32 3012/32
f 3043/32 2995/32 3024/32
f 3049/32 3096/32 3019/32
f 3056/32 3008/32 3011/32
f 3042/32 3105/32 3010/32
f 3049/32 3001/32 3018/32
f 3055/32 3102/32 3013/32
f 3042/32 2994/32 3025/32
f 3048/32 3095/32 3020/32
f 3055/32 3007/32 3012/32
f 3048/32 3000/32 3019/32
f 3054/32 3101/32 3014/32
f 2990/32 3061/32 2949/32
f 2956/32 3068/32 2982/32
f 2969/32 2938/32 2940/32
f 2930/32 2935/32 2972/32
f 2970/32 2937/32 2939/32
f 2940/32 2942/32 2965/32
f 2963/32 2944/32 2932/32
f 2934/32 2933/32 2974/32
f 2971/32 2936/32 2938/32
f 2943/32 2945/32 2962/32
f 3125/32 3078/32 3165/32
f 3131/32 3259/32 3160/32
f 3124/32 3252/32 3167/32
f 3131/32 3084/32 3159/32
f 3137/32 3265/32 3154/32
f 3124/32 3077/32 3166/32
f 3130/32 3258/32 3161/32
f 3137/32 3074/32 3169/32
f 3123/32 3251/32 3168/32
f 3130/32 3083/32 3160/32
f 3136/32 3264/32 3155/32
f 3123/32 3076/32 3167/32
f 3129/32 3257/32 3162/32
f 3136/32 3089/32 3154/32
f 3122/32 3250/32 3169/32
f 3129/32 3082/32 3161/32
f 3135/32 3263/32 3156/32
f 3122/32 3075/32 3168/32
f 3128/32 3256/32 3163/32
f 3135/32 3088/32 3155/32
f 3128/32 3081/32 3162/32
f 3134/32 3262/32 3157/32
f 3127/32 3255/32 3164/32
f 3134/32 3087/32 3156/32
f 3127/32 3080/32 3163/32
f 3133/32 3261/32 3158/32
f 3126/32 3254/32 3165/32
f 3133/32 3086/32 3157/32
f 3126/32 3079/32 3164/32
f 3132/32 3260/32 3159/32
f 3220/32 3218/32 3201/32
f 3192/32 3227/32 3225/32
f 3229/32 3230/32 3189/32
f 3200/32 3219/32 3231/32
f 3223/32 3221/32 3198/32
f 3193/32 3226/32 3224/32
f 3186/32 3233/32 3228/32
f 3194/32 3225/32 3223/32
f 3207/32 3111/32 3181/32
f 3173/32 3118/32 3214/32
f 3210/32 3050/32 3098/32
f 3235/32 3203/32 3043/32
f 3211/32 3051/32 3099/32
f 3204/32 3044/32 3092/32
f 3212/32 3052/32 3100/32
f 3205/32 3045/32 3093/32
f 3213/32 3053/32 3101/32
f 3206/32 3046/32 3094/32
f 3214/32 3054/32 3102/32
f 3207/32 3047/32 3095/32
f 3215/32 3055/32 3103/32
f 3208/32 3048/32 3096/32
f 3216/32 3247/32 3103/32
f 3216/32 3056/32 3104/32
f 3209/32 3049/32 3097/32
f 3240/32 3096/32 3049/32
f 3202/32 3042/32 3090/32
f 3249/32 3105/32 3042/32
f 3217/32 3057/32 3105/32
f 3248/32 3104/32 3057/32
f 3210/32 3241/32 3097/32
f 3203/32 3234/32 3090/32
f 3211/32 3242/32 3098/32
f 3204/32 3235/32 3091/32
f 3212/32 3243/32 3099/32
f 3205/32 3236/32 3092/32
f 3213/32 3244/32 3100/32
f 3206/32 3237/32 3093/32
f 3214/32 3245/32 3101/32
f 3207/32 3238/32 3094/32
f 3215/32 3246/32 3102/32
f 3180/32 3111/32 3207/32
f 3213/32 3117/32 3175/32
f 3189/32 3230/32 3227/32
f 3206/32 3110/32 3182/32
f 3174/32 3117/32 3213/32
f 3181/32 3110/32 3206/32
f 3212/32 3116/32 3176/32
f 3232/32 3233/32 3186/32
f 3205/32 3109/32 3183/32
f 3175/32 3116/32 3212/32
f 3182/32 3109/32 3205/32
f 3211/32 3115/32 3177/32
f 3222/32 3220/32 3199/32
f 3204/32 3108/32 3184/32
f 3176/32 3115/32 3211/32
f 3217/32 3121/32 3171/32
f 3183/32 3108/32 3204/32
f 3224/32 3222/32 3197/32
f 3210/32 3114/32 3178/32
f 3170/32 3121/32 3217/32
f 3203/32 3107/32 3185/32
f 3177/32 3114/32 3210/32
f 3191/32 3228/32 3226/32
f 3216/32 3120/32 3172/32
f 3184/32 3107/32 3203/32
f 3209/32 3113/32 3179/32
f 3171/32 3120/32 3216/32
f 3188/32 3231/32 3232/32
f 3202/32 3106/32 3170/32
f 3178/32 3113/32 3209/32
f 3215/32 3119/32 3173/32
f 3185/32 3106/32 3202/32
f 3201/32 3218/32 3229/32
f 3208/32 3112/32 3180/32
f 3172/32 3119/32 3215/32
f 3198/32 3221/32 3219/32
f 3179/32 3112/32 3208/32
f 3125/32 3253/32 3166/32
f 3132/32 3085/32 3158/32
f 3140/32 3138/32 3149/32
f 3149/32 3150/32 3140/32
f 3150/32 3147/32 3140/32
f 3147/32 3145/32 3143/32
f 3143/32 3141/32 3147/32
f 3141/32 3139/32 3147/32
f 3139/32 3151/32 3152/32
f 3152/32 3153/32 3148/32
f 3148/32 3146/32 3140/32
f 3146/32 3144/32 3140/32
f 3144/32 3142/32 3140/32
f 3139/32 3152/32 3140/32
f 3152/32 3148/32 3140/32
f 2955/32 2924/32 3084/32
f 3214/32 3118/32 3174/32
